2026-01-10 22:54:24,829 - src.utils.data_utils - INFO - Logging initialized
2026-01-10 22:54:24,830 - src.utils.data_utils - INFO - Created output directory: results\comprehensive_analysis
2026-01-10 23:07:47,282 - src.utils.data_utils - INFO - Logging initialized
2026-01-10 23:07:47,283 - src.utils.data_utils - INFO - Created output directory: results\comprehensive_analysis
2026-01-10 23:10:33,157 - src.utils.data_utils - INFO - Logging initialized
2026-01-10 23:10:33,159 - src.utils.data_utils - INFO - Created output directory: results\comprehensive_analysis
2026-01-10 23:26:39,446 - src.utils.data_utils - INFO - Logging initialized
2026-01-10 23:26:39,446 - src.utils.data_utils - INFO - Created output directory: results\comprehensive_analysis
2026-01-10 23:26:39,472 - src.utils.data_utils - INFO - Loaded configuration from C:\Users\ayushi.priya\Downloads\project2\project2\config\model_config.yaml
2026-01-10 23:26:39,473 - src.models.regime_switching - INFO - Initialized Markov chain with 3 regimes
2026-01-10 23:26:39,473 - src.models.regime_switching - INFO - Initialized regime-switching model with 3 regimes
2026-01-10 23:26:39,474 - src.models.asset_dynamics - INFO - Initialized asset simulator with S0=100.0, r=0.03
2026-01-10 23:26:39,475 - src.analytics.validation - INFO - Testing martingale property with 10000 paths...
2026-01-10 23:26:39,475 - src.models.asset_dynamics - INFO - Validating martingale property...
2026-01-10 23:27:19,389 - src.models.asset_dynamics - INFO - Martingale test: E^Q[S_T e^(-rT)] = 99.1582, S_0 = 100.0000
2026-01-10 23:27:19,389 - src.models.asset_dynamics - INFO - Relative error: -0.84%
2026-01-10 23:27:19,445 - src.analytics.validation - INFO - Testing regime stationarity...
2026-01-10 23:27:38,105 - src.pricing.monte_carlo - INFO - Initialized Monte Carlo engine with 100000 simulations
2026-01-10 23:27:38,105 - src.pricing.monte_carlo - INFO - Pricing Up-And-Out Call Barrier Option using Monte Carlo...
2026-01-10 23:31:45,523 - src.pricing.monte_carlo - INFO - Option price: 2.0479 ± 0.0131
2026-01-10 23:31:45,524 - src.pricing.monte_carlo - INFO - 95% CI: [2.0223, 2.0735]
2026-01-10 23:31:45,575 - src.pricing.monte_carlo - INFO - Pricing European Call using Monte Carlo...
2026-01-11 11:17:57,236 - src.utils.data_utils - INFO - Logging initialized
2026-01-11 11:17:57,237 - src.utils.data_utils - INFO - Created output directory: results\comprehensive_analysis
2026-01-11 11:17:57,250 - src.utils.data_utils - INFO - Loaded configuration from C:\Users\ayushi.priya\Downloads\project2\project2\config\model_config.yaml
2026-01-11 11:17:57,253 - src.models.regime_switching - INFO - Initialized Markov chain with 3 regimes
2026-01-11 11:17:57,253 - src.models.regime_switching - INFO - Initialized regime-switching model with 3 regimes
2026-01-11 11:17:57,255 - src.models.asset_dynamics - INFO - Initialized asset simulator with S0=100.0, r=0.03
2026-01-11 11:17:57,256 - src.analytics.validation - INFO - Testing martingale property with 10000 paths...
2026-01-11 11:17:57,256 - src.models.asset_dynamics - INFO - Validating martingale property...
2026-01-11 11:19:04,049 - src.models.asset_dynamics - INFO - Martingale test: E^Q[S_T e^(-rT)] = 98.8867, S_0 = 100.0000
2026-01-11 11:19:04,050 - src.models.asset_dynamics - INFO - Relative error: -1.11%
2026-01-11 11:19:04,065 - src.analytics.validation - INFO - Testing regime stationarity...
2026-01-11 11:19:37,370 - src.pricing.monte_carlo - INFO - Initialized Monte Carlo engine with 100000 simulations
2026-01-11 11:19:37,371 - src.pricing.monte_carlo - INFO - Pricing Up-And-Out Call Barrier Option using Monte Carlo...
2026-01-11 11:28:56,096 - src.pricing.monte_carlo - INFO - Option price: 2.0479 ± 0.0131
2026-01-11 11:28:56,097 - src.pricing.monte_carlo - INFO - 95% CI: [2.0223, 2.0735]
2026-01-11 11:28:56,138 - src.pricing.monte_carlo - INFO - Pricing European Call using Monte Carlo...
2026-01-11 11:36:44,576 - src.pricing.monte_carlo - INFO - Option price: 7.2772 ± 0.0333
2026-01-11 11:36:44,576 - src.pricing.monte_carlo - INFO - 95% CI: [7.2119, 7.3425]
2026-01-11 11:36:44,615 - src.pricing.monte_carlo - INFO - Pricing Arithmetic Asian Call using Monte Carlo...
2026-01-11 11:46:49,542 - src.pricing.monte_carlo - INFO - Option price: 4.0794 ± 0.0183
2026-01-11 11:46:49,543 - src.pricing.monte_carlo - INFO - 95% CI: [4.0435, 4.1153]
2026-01-11 11:46:49,601 - src.pricing.monte_carlo - INFO - Pricing European Call using Monte Carlo...
2026-01-11 11:55:17,159 - src.pricing.monte_carlo - INFO - Option price: 7.2772 ± 0.0333
2026-01-11 11:55:17,159 - src.pricing.monte_carlo - INFO - 95% CI: [7.2119, 7.3425]
2026-01-11 11:55:17,192 - src.pricing.monte_carlo - INFO - Running convergence analysis...
2026-01-11 11:55:17,193 - src.pricing.monte_carlo - INFO - Pricing Up-And-Out Call Barrier Option using Monte Carlo...
2026-01-11 11:55:20,932 - src.pricing.monte_carlo - INFO - Option price: 2.1447 ± 0.1312
2026-01-11 11:55:20,933 - src.pricing.monte_carlo - INFO - 95% CI: [1.8875, 2.4018]
2026-01-11 11:55:20,934 - src.pricing.monte_carlo - INFO - Pricing Up-And-Out Call Barrier Option using Monte Carlo...
2026-01-11 11:55:40,769 - src.pricing.monte_carlo - INFO - Option price: 2.0354 ± 0.0586
2026-01-11 11:55:40,770 - src.pricing.monte_carlo - INFO - 95% CI: [1.9206, 2.1502]
2026-01-11 11:55:40,773 - src.pricing.monte_carlo - INFO - Pricing Up-And-Out Call Barrier Option using Monte Carlo...
2026-01-11 11:56:19,154 - src.pricing.monte_carlo - INFO - Option price: 2.1054 ± 0.0420
2026-01-11 11:56:19,155 - src.pricing.monte_carlo - INFO - 95% CI: [2.0230, 2.1878]
2026-01-11 11:56:19,158 - src.pricing.monte_carlo - INFO - Pricing Up-And-Out Call Barrier Option using Monte Carlo...
2026-01-11 12:04:17,406 - src.pricing.monte_carlo - INFO - Option price: 2.0657 ± 0.0184
2026-01-11 12:04:17,408 - src.pricing.monte_carlo - INFO - 95% CI: [2.0296, 2.1018]
2026-01-11 12:04:17,442 - src.pricing.monte_carlo - INFO - Pricing Up-And-Out Call Barrier Option using Monte Carlo...
2026-01-11 12:22:02,642 - src.pricing.monte_carlo - INFO - Option price: 2.0479 ± 0.0131
2026-01-11 12:22:02,643 - src.pricing.monte_carlo - INFO - 95% CI: [2.0223, 2.0735]
2026-01-11 12:22:02,772 - src.pricing.monte_carlo - INFO - Pricing Up-And-Out Call Barrier Option using Monte Carlo...
2026-01-11 12:37:58,750 - src.pricing.monte_carlo - INFO - Option price: 2.0586 ± 0.0131
2026-01-11 12:37:58,751 - src.pricing.monte_carlo - INFO - 95% CI: [2.0329, 2.0843]
2026-01-11 12:37:58,836 - src.pricing.monte_carlo - INFO - Pricing Up-And-Out Call Barrier Option using Monte Carlo...
2026-01-11 13:07:17,855 - src.utils.data_utils - INFO - Logging initialized
2026-01-11 13:07:17,857 - src.utils.data_utils - INFO - Created output directory: results\comprehensive_analysis
2026-01-11 13:07:17,896 - src.utils.data_utils - INFO - Loaded configuration from C:\Users\ayushi.priya\Downloads\project2\project2\config\model_config.yaml
2026-01-11 13:07:17,897 - src.models.regime_switching - INFO - Initialized Markov chain with 3 regimes
2026-01-11 13:07:17,898 - src.models.regime_switching - INFO - Initialized regime-switching model with 3 regimes
2026-01-11 13:07:17,900 - src.models.asset_dynamics - INFO - Initialized asset simulator with S0=100.0, r=0.03
2026-01-11 13:07:17,901 - src.analytics.validation - INFO - Testing martingale property with 10000 paths...
2026-01-11 13:07:17,901 - src.models.asset_dynamics - INFO - Validating martingale property...
2026-01-11 13:08:20,509 - src.models.asset_dynamics - INFO - Martingale test: E^Q[S_T e^(-rT)] = 99.1327, S_0 = 100.0000
2026-01-11 13:08:20,509 - src.models.asset_dynamics - INFO - Relative error: -0.87%
2026-01-11 13:08:20,589 - src.analytics.validation - INFO - Testing regime stationarity...
2026-01-11 13:08:51,036 - src.pricing.monte_carlo - INFO - Initialized Monte Carlo engine with 100000 simulations
2026-01-11 13:08:51,036 - src.pricing.monte_carlo - INFO - Pricing Up-And-Out Call Barrier Option using Monte Carlo...
2026-01-11 13:17:22,601 - src.pricing.monte_carlo - INFO - Option price: 2.0479 ± 0.0131
2026-01-11 13:17:22,602 - src.pricing.monte_carlo - INFO - 95% CI: [2.0223, 2.0735]
2026-01-11 13:17:22,666 - src.pricing.monte_carlo - INFO - Pricing European Call using Monte Carlo...
2026-01-11 13:25:47,666 - src.pricing.monte_carlo - INFO - Option price: 7.2772 ± 0.0333
2026-01-11 13:25:47,666 - src.pricing.monte_carlo - INFO - 95% CI: [7.2119, 7.3425]
2026-01-11 13:25:47,708 - src.pricing.monte_carlo - INFO - Pricing Arithmetic Asian Call using Monte Carlo...
2026-01-11 13:33:28,395 - src.pricing.monte_carlo - INFO - Option price: 4.0794 ± 0.0183
2026-01-11 13:33:28,395 - src.pricing.monte_carlo - INFO - 95% CI: [4.0435, 4.1153]
2026-01-11 13:33:28,442 - src.pricing.monte_carlo - INFO - Pricing European Call using Monte Carlo...
2026-01-11 13:42:47,102 - src.pricing.monte_carlo - INFO - Option price: 7.2772 ± 0.0333
2026-01-11 13:42:47,102 - src.pricing.monte_carlo - INFO - 95% CI: [7.2119, 7.3425]
2026-01-11 13:42:47,151 - src.pricing.monte_carlo - INFO - Running convergence analysis...
2026-01-11 13:42:47,153 - src.pricing.monte_carlo - INFO - Pricing Up-And-Out Call Barrier Option using Monte Carlo...
2026-01-11 13:42:52,987 - src.pricing.monte_carlo - INFO - Option price: 2.1447 ± 0.1312
2026-01-11 13:42:52,988 - src.pricing.monte_carlo - INFO - 95% CI: [1.8875, 2.4018]
2026-01-11 13:42:52,990 - src.pricing.monte_carlo - INFO - Pricing Up-And-Out Call Barrier Option using Monte Carlo...
2026-01-11 13:43:24,360 - src.pricing.monte_carlo - INFO - Option price: 2.0354 ± 0.0586
2026-01-11 13:43:24,361 - src.pricing.monte_carlo - INFO - 95% CI: [1.9206, 2.1502]
2026-01-11 13:43:24,364 - src.pricing.monte_carlo - INFO - Pricing Up-And-Out Call Barrier Option using Monte Carlo...
2026-01-11 13:44:26,662 - src.pricing.monte_carlo - INFO - Option price: 2.1054 ± 0.0420
2026-01-11 13:44:26,663 - src.pricing.monte_carlo - INFO - 95% CI: [2.0230, 2.1878]
2026-01-11 13:44:26,669 - src.pricing.monte_carlo - INFO - Pricing Up-And-Out Call Barrier Option using Monte Carlo...
2026-01-11 13:49:12,575 - src.pricing.monte_carlo - INFO - Option price: 2.0657 ± 0.0184
2026-01-11 13:49:12,576 - src.pricing.monte_carlo - INFO - 95% CI: [2.0296, 2.1018]
2026-01-11 13:49:12,602 - src.pricing.monte_carlo - INFO - Pricing Up-And-Out Call Barrier Option using Monte Carlo...
2026-01-11 13:57:46,678 - src.pricing.monte_carlo - INFO - Option price: 2.0479 ± 0.0131
2026-01-11 13:57:46,678 - src.pricing.monte_carlo - INFO - 95% CI: [2.0223, 2.0735]
2026-01-11 13:57:46,715 - src.pricing.monte_carlo - INFO - Pricing Up-And-Out Call Barrier Option using Monte Carlo...
2026-01-11 14:05:56,687 - src.pricing.monte_carlo - INFO - Option price: 2.0586 ± 0.0131
2026-01-11 14:05:56,688 - src.pricing.monte_carlo - INFO - 95% CI: [2.0329, 2.0843]
2026-01-11 14:05:56,728 - src.pricing.monte_carlo - INFO - Pricing Up-And-Out Call Barrier Option using Monte Carlo...
2026-01-11 14:16:03,836 - src.pricing.monte_carlo - INFO - Option price: 2.0293 ± 0.0130
2026-01-11 14:16:03,837 - src.pricing.monte_carlo - INFO - 95% CI: [2.0038, 2.0547]
2026-01-11 14:16:03,876 - src.pricing.monte_carlo - INFO - Pricing Up-And-Out Call Barrier Option using Monte Carlo...
2026-01-11 14:25:01,301 - src.pricing.monte_carlo - INFO - Option price: 2.0213 ± 0.0130
2026-01-11 14:25:01,302 - src.pricing.monte_carlo - INFO - 95% CI: [1.9958, 2.0468]
2026-01-11 14:25:01,346 - src.pricing.monte_carlo - INFO - Pricing Up-And-Out Call Barrier Option using Monte Carlo...
2026-01-11 14:32:30,798 - src.pricing.monte_carlo - INFO - Option price: 2.0536 ± 0.0131
2026-01-11 14:32:30,799 - src.pricing.monte_carlo - INFO - 95% CI: [2.0280, 2.0792]
2026-01-11 14:32:30,851 - src.pricing.monte_carlo - INFO - Pricing Up-And-Out Call Barrier Option using Monte Carlo...
2026-01-11 14:41:59,283 - src.pricing.monte_carlo - INFO - Option price: 2.0936 ± 0.0131
2026-01-11 14:41:59,283 - src.pricing.monte_carlo - INFO - 95% CI: [2.0678, 2.1193]
2026-01-11 14:41:59,330 - src.pricing.monte_carlo - INFO - Greeks computed: Delta=0.0147, Gamma=-0.0079, Vega=-2.6569
2026-01-11 14:41:59,339 - src.hedging.portfolio - INFO - Created hedging portfolio for Up-And-Out Call Barrier Option
2026-01-11 14:41:59,340 - src.hedging.portfolio - INFO - Added Stock to portfolio
2026-01-11 14:41:59,340 - src.hedging.portfolio - INFO - Added Call K=100 to portfolio
2026-01-11 14:41:59,340 - src.hedging.optimization - INFO - Executing dynamic hedge with 50 rebalances...
2026-01-11 14:41:59,345 - src.pricing.monte_carlo - INFO - Initialized Monte Carlo engine with 5000 simulations
2026-01-11 15:51:43,026 - src.utils.data_utils - INFO - Logging initialized
2026-01-11 15:51:43,027 - src.utils.data_utils - INFO - Created output directory: results\comprehensive_analysis
2026-01-11 15:51:43,038 - src.utils.data_utils - INFO - Loaded configuration from C:\Users\ayushi.priya\Downloads\project2\project2\config\model_config.yaml
2026-01-11 15:51:43,039 - src.models.regime_switching - INFO - Initialized Markov chain with 3 regimes
2026-01-11 15:51:43,039 - src.models.regime_switching - INFO - Initialized regime-switching model with 3 regimes
2026-01-11 15:51:43,041 - src.models.asset_dynamics - INFO - Initialized asset simulator with S0=100.0, r=0.03
2026-01-11 15:51:43,041 - src.analytics.validation - INFO - Testing martingale property with 10000 paths...
2026-01-11 15:51:43,041 - src.models.asset_dynamics - INFO - Validating martingale property...
2026-01-11 15:52:57,217 - src.models.asset_dynamics - INFO - Martingale test: E^Q[S_T e^(-rT)] = 98.9109, S_0 = 100.0000
2026-01-11 15:52:57,217 - src.models.asset_dynamics - INFO - Relative error: -1.09%
2026-01-11 15:52:57,234 - src.analytics.validation - INFO - Testing regime stationarity...
2026-01-11 15:54:22,265 - src.pricing.monte_carlo - INFO - Initialized Monte Carlo engine with 100000 simulations
2026-01-11 15:54:22,266 - src.pricing.monte_carlo - INFO - Pricing Up-And-Out Call Barrier Option using Monte Carlo...
2026-01-11 16:07:18,534 - src.pricing.monte_carlo - INFO - Option price: 2.0479 ± 0.0131
2026-01-11 16:07:18,535 - src.pricing.monte_carlo - INFO - 95% CI: [2.0223, 2.0735]
2026-01-11 16:07:18,601 - src.pricing.monte_carlo - INFO - Pricing European Call using Monte Carlo...
2026-01-11 16:15:36,595 - src.pricing.monte_carlo - INFO - Option price: 7.2772 ± 0.0333
2026-01-11 16:15:36,596 - src.pricing.monte_carlo - INFO - 95% CI: [7.2119, 7.3425]
2026-01-11 16:15:36,640 - src.pricing.monte_carlo - INFO - Pricing Arithmetic Asian Call using Monte Carlo...
2026-01-11 16:23:00,455 - src.pricing.monte_carlo - INFO - Option price: 4.0794 ± 0.0183
2026-01-11 16:23:00,456 - src.pricing.monte_carlo - INFO - 95% CI: [4.0435, 4.1153]
2026-01-11 16:23:00,508 - src.pricing.monte_carlo - INFO - Pricing European Call using Monte Carlo...
2026-01-11 16:27:27,296 - src.pricing.monte_carlo - INFO - Option price: 7.2772 ± 0.0333
2026-01-11 16:27:27,297 - src.pricing.monte_carlo - INFO - 95% CI: [7.2119, 7.3425]
2026-01-11 16:27:27,362 - src.pricing.monte_carlo - INFO - Running convergence analysis...
2026-01-11 16:27:27,363 - src.pricing.monte_carlo - INFO - Pricing Up-And-Out Call Barrier Option using Monte Carlo...
2026-01-11 16:27:31,562 - src.pricing.monte_carlo - INFO - Option price: 2.1447 ± 0.1312
2026-01-11 16:27:31,562 - src.pricing.monte_carlo - INFO - 95% CI: [1.8875, 2.4018]
2026-01-11 16:27:31,563 - src.pricing.monte_carlo - INFO - Pricing Up-And-Out Call Barrier Option using Monte Carlo...
2026-01-11 16:27:47,342 - src.pricing.monte_carlo - INFO - Option price: 2.0354 ± 0.0586
2026-01-11 16:27:47,343 - src.pricing.monte_carlo - INFO - 95% CI: [1.9206, 2.1502]
2026-01-11 16:27:47,344 - src.pricing.monte_carlo - INFO - Pricing Up-And-Out Call Barrier Option using Monte Carlo...
2026-01-11 16:28:14,885 - src.pricing.monte_carlo - INFO - Option price: 2.1054 ± 0.0420
2026-01-11 16:28:14,886 - src.pricing.monte_carlo - INFO - 95% CI: [2.0230, 2.1878]
2026-01-11 16:28:14,888 - src.pricing.monte_carlo - INFO - Pricing Up-And-Out Call Barrier Option using Monte Carlo...
2026-01-11 16:30:44,862 - src.pricing.monte_carlo - INFO - Option price: 2.0657 ± 0.0184
2026-01-11 16:30:44,863 - src.pricing.monte_carlo - INFO - 95% CI: [2.0296, 2.1018]
2026-01-11 16:30:44,884 - src.pricing.monte_carlo - INFO - Pricing Up-And-Out Call Barrier Option using Monte Carlo...
2026-01-11 16:35:25,528 - src.pricing.monte_carlo - INFO - Option price: 2.0479 ± 0.0131
2026-01-11 16:35:25,529 - src.pricing.monte_carlo - INFO - 95% CI: [2.0223, 2.0735]
2026-01-11 16:35:25,595 - src.pricing.monte_carlo - INFO - Pricing Up-And-Out Call Barrier Option using Monte Carlo...
2026-01-11 16:40:51,293 - src.pricing.monte_carlo - INFO - Option price: 2.0586 ± 0.0131
2026-01-11 16:40:51,293 - src.pricing.monte_carlo - INFO - 95% CI: [2.0329, 2.0843]
2026-01-11 16:40:51,330 - src.pricing.monte_carlo - INFO - Pricing Up-And-Out Call Barrier Option using Monte Carlo...
2026-01-11 16:45:34,219 - src.pricing.monte_carlo - INFO - Option price: 2.0293 ± 0.0130
2026-01-11 16:45:34,220 - src.pricing.monte_carlo - INFO - 95% CI: [2.0038, 2.0547]
2026-01-11 16:45:34,406 - src.pricing.monte_carlo - INFO - Pricing Up-And-Out Call Barrier Option using Monte Carlo...
2026-01-11 16:51:16,321 - src.pricing.monte_carlo - INFO - Option price: 2.0213 ± 0.0130
2026-01-11 16:51:16,323 - src.pricing.monte_carlo - INFO - 95% CI: [1.9958, 2.0468]
2026-01-11 16:51:16,469 - src.pricing.monte_carlo - INFO - Pricing Up-And-Out Call Barrier Option using Monte Carlo...
2026-01-11 16:57:07,501 - src.pricing.monte_carlo - INFO - Option price: 2.0536 ± 0.0131
2026-01-11 16:57:07,502 - src.pricing.monte_carlo - INFO - 95% CI: [2.0280, 2.0792]
2026-01-11 16:57:07,597 - src.pricing.monte_carlo - INFO - Pricing Up-And-Out Call Barrier Option using Monte Carlo...
2026-01-11 17:02:48,223 - src.pricing.monte_carlo - INFO - Option price: 2.0936 ± 0.0131
2026-01-11 17:02:48,223 - src.pricing.monte_carlo - INFO - 95% CI: [2.0678, 2.1193]
2026-01-11 17:02:48,338 - src.pricing.monte_carlo - INFO - Greeks computed: Delta=0.0147, Gamma=-0.0079, Vega=-2.6569
2026-01-11 17:02:48,376 - src.hedging.portfolio - INFO - Created hedging portfolio for Up-And-Out Call Barrier Option
2026-01-11 17:02:48,377 - src.hedging.portfolio - INFO - Added Stock to portfolio
2026-01-11 17:02:48,377 - src.hedging.portfolio - INFO - Added Call K=100 to portfolio
2026-01-11 17:02:48,378 - src.hedging.optimization - INFO - Executing dynamic hedge with 50 rebalances...
2026-01-11 17:02:48,379 - src.pricing.monte_carlo - INFO - Initialized Monte Carlo engine with 5000 simulations
2026-01-14 21:59:11,325 - src.utils.data_utils - INFO - Logging initialized
2026-01-14 21:59:11,326 - src.utils.data_utils - INFO - Created output directory: results\comprehensive_analysis
2026-01-14 21:59:11,377 - src.utils.data_utils - INFO - Loaded configuration from C:\Users\ayushi.priya\Downloads\project2\project2\config\model_config.yaml
2026-01-14 21:59:11,378 - src.models.regime_switching - INFO - Initialized Markov chain with 3 regimes
2026-01-14 21:59:11,379 - src.models.regime_switching - INFO - Initialized regime-switching model with 3 regimes
2026-01-14 21:59:11,383 - src.models.asset_dynamics - INFO - Initialized asset simulator with S0=100.0, r=0.03
2026-01-14 21:59:11,383 - src.analytics.validation - INFO - Testing martingale property with 10000 paths...
2026-01-14 21:59:11,384 - src.models.asset_dynamics - INFO - Validating martingale property...
2026-01-14 22:01:57,283 - src.models.asset_dynamics - INFO - Martingale test: E^Q[S_T e^(-rT)] = 99.1703, S_0 = 100.0000
2026-01-14 22:01:57,285 - src.models.asset_dynamics - INFO - Relative error: -0.83%
2026-01-14 22:01:57,379 - src.analytics.validation - INFO - Testing regime stationarity...
2026-01-14 22:02:53,479 - src.pricing.monte_carlo - INFO - Initialized Monte Carlo engine with 100000 simulations
2026-01-14 22:02:53,480 - src.pricing.monte_carlo - INFO - Pricing Up-And-Out Call Barrier Option using Monte Carlo...
2026-01-14 22:14:08,251 - src.pricing.monte_carlo - INFO - Option price: 2.0479 ± 0.0131
2026-01-14 22:14:08,257 - src.pricing.monte_carlo - INFO - 95% CI: [2.0223, 2.0735]
2026-01-14 22:14:08,310 - src.pricing.monte_carlo - INFO - Pricing European Call using Monte Carlo...
2026-01-14 22:22:19,891 - src.pricing.monte_carlo - INFO - Option price: 7.2772 ± 0.0333
2026-01-14 22:22:19,891 - src.pricing.monte_carlo - INFO - 95% CI: [7.2119, 7.3425]
2026-01-14 22:22:19,939 - src.pricing.monte_carlo - INFO - Pricing Arithmetic Asian Call using Monte Carlo...
2026-01-14 22:30:25,850 - src.pricing.monte_carlo - INFO - Option price: 4.0794 ± 0.0183
2026-01-14 22:30:25,852 - src.pricing.monte_carlo - INFO - 95% CI: [4.0435, 4.1153]
2026-01-14 22:30:25,905 - src.pricing.monte_carlo - INFO - Pricing European Call using Monte Carlo...
2026-01-14 22:40:13,544 - src.pricing.monte_carlo - INFO - Option price: 7.2772 ± 0.0333
2026-01-14 22:40:13,545 - src.pricing.monte_carlo - INFO - 95% CI: [7.2119, 7.3425]
2026-01-14 22:40:13,625 - src.pricing.monte_carlo - INFO - Running convergence analysis...
2026-01-14 22:40:13,627 - src.pricing.monte_carlo - INFO - Pricing Up-And-Out Call Barrier Option using Monte Carlo...
2026-01-14 22:40:19,005 - src.pricing.monte_carlo - INFO - Option price: 2.1447 ± 0.1312
2026-01-14 22:40:19,006 - src.pricing.monte_carlo - INFO - 95% CI: [1.8875, 2.4018]
2026-01-14 22:40:19,008 - src.pricing.monte_carlo - INFO - Pricing Up-And-Out Call Barrier Option using Monte Carlo...
2026-01-14 22:40:44,035 - src.pricing.monte_carlo - INFO - Option price: 2.0354 ± 0.0586
2026-01-14 22:40:44,036 - src.pricing.monte_carlo - INFO - 95% CI: [1.9206, 2.1502]
2026-01-14 22:40:44,040 - src.pricing.monte_carlo - INFO - Pricing Up-And-Out Call Barrier Option using Monte Carlo...
2026-01-14 22:41:42,719 - src.pricing.monte_carlo - INFO - Option price: 2.1054 ± 0.0420
2026-01-14 22:41:42,720 - src.pricing.monte_carlo - INFO - 95% CI: [2.0230, 2.1878]
2026-01-14 22:41:42,725 - src.pricing.monte_carlo - INFO - Pricing Up-And-Out Call Barrier Option using Monte Carlo...
2026-01-14 22:45:05,707 - src.pricing.monte_carlo - INFO - Option price: 2.0657 ± 0.0184
2026-01-14 22:45:05,708 - src.pricing.monte_carlo - INFO - 95% CI: [2.0296, 2.1018]
2026-01-14 22:45:05,739 - src.pricing.monte_carlo - INFO - Pricing Up-And-Out Call Barrier Option using Monte Carlo...
2026-01-14 22:54:23,300 - src.pricing.monte_carlo - INFO - Option price: 2.0479 ± 0.0131
2026-01-14 22:54:23,301 - src.pricing.monte_carlo - INFO - 95% CI: [2.0223, 2.0735]
2026-01-14 22:54:23,358 - src.pricing.monte_carlo - INFO - Pricing Up-And-Out Call Barrier Option using Monte Carlo...
2026-01-14 23:04:09,077 - src.pricing.monte_carlo - INFO - Option price: 2.0586 ± 0.0131
2026-01-14 23:04:09,078 - src.pricing.monte_carlo - INFO - 95% CI: [2.0329, 2.0843]
2026-01-14 23:04:09,165 - src.pricing.monte_carlo - INFO - Pricing Up-And-Out Call Barrier Option using Monte Carlo...
2026-01-14 23:13:15,931 - src.pricing.monte_carlo - INFO - Option price: 2.0293 ± 0.0130
2026-01-14 23:13:15,932 - src.pricing.monte_carlo - INFO - 95% CI: [2.0038, 2.0547]
2026-01-14 23:13:15,986 - src.pricing.monte_carlo - INFO - Pricing Up-And-Out Call Barrier Option using Monte Carlo...
2026-01-14 23:22:23,557 - src.pricing.monte_carlo - INFO - Option price: 2.0213 ± 0.0130
2026-01-14 23:22:23,558 - src.pricing.monte_carlo - INFO - 95% CI: [1.9958, 2.0468]
2026-01-14 23:22:23,639 - src.pricing.monte_carlo - INFO - Pricing Up-And-Out Call Barrier Option using Monte Carlo...
2026-01-14 23:30:10,566 - src.pricing.monte_carlo - INFO - Option price: 2.0536 ± 0.0131
2026-01-14 23:30:10,566 - src.pricing.monte_carlo - INFO - 95% CI: [2.0280, 2.0792]
2026-01-14 23:30:10,663 - src.pricing.monte_carlo - INFO - Pricing Up-And-Out Call Barrier Option using Monte Carlo...
2026-01-15 12:08:34,361 - src.utils.data_utils - INFO - Logging initialized
2026-01-15 12:08:34,362 - src.utils.data_utils - INFO - Created output directory: results\comprehensive_analysis
2026-01-15 12:08:34,373 - src.utils.data_utils - INFO - Loaded configuration from C:\Users\ayushi.priya\Downloads\project2\project2\config\model_config.yaml
2026-01-15 12:08:34,374 - src.models.regime_switching - INFO - Initialized Markov chain with 3 regimes
2026-01-15 12:08:34,375 - src.models.regime_switching - INFO - Initialized regime-switching model with 3 regimes
2026-01-15 12:08:34,381 - src.models.asset_dynamics - INFO - Initialized asset simulator with S0=100.0, r=0.03
2026-01-15 12:08:34,382 - src.analytics.validation - INFO - Testing martingale property with 10000 paths...
2026-01-15 12:08:34,383 - src.models.asset_dynamics - INFO - Validating martingale property...
2026-01-15 12:09:36,152 - src.models.asset_dynamics - INFO - Martingale test: E^Q[S_T e^(-rT)] = 99.0038, S_0 = 100.0000
2026-01-15 12:09:36,153 - src.models.asset_dynamics - INFO - Relative error: -1.00%
2026-01-15 12:09:36,178 - src.analytics.validation - INFO - Testing regime stationarity...
2026-01-15 12:10:06,711 - src.pricing.monte_carlo - INFO - Initialized Monte Carlo engine with 100000 simulations
2026-01-15 12:10:06,712 - src.pricing.monte_carlo - INFO - Pricing Up-And-Out Call Barrier Option using Monte Carlo...
2026-01-15 12:17:17,320 - src.pricing.monte_carlo - INFO - Option price: 2.0479 ± 0.0131
2026-01-15 12:17:17,321 - src.pricing.monte_carlo - INFO - 95% CI: [2.0223, 2.0735]
2026-01-15 12:17:17,403 - src.pricing.monte_carlo - INFO - Pricing European Call using Monte Carlo...
2026-01-15 12:23:29,836 - src.pricing.monte_carlo - INFO - Option price: 7.2772 ± 0.0333
2026-01-15 12:23:29,837 - src.pricing.monte_carlo - INFO - 95% CI: [7.2119, 7.3425]
2026-01-15 12:23:29,861 - src.pricing.monte_carlo - INFO - Pricing Arithmetic Asian Call using Monte Carlo...
2026-01-15 12:27:35,584 - src.pricing.monte_carlo - INFO - Option price: 4.0794 ± 0.0183
2026-01-15 12:27:35,584 - src.pricing.monte_carlo - INFO - 95% CI: [4.0435, 4.1153]
2026-01-15 12:27:35,618 - src.pricing.monte_carlo - INFO - Pricing European Call using Monte Carlo...
2026-01-15 12:31:40,252 - src.pricing.monte_carlo - INFO - Option price: 7.2772 ± 0.0333
2026-01-15 12:31:40,252 - src.pricing.monte_carlo - INFO - 95% CI: [7.2119, 7.3425]
2026-01-15 12:31:40,271 - src.pricing.monte_carlo - INFO - Running convergence analysis...
2026-01-15 12:31:40,272 - src.pricing.monte_carlo - INFO - Pricing Up-And-Out Call Barrier Option using Monte Carlo...
2026-01-15 12:31:42,749 - src.pricing.monte_carlo - INFO - Option price: 2.1447 ± 0.1312
2026-01-15 12:31:42,750 - src.pricing.monte_carlo - INFO - 95% CI: [1.8875, 2.4018]
2026-01-15 12:31:42,751 - src.pricing.monte_carlo - INFO - Pricing Up-And-Out Call Barrier Option using Monte Carlo...
2026-01-15 12:31:54,854 - src.pricing.monte_carlo - INFO - Option price: 2.0354 ± 0.0586
2026-01-15 12:31:54,861 - src.pricing.monte_carlo - INFO - 95% CI: [1.9206, 2.1502]
2026-01-15 12:31:54,872 - src.pricing.monte_carlo - INFO - Pricing Up-And-Out Call Barrier Option using Monte Carlo...
2026-01-15 12:32:19,228 - src.pricing.monte_carlo - INFO - Option price: 2.1054 ± 0.0420
2026-01-15 12:32:19,229 - src.pricing.monte_carlo - INFO - 95% CI: [2.0230, 2.1878]
2026-01-15 12:32:19,231 - src.pricing.monte_carlo - INFO - Pricing Up-And-Out Call Barrier Option using Monte Carlo...
2026-01-15 12:34:24,464 - src.pricing.monte_carlo - INFO - Option price: 2.0657 ± 0.0184
2026-01-15 12:34:24,465 - src.pricing.monte_carlo - INFO - 95% CI: [2.0296, 2.1018]
2026-01-15 12:34:24,474 - src.pricing.monte_carlo - INFO - Pricing Up-And-Out Call Barrier Option using Monte Carlo...
2026-01-15 12:38:34,597 - src.pricing.monte_carlo - INFO - Option price: 2.0479 ± 0.0131
2026-01-15 12:38:34,598 - src.pricing.monte_carlo - INFO - 95% CI: [2.0223, 2.0735]
2026-01-15 12:38:34,631 - src.pricing.monte_carlo - INFO - Pricing Up-And-Out Call Barrier Option using Monte Carlo...
2026-01-15 12:42:39,687 - src.pricing.monte_carlo - INFO - Option price: 2.0586 ± 0.0131
2026-01-15 12:42:39,688 - src.pricing.monte_carlo - INFO - 95% CI: [2.0329, 2.0843]
2026-01-15 12:42:39,725 - src.pricing.monte_carlo - INFO - Pricing Up-And-Out Call Barrier Option using Monte Carlo...
2026-01-15 12:46:47,125 - src.pricing.monte_carlo - INFO - Option price: 2.0293 ± 0.0130
2026-01-15 12:46:47,125 - src.pricing.monte_carlo - INFO - 95% CI: [2.0038, 2.0547]
2026-01-15 12:46:47,153 - src.pricing.monte_carlo - INFO - Pricing Up-And-Out Call Barrier Option using Monte Carlo...
2026-01-15 12:50:49,909 - src.pricing.monte_carlo - INFO - Option price: 2.0213 ± 0.0130
2026-01-15 12:50:49,909 - src.pricing.monte_carlo - INFO - 95% CI: [1.9958, 2.0468]
2026-01-15 12:50:49,944 - src.pricing.monte_carlo - INFO - Pricing Up-And-Out Call Barrier Option using Monte Carlo...
2026-01-15 12:54:55,426 - src.pricing.monte_carlo - INFO - Option price: 2.0536 ± 0.0131
2026-01-15 12:54:55,426 - src.pricing.monte_carlo - INFO - 95% CI: [2.0280, 2.0792]
2026-01-15 12:54:55,443 - src.pricing.monte_carlo - INFO - Pricing Up-And-Out Call Barrier Option using Monte Carlo...
2026-01-15 12:58:59,844 - src.pricing.monte_carlo - INFO - Option price: 2.0936 ± 0.0131
2026-01-15 12:58:59,846 - src.pricing.monte_carlo - INFO - 95% CI: [2.0678, 2.1193]
2026-01-15 12:58:59,877 - src.pricing.monte_carlo - INFO - Greeks computed: Delta=0.0147, Gamma=-0.0079, Vega=-2.6569
2026-01-15 12:58:59,911 - src.hedging.portfolio - INFO - Created hedging portfolio for Up-And-Out Call Barrier Option
2026-01-15 12:58:59,911 - src.hedging.portfolio - INFO - Added Stock to portfolio
2026-01-15 12:58:59,911 - src.hedging.portfolio - INFO - Added Call K=100 to portfolio
2026-01-15 12:58:59,911 - src.hedging.optimization - INFO - Executing dynamic hedge with 50 rebalances...
2026-01-15 12:58:59,912 - src.pricing.monte_carlo - INFO - Initialized Monte Carlo engine with 5000 simulations
2026-01-15 12:58:59,912 - src.pricing.monte_carlo - INFO - Pricing Up-And-Out Call Barrier Option using Monte Carlo...
2026-01-15 12:59:12,136 - src.pricing.monte_carlo - INFO - Option price: 1.9700 ± 0.0571
2026-01-15 12:59:12,137 - src.pricing.monte_carlo - INFO - 95% CI: [1.8582, 2.0818]
2026-01-15 12:59:12,138 - src.pricing.monte_carlo - INFO - Pricing Up-And-Out Call Barrier Option using Monte Carlo...
2026-01-15 12:59:24,524 - src.pricing.monte_carlo - INFO - Option price: 1.9999 ± 0.0580
2026-01-15 12:59:24,524 - src.pricing.monte_carlo - INFO - 95% CI: [1.8863, 2.1136]
2026-01-15 12:59:24,526 - src.pricing.monte_carlo - INFO - Pricing Up-And-Out Call Barrier Option using Monte Carlo...
2026-01-15 12:59:36,804 - src.pricing.monte_carlo - INFO - Option price: 2.0873 ± 0.0582
2026-01-15 12:59:36,804 - src.pricing.monte_carlo - INFO - 95% CI: [1.9733, 2.2013]
2026-01-15 12:59:36,805 - src.pricing.monte_carlo - INFO - Pricing Up-And-Out Call Barrier Option using Monte Carlo...
2026-01-15 12:59:49,202 - src.pricing.monte_carlo - INFO - Option price: 1.9891 ± 0.0573
2026-01-15 12:59:49,202 - src.pricing.monte_carlo - INFO - 95% CI: [1.8768, 2.1015]
2026-01-15 12:59:49,203 - src.pricing.monte_carlo - INFO - Pricing Up-And-Out Call Barrier Option using Monte Carlo...
2026-01-15 13:00:01,398 - src.pricing.monte_carlo - INFO - Option price: 2.1412 ± 0.0600
2026-01-15 13:00:01,398 - src.pricing.monte_carlo - INFO - 95% CI: [2.0237, 2.2587]
2026-01-15 13:00:01,399 - src.pricing.monte_carlo - INFO - Pricing Up-And-Out Call Barrier Option using Monte Carlo...
2026-01-15 13:00:13,862 - src.pricing.monte_carlo - INFO - Option price: 2.1660 ± 0.0593
2026-01-15 13:00:13,862 - src.pricing.monte_carlo - INFO - 95% CI: [2.0497, 2.2823]
2026-01-15 13:00:13,863 - src.pricing.monte_carlo - INFO - Greeks computed: Delta=-0.0437, Gamma=0.1472, Vega=1.9143
2026-01-15 13:00:13,864 - src.pricing.monte_carlo - INFO - Initialized Monte Carlo engine with 5000 simulations
2026-01-15 13:00:13,864 - src.pricing.monte_carlo - INFO - Pricing Up-And-Out Call Barrier Option using Monte Carlo...
2026-01-15 13:00:26,112 - src.pricing.monte_carlo - INFO - Option price: 2.0296 ± 0.0574
2026-01-15 13:00:26,113 - src.pricing.monte_carlo - INFO - 95% CI: [1.9171, 2.1421]
2026-01-15 13:00:26,114 - src.pricing.monte_carlo - INFO - Pricing Up-And-Out Call Barrier Option using Monte Carlo...
2026-01-15 13:00:38,277 - src.pricing.monte_carlo - INFO - Option price: 2.1376 ± 0.0597
2026-01-15 13:00:38,278 - src.pricing.monte_carlo - INFO - 95% CI: [2.0206, 2.2546]
2026-01-15 13:00:38,279 - src.pricing.monte_carlo - INFO - Pricing Up-And-Out Call Barrier Option using Monte Carlo...
2026-01-15 13:00:50,314 - src.pricing.monte_carlo - INFO - Option price: 2.0335 ± 0.0578
2026-01-15 13:00:50,314 - src.pricing.monte_carlo - INFO - 95% CI: [1.9202, 2.1469]
2026-01-15 13:00:50,316 - src.pricing.monte_carlo - INFO - Pricing Up-And-Out Call Barrier Option using Monte Carlo...
2026-01-15 13:01:02,455 - src.pricing.monte_carlo - INFO - Option price: 2.0724 ± 0.0591
2026-01-15 13:01:02,456 - src.pricing.monte_carlo - INFO - 95% CI: [1.9566, 2.1883]
2026-01-15 13:01:02,457 - src.pricing.monte_carlo - INFO - Pricing Up-And-Out Call Barrier Option using Monte Carlo...
2026-01-15 13:01:14,540 - src.pricing.monte_carlo - INFO - Option price: 2.0624 ± 0.0583
2026-01-15 13:01:14,541 - src.pricing.monte_carlo - INFO - 95% CI: [1.9481, 2.1767]
2026-01-15 13:01:14,542 - src.pricing.monte_carlo - INFO - Pricing Up-And-Out Call Barrier Option using Monte Carlo...
2026-01-15 13:01:26,719 - src.pricing.monte_carlo - INFO - Option price: 2.1427 ± 0.0600
2026-01-15 13:01:26,719 - src.pricing.monte_carlo - INFO - 95% CI: [2.0250, 2.2603]
2026-01-15 13:01:26,721 - src.pricing.monte_carlo - INFO - Greeks computed: Delta=0.0521, Gamma=0.1119, Vega=4.2815
2026-01-15 13:01:26,721 - src.pricing.monte_carlo - INFO - Initialized Monte Carlo engine with 5000 simulations
2026-01-15 13:01:26,721 - src.pricing.monte_carlo - INFO - Pricing Up-And-Out Call Barrier Option using Monte Carlo...
2026-01-15 13:01:38,820 - src.pricing.monte_carlo - INFO - Option price: 2.1907 ± 0.0612
2026-01-15 13:01:38,820 - src.pricing.monte_carlo - INFO - 95% CI: [2.0708, 2.3106]
2026-01-15 13:01:38,821 - src.pricing.monte_carlo - INFO - Pricing Up-And-Out Call Barrier Option using Monte Carlo...
2026-01-15 13:01:50,953 - src.pricing.monte_carlo - INFO - Option price: 1.9957 ± 0.0580
2026-01-15 13:01:50,954 - src.pricing.monte_carlo - INFO - 95% CI: [1.8821, 2.1092]
2026-01-15 13:01:50,956 - src.pricing.monte_carlo - INFO - Pricing Up-And-Out Call Barrier Option using Monte Carlo...
2026-01-15 13:02:03,199 - src.pricing.monte_carlo - INFO - Option price: 2.0021 ± 0.0577
2026-01-15 13:02:03,199 - src.pricing.monte_carlo - INFO - 95% CI: [1.8889, 2.1152]
2026-01-15 13:02:03,201 - src.pricing.monte_carlo - INFO - Pricing Up-And-Out Call Barrier Option using Monte Carlo...
2026-01-15 13:02:15,553 - src.pricing.monte_carlo - INFO - Option price: 2.0493 ± 0.0587
2026-01-15 13:02:15,553 - src.pricing.monte_carlo - INFO - 95% CI: [1.9342, 2.1643]
2026-01-15 13:02:15,554 - src.pricing.monte_carlo - INFO - Pricing Up-And-Out Call Barrier Option using Monte Carlo...
2026-01-15 13:02:27,909 - src.pricing.monte_carlo - INFO - Option price: 2.0418 ± 0.0583
2026-01-15 13:02:27,910 - src.pricing.monte_carlo - INFO - 95% CI: [1.9274, 2.1562]
2026-01-15 13:02:27,912 - src.pricing.monte_carlo - INFO - Pricing Up-And-Out Call Barrier Option using Monte Carlo...
2026-01-15 13:02:40,468 - src.pricing.monte_carlo - INFO - Option price: 1.9888 ± 0.0571
2026-01-15 13:02:40,468 - src.pricing.monte_carlo - INFO - 95% CI: [1.8769, 2.1007]
2026-01-15 13:02:40,469 - src.pricing.monte_carlo - INFO - Greeks computed: Delta=-0.0032, Gamma=-0.3836, Vega=-14.1395
2026-01-15 13:02:40,470 - src.pricing.monte_carlo - INFO - Initialized Monte Carlo engine with 5000 simulations
2026-01-15 13:02:40,470 - src.pricing.monte_carlo - INFO - Pricing Up-And-Out Call Barrier Option using Monte Carlo...
2026-01-15 13:02:52,771 - src.pricing.monte_carlo - INFO - Option price: 2.0366 ± 0.0583
2026-01-15 13:02:52,771 - src.pricing.monte_carlo - INFO - 95% CI: [1.9223, 2.1510]
2026-01-15 13:02:52,772 - src.pricing.monte_carlo - INFO - Pricing Up-And-Out Call Barrier Option using Monte Carlo...
2026-01-15 13:03:04,970 - src.pricing.monte_carlo - INFO - Option price: 2.0623 ± 0.0588
2026-01-15 13:03:04,971 - src.pricing.monte_carlo - INFO - 95% CI: [1.9470, 2.1775]
2026-01-15 13:03:04,972 - src.pricing.monte_carlo - INFO - Pricing Up-And-Out Call Barrier Option using Monte Carlo...
2026-01-15 13:03:17,027 - src.pricing.monte_carlo - INFO - Option price: 2.0845 ± 0.0585
2026-01-15 13:03:17,028 - src.pricing.monte_carlo - INFO - 95% CI: [1.9698, 2.1992]
2026-01-15 13:03:17,029 - src.pricing.monte_carlo - INFO - Pricing Up-And-Out Call Barrier Option using Monte Carlo...
2026-01-15 13:03:29,074 - src.pricing.monte_carlo - INFO - Option price: 2.0137 ± 0.0574
2026-01-15 13:03:29,074 - src.pricing.monte_carlo - INFO - 95% CI: [1.9013, 2.1262]
2026-01-15 13:03:29,076 - src.pricing.monte_carlo - INFO - Pricing Up-And-Out Call Barrier Option using Monte Carlo...
2026-01-15 13:03:41,331 - src.pricing.monte_carlo - INFO - Option price: 2.0275 ± 0.0580
2026-01-15 13:03:41,332 - src.pricing.monte_carlo - INFO - 95% CI: [1.9139, 2.1411]
2026-01-15 13:03:41,333 - src.pricing.monte_carlo - INFO - Pricing Up-And-Out Call Barrier Option using Monte Carlo...
2026-01-15 13:03:53,719 - src.pricing.monte_carlo - INFO - Option price: 2.1402 ± 0.0589
2026-01-15 13:03:53,720 - src.pricing.monte_carlo - INFO - 95% CI: [2.0248, 2.2557]
2026-01-15 13:03:53,721 - src.pricing.monte_carlo - INFO - Greeks computed: Delta=-0.0111, Gamma=0.0735, Vega=-2.2892
2026-01-15 13:03:53,722 - src.pricing.monte_carlo - INFO - Initialized Monte Carlo engine with 5000 simulations
2026-01-15 13:03:53,722 - src.pricing.monte_carlo - INFO - Pricing Up-And-Out Call Barrier Option using Monte Carlo...
2026-01-15 13:04:06,126 - src.pricing.monte_carlo - INFO - Option price: 1.9809 ± 0.0570
2026-01-15 13:04:06,126 - src.pricing.monte_carlo - INFO - 95% CI: [1.8691, 2.0927]
2026-01-15 13:04:06,127 - src.pricing.monte_carlo - INFO - Pricing Up-And-Out Call Barrier Option using Monte Carlo...
2026-01-15 13:04:18,944 - src.pricing.monte_carlo - INFO - Option price: 2.0254 ± 0.0587
2026-01-15 13:04:18,945 - src.pricing.monte_carlo - INFO - 95% CI: [1.9103, 2.1404]
2026-01-15 13:04:18,946 - src.pricing.monte_carlo - INFO - Pricing Up-And-Out Call Barrier Option using Monte Carlo...
2026-01-15 13:04:31,350 - src.pricing.monte_carlo - INFO - Option price: 2.0873 ± 0.0591
2026-01-15 13:04:31,350 - src.pricing.monte_carlo - INFO - 95% CI: [1.9715, 2.2031]
2026-01-15 13:04:31,352 - src.pricing.monte_carlo - INFO - Pricing Up-And-Out Call Barrier Option using Monte Carlo...
2026-01-15 13:04:44,191 - src.pricing.monte_carlo - INFO - Option price: 1.9648 ± 0.0577
2026-01-15 13:04:44,191 - src.pricing.monte_carlo - INFO - 95% CI: [1.8518, 2.0779]
2026-01-15 13:04:44,192 - src.pricing.monte_carlo - INFO - Pricing Up-And-Out Call Barrier Option using Monte Carlo...
2026-01-15 13:04:56,973 - src.pricing.monte_carlo - INFO - Option price: 2.1058 ± 0.0593
2026-01-15 13:04:56,974 - src.pricing.monte_carlo - INFO - 95% CI: [1.9896, 2.2220]
2026-01-15 13:04:56,975 - src.pricing.monte_carlo - INFO - Pricing Up-And-Out Call Barrier Option using Monte Carlo...
2026-01-15 13:05:09,419 - src.pricing.monte_carlo - INFO - Option price: 2.1229 ± 0.0597
2026-01-15 13:05:09,419 - src.pricing.monte_carlo - INFO - 95% CI: [2.0059, 2.2398]
2026-01-15 13:05:09,420 - src.pricing.monte_carlo - INFO - Greeks computed: Delta=-0.0310, Gamma=0.1508, Vega=-1.6082
2026-01-15 13:05:09,421 - src.pricing.monte_carlo - INFO - Initialized Monte Carlo engine with 5000 simulations
2026-01-15 13:05:09,421 - src.pricing.monte_carlo - INFO - Pricing Up-And-Out Call Barrier Option using Monte Carlo...
2026-01-15 13:05:21,945 - src.pricing.monte_carlo - INFO - Option price: 1.9914 ± 0.0575
2026-01-15 13:05:21,946 - src.pricing.monte_carlo - INFO - 95% CI: [1.8787, 2.1042]
2026-01-15 13:05:21,948 - src.pricing.monte_carlo - INFO - Pricing Up-And-Out Call Barrier Option using Monte Carlo...
2026-01-15 13:05:34,588 - src.pricing.monte_carlo - INFO - Option price: 2.0588 ± 0.0589
2026-01-15 13:05:34,589 - src.pricing.monte_carlo - INFO - 95% CI: [1.9433, 2.1743]
2026-01-15 13:05:34,591 - src.pricing.monte_carlo - INFO - Pricing Up-And-Out Call Barrier Option using Monte Carlo...
2026-01-15 13:05:47,274 - src.pricing.monte_carlo - INFO - Option price: 2.0095 ± 0.0586
2026-01-15 13:05:47,275 - src.pricing.monte_carlo - INFO - 95% CI: [1.8946, 2.1244]
2026-01-15 13:05:47,277 - src.pricing.monte_carlo - INFO - Pricing Up-And-Out Call Barrier Option using Monte Carlo...
2026-01-15 13:05:59,841 - src.pricing.monte_carlo - INFO - Option price: 2.0200 ± 0.0584
2026-01-15 13:05:59,841 - src.pricing.monte_carlo - INFO - 95% CI: [1.9054, 2.1345]
2026-01-15 13:05:59,844 - src.pricing.monte_carlo - INFO - Pricing Up-And-Out Call Barrier Option using Monte Carlo...
2026-01-15 13:06:12,324 - src.pricing.monte_carlo - INFO - Option price: 2.0290 ± 0.0587
2026-01-15 13:06:12,325 - src.pricing.monte_carlo - INFO - 95% CI: [1.9141, 2.1440]
2026-01-15 13:06:12,326 - src.pricing.monte_carlo - INFO - Pricing Up-And-Out Call Barrier Option using Monte Carlo...
2026-01-15 13:06:24,552 - src.pricing.monte_carlo - INFO - Option price: 2.1555 ± 0.0589
2026-01-15 13:06:24,553 - src.pricing.monte_carlo - INFO - 95% CI: [2.0401, 2.2710]
2026-01-15 13:06:24,555 - src.pricing.monte_carlo - INFO - Greeks computed: Delta=0.0246, Gamma=0.0855, Vega=2.8567
2026-01-15 13:06:24,556 - src.pricing.monte_carlo - INFO - Initialized Monte Carlo engine with 5000 simulations
2026-01-15 13:06:24,556 - src.pricing.monte_carlo - INFO - Pricing Up-And-Out Call Barrier Option using Monte Carlo...
2026-01-15 13:06:36,865 - src.pricing.monte_carlo - INFO - Option price: 2.0588 ± 0.0589
2026-01-15 13:06:36,866 - src.pricing.monte_carlo - INFO - 95% CI: [1.9434, 2.1742]
2026-01-15 13:06:36,867 - src.pricing.monte_carlo - INFO - Pricing Up-And-Out Call Barrier Option using Monte Carlo...
2026-01-15 13:06:48,937 - src.pricing.monte_carlo - INFO - Option price: 2.1206 ± 0.0600
2026-01-15 13:06:48,937 - src.pricing.monte_carlo - INFO - 95% CI: [2.0030, 2.2382]
2026-01-15 13:06:48,939 - src.pricing.monte_carlo - INFO - Pricing Up-And-Out Call Barrier Option using Monte Carlo...
2026-01-15 13:07:01,120 - src.pricing.monte_carlo - INFO - Option price: 2.0956 ± 0.0593
2026-01-15 13:07:01,120 - src.pricing.monte_carlo - INFO - 95% CI: [1.9794, 2.2118]
2026-01-15 13:07:01,123 - src.pricing.monte_carlo - INFO - Pricing Up-And-Out Call Barrier Option using Monte Carlo...
2026-01-15 13:07:13,506 - src.pricing.monte_carlo - INFO - Option price: 2.0508 ± 0.0583
2026-01-15 13:07:13,506 - src.pricing.monte_carlo - INFO - 95% CI: [1.9364, 2.1651]
2026-01-15 13:07:13,507 - src.pricing.monte_carlo - INFO - Pricing Up-And-Out Call Barrier Option using Monte Carlo...
2026-01-15 13:07:27,173 - src.pricing.monte_carlo - INFO - Option price: 1.9144 ± 0.0560
2026-01-15 13:07:27,173 - src.pricing.monte_carlo - INFO - 95% CI: [1.8047, 2.0240]
2026-01-15 13:07:27,174 - src.pricing.monte_carlo - INFO - Pricing Up-And-Out Call Barrier Option using Monte Carlo...
2026-01-15 13:07:40,010 - src.pricing.monte_carlo - INFO - Option price: 2.1336 ± 0.0598
2026-01-15 13:07:40,010 - src.pricing.monte_carlo - INFO - 95% CI: [2.0164, 2.2508]
2026-01-15 13:07:40,011 - src.pricing.monte_carlo - INFO - Greeks computed: Delta=0.0125, Gamma=0.0987, Vega=-0.8011
2026-01-15 13:07:40,012 - src.pricing.monte_carlo - INFO - Initialized Monte Carlo engine with 5000 simulations
2026-01-15 13:07:40,012 - src.pricing.monte_carlo - INFO - Pricing Up-And-Out Call Barrier Option using Monte Carlo...
2026-01-15 13:07:52,212 - src.pricing.monte_carlo - INFO - Option price: 2.0645 ± 0.0589
2026-01-15 13:07:52,212 - src.pricing.monte_carlo - INFO - 95% CI: [1.9489, 2.1800]
2026-01-15 13:07:52,214 - src.pricing.monte_carlo - INFO - Pricing Up-And-Out Call Barrier Option using Monte Carlo...
2026-01-15 13:08:05,265 - src.pricing.monte_carlo - INFO - Option price: 2.0429 ± 0.0585
2026-01-15 13:08:05,266 - src.pricing.monte_carlo - INFO - 95% CI: [1.9283, 2.1575]
2026-01-15 13:08:05,267 - src.pricing.monte_carlo - INFO - Pricing Up-And-Out Call Barrier Option using Monte Carlo...
2026-01-15 13:08:18,030 - src.pricing.monte_carlo - INFO - Option price: 2.0587 ± 0.0587
2026-01-15 13:08:18,031 - src.pricing.monte_carlo - INFO - 95% CI: [1.9436, 2.1739]
2026-01-15 13:08:18,032 - src.pricing.monte_carlo - INFO - Pricing Up-And-Out Call Barrier Option using Monte Carlo...
2026-01-15 13:08:30,552 - src.pricing.monte_carlo - INFO - Option price: 2.1096 ± 0.0592
2026-01-15 13:08:30,553 - src.pricing.monte_carlo - INFO - 95% CI: [1.9936, 2.2256]
2026-01-15 13:08:30,556 - src.pricing.monte_carlo - INFO - Pricing Up-And-Out Call Barrier Option using Monte Carlo...
2026-01-15 13:08:42,975 - src.pricing.monte_carlo - INFO - Option price: 2.0446 ± 0.0583
2026-01-15 13:08:42,976 - src.pricing.monte_carlo - INFO - 95% CI: [1.9304, 2.1588]
2026-01-15 13:08:42,978 - src.pricing.monte_carlo - INFO - Pricing Up-And-Out Call Barrier Option using Monte Carlo...
2026-01-15 13:08:55,517 - src.pricing.monte_carlo - INFO - Option price: 2.0937 ± 0.0593
2026-01-15 13:08:55,517 - src.pricing.monte_carlo - INFO - 95% CI: [1.9774, 2.2099]
2026-01-15 13:08:55,520 - src.pricing.monte_carlo - INFO - Greeks computed: Delta=-0.0079, Gamma=-0.0273, Vega=4.5159
2026-01-15 13:08:55,521 - src.pricing.monte_carlo - INFO - Initialized Monte Carlo engine with 5000 simulations
2026-01-15 13:08:55,521 - src.pricing.monte_carlo - INFO - Pricing Up-And-Out Call Barrier Option using Monte Carlo...
2026-01-15 13:09:07,959 - src.pricing.monte_carlo - INFO - Option price: 2.0188 ± 0.0578
2026-01-15 13:09:07,959 - src.pricing.monte_carlo - INFO - 95% CI: [1.9055, 2.1320]
2026-01-15 13:09:07,961 - src.pricing.monte_carlo - INFO - Pricing Up-And-Out Call Barrier Option using Monte Carlo...
2026-01-15 13:09:20,542 - src.pricing.monte_carlo - INFO - Option price: 2.0266 ± 0.0587
2026-01-15 13:09:20,542 - src.pricing.monte_carlo - INFO - 95% CI: [1.9116, 2.1416]
2026-01-15 13:09:20,544 - src.pricing.monte_carlo - INFO - Pricing Up-And-Out Call Barrier Option using Monte Carlo...
2026-01-15 13:09:32,853 - src.pricing.monte_carlo - INFO - Option price: 1.9664 ± 0.0568
2026-01-15 13:09:32,853 - src.pricing.monte_carlo - INFO - 95% CI: [1.8550, 2.0777]
2026-01-15 13:09:32,854 - src.pricing.monte_carlo - INFO - Pricing Up-And-Out Call Barrier Option using Monte Carlo...
2026-01-15 13:09:45,171 - src.pricing.monte_carlo - INFO - Option price: 2.0303 ± 0.0578
2026-01-15 13:09:45,171 - src.pricing.monte_carlo - INFO - 95% CI: [1.9171, 2.1435]
2026-01-15 13:09:45,173 - src.pricing.monte_carlo - INFO - Pricing Up-And-Out Call Barrier Option using Monte Carlo...
2026-01-15 13:09:57,128 - src.pricing.monte_carlo - INFO - Option price: 2.0609 ± 0.0584
2026-01-15 13:09:57,129 - src.pricing.monte_carlo - INFO - 95% CI: [1.9464, 2.1754]
2026-01-15 13:09:57,130 - src.pricing.monte_carlo - INFO - Pricing Up-And-Out Call Barrier Option using Monte Carlo...
2026-01-15 13:10:09,146 - src.pricing.monte_carlo - INFO - Option price: 2.1603 ± 0.0605
2026-01-15 13:10:09,147 - src.pricing.monte_carlo - INFO - 95% CI: [2.0416, 2.2789]
2026-01-15 13:10:09,148 - src.pricing.monte_carlo - INFO - Greeks computed: Delta=0.0301, Gamma=-0.0445, Vega=1.1522
2026-01-15 13:10:09,148 - src.pricing.monte_carlo - INFO - Initialized Monte Carlo engine with 5000 simulations
2026-01-15 13:10:09,149 - src.pricing.monte_carlo - INFO - Pricing Up-And-Out Call Barrier Option using Monte Carlo...
2026-01-15 13:10:21,256 - src.pricing.monte_carlo - INFO - Option price: 2.0222 ± 0.0592
2026-01-15 13:10:21,256 - src.pricing.monte_carlo - INFO - 95% CI: [1.9061, 2.1382]
2026-01-15 13:10:21,257 - src.pricing.monte_carlo - INFO - Pricing Up-And-Out Call Barrier Option using Monte Carlo...
2026-01-15 13:10:33,242 - src.pricing.monte_carlo - INFO - Option price: 2.1531 ± 0.0603
2026-01-15 13:10:33,243 - src.pricing.monte_carlo - INFO - 95% CI: [2.0350, 2.2713]
2026-01-15 13:10:33,245 - src.pricing.monte_carlo - INFO - Pricing Up-And-Out Call Barrier Option using Monte Carlo...
2026-01-15 13:10:45,271 - src.pricing.monte_carlo - INFO - Option price: 1.9898 ± 0.0577
2026-01-15 13:10:45,272 - src.pricing.monte_carlo - INFO - 95% CI: [1.8766, 2.1029]
2026-01-15 13:10:45,273 - src.pricing.monte_carlo - INFO - Pricing Up-And-Out Call Barrier Option using Monte Carlo...
2026-01-15 13:10:57,353 - src.pricing.monte_carlo - INFO - Option price: 2.0581 ± 0.0588
2026-01-15 13:10:57,353 - src.pricing.monte_carlo - INFO - 95% CI: [1.9429, 2.1734]
2026-01-15 13:10:57,355 - src.pricing.monte_carlo - INFO - Pricing Up-And-Out Call Barrier Option using Monte Carlo...
2026-01-15 13:11:09,170 - src.pricing.monte_carlo - INFO - Option price: 2.0298 ± 0.0584
2026-01-15 13:11:09,171 - src.pricing.monte_carlo - INFO - 95% CI: [1.9153, 2.1443]
2026-01-15 13:11:09,172 - src.pricing.monte_carlo - INFO - Pricing Up-And-Out Call Barrier Option using Monte Carlo...
2026-01-15 13:11:21,249 - src.pricing.monte_carlo - INFO - Option price: 2.0493 ± 0.0580
2026-01-15 13:11:21,249 - src.pricing.monte_carlo - INFO - 95% CI: [1.9357, 2.1629]
2026-01-15 13:11:21,250 - src.pricing.monte_carlo - INFO - Greeks computed: Delta=0.0817, Gamma=0.0986, Vega=3.5987
2026-01-15 13:11:21,251 - src.pricing.monte_carlo - INFO - Initialized Monte Carlo engine with 5000 simulations
2026-01-15 13:11:21,251 - src.pricing.monte_carlo - INFO - Pricing Up-And-Out Call Barrier Option using Monte Carlo...
2026-01-15 13:11:33,719 - src.pricing.monte_carlo - INFO - Option price: 1.9945 ± 0.0576
2026-01-15 13:11:33,720 - src.pricing.monte_carlo - INFO - 95% CI: [1.8816, 2.1075]
2026-01-15 13:11:33,722 - src.pricing.monte_carlo - INFO - Pricing Up-And-Out Call Barrier Option using Monte Carlo...
2026-01-15 13:11:45,880 - src.pricing.monte_carlo - INFO - Option price: 2.0801 ± 0.0585
2026-01-15 13:11:45,880 - src.pricing.monte_carlo - INFO - 95% CI: [1.9654, 2.1948]
2026-01-15 13:11:45,881 - src.pricing.monte_carlo - INFO - Pricing Up-And-Out Call Barrier Option using Monte Carlo...
2026-01-15 13:11:58,275 - src.pricing.monte_carlo - INFO - Option price: 2.0794 ± 0.0581
2026-01-15 13:11:58,276 - src.pricing.monte_carlo - INFO - 95% CI: [1.9655, 2.1932]
2026-01-15 13:11:58,277 - src.pricing.monte_carlo - INFO - Pricing Up-And-Out Call Barrier Option using Monte Carlo...
2026-01-15 13:12:10,515 - src.pricing.monte_carlo - INFO - Option price: 1.9725 ± 0.0574
2026-01-15 13:12:10,515 - src.pricing.monte_carlo - INFO - 95% CI: [1.8601, 2.0849]
2026-01-15 13:12:10,516 - src.pricing.monte_carlo - INFO - Pricing Up-And-Out Call Barrier Option using Monte Carlo...
2026-01-15 13:12:22,646 - src.pricing.monte_carlo - INFO - Option price: 2.0414 ± 0.0580
2026-01-15 13:12:22,647 - src.pricing.monte_carlo - INFO - 95% CI: [1.9277, 2.1551]
2026-01-15 13:12:22,649 - src.pricing.monte_carlo - INFO - Pricing Up-And-Out Call Barrier Option using Monte Carlo...
2026-01-15 13:12:35,006 - src.pricing.monte_carlo - INFO - Option price: 2.1324 ± 0.0591
2026-01-15 13:12:35,007 - src.pricing.monte_carlo - INFO - 95% CI: [2.0165, 2.2483]
2026-01-15 13:12:35,008 - src.pricing.monte_carlo - INFO - Greeks computed: Delta=0.0003, Gamma=0.1704, Vega=-2.2006
2026-01-15 13:12:35,008 - src.pricing.monte_carlo - INFO - Initialized Monte Carlo engine with 5000 simulations
2026-01-15 13:12:35,009 - src.pricing.monte_carlo - INFO - Pricing Up-And-Out Call Barrier Option using Monte Carlo...
2026-01-15 13:12:47,293 - src.pricing.monte_carlo - INFO - Option price: 2.0166 ± 0.0581
2026-01-15 13:12:47,294 - src.pricing.monte_carlo - INFO - 95% CI: [1.9028, 2.1303]
2026-01-15 13:12:47,296 - src.pricing.monte_carlo - INFO - Pricing Up-And-Out Call Barrier Option using Monte Carlo...
2026-01-15 13:12:59,679 - src.pricing.monte_carlo - INFO - Option price: 2.0039 ± 0.0579
2026-01-15 13:12:59,679 - src.pricing.monte_carlo - INFO - 95% CI: [1.8903, 2.1175]
2026-01-15 13:12:59,682 - src.pricing.monte_carlo - INFO - Pricing Up-And-Out Call Barrier Option using Monte Carlo...
2026-01-15 13:13:12,099 - src.pricing.monte_carlo - INFO - Option price: 2.1020 ± 0.0585
2026-01-15 13:13:12,100 - src.pricing.monte_carlo - INFO - 95% CI: [1.9873, 2.2167]
2026-01-15 13:13:12,103 - src.pricing.monte_carlo - INFO - Pricing Up-And-Out Call Barrier Option using Monte Carlo...
2026-01-15 13:13:24,513 - src.pricing.monte_carlo - INFO - Option price: 2.1296 ± 0.0597
2026-01-15 13:13:24,513 - src.pricing.monte_carlo - INFO - 95% CI: [2.0126, 2.2466]
2026-01-15 13:13:24,515 - src.pricing.monte_carlo - INFO - Pricing Up-And-Out Call Barrier Option using Monte Carlo...
2026-01-15 13:13:37,052 - src.pricing.monte_carlo - INFO - Option price: 2.0874 ± 0.0588
2026-01-15 13:13:37,052 - src.pricing.monte_carlo - INFO - 95% CI: [1.9722, 2.2027]
2026-01-15 13:13:37,054 - src.pricing.monte_carlo - INFO - Pricing Up-And-Out Call Barrier Option using Monte Carlo...
2026-01-15 13:13:49,506 - src.pricing.monte_carlo - INFO - Option price: 2.1518 ± 0.0598
2026-01-15 13:13:49,506 - src.pricing.monte_carlo - INFO - 95% CI: [2.0346, 2.2691]
2026-01-15 13:13:49,507 - src.pricing.monte_carlo - INFO - Greeks computed: Delta=-0.0490, Gamma=0.0728, Vega=11.3023
2026-01-15 13:13:49,508 - src.pricing.monte_carlo - INFO - Initialized Monte Carlo engine with 5000 simulations
2026-01-15 13:13:49,508 - src.pricing.monte_carlo - INFO - Pricing Up-And-Out Call Barrier Option using Monte Carlo...
2026-01-15 13:14:01,781 - src.pricing.monte_carlo - INFO - Option price: 2.0392 ± 0.0576
2026-01-15 13:14:01,782 - src.pricing.monte_carlo - INFO - 95% CI: [1.9264, 2.1521]
2026-01-15 13:14:01,784 - src.pricing.monte_carlo - INFO - Pricing Up-And-Out Call Barrier Option using Monte Carlo...
2026-01-15 13:14:14,023 - src.pricing.monte_carlo - INFO - Option price: 2.1100 ± 0.0594
2026-01-15 13:14:14,023 - src.pricing.monte_carlo - INFO - 95% CI: [1.9936, 2.2263]
2026-01-15 13:14:14,025 - src.pricing.monte_carlo - INFO - Pricing Up-And-Out Call Barrier Option using Monte Carlo...
2026-01-15 13:14:26,110 - src.pricing.monte_carlo - INFO - Option price: 1.9320 ± 0.0563
2026-01-15 13:14:26,110 - src.pricing.monte_carlo - INFO - 95% CI: [1.8216, 2.0424]
2026-01-15 13:14:26,112 - src.pricing.monte_carlo - INFO - Pricing Up-And-Out Call Barrier Option using Monte Carlo...
2026-01-15 13:14:38,153 - src.pricing.monte_carlo - INFO - Option price: 1.9893 ± 0.0579
2026-01-15 13:14:38,153 - src.pricing.monte_carlo - INFO - 95% CI: [1.8759, 2.1028]
2026-01-15 13:14:38,154 - src.pricing.monte_carlo - INFO - Pricing Up-And-Out Call Barrier Option using Monte Carlo...
2026-01-15 13:14:50,539 - src.pricing.monte_carlo - INFO - Option price: 2.0360 ± 0.0586
2026-01-15 13:14:50,539 - src.pricing.monte_carlo - INFO - 95% CI: [1.9211, 2.1508]
2026-01-15 13:14:50,541 - src.pricing.monte_carlo - INFO - Pricing Up-And-Out Call Barrier Option using Monte Carlo...
2026-01-15 13:15:02,796 - src.pricing.monte_carlo - INFO - Option price: 2.1503 ± 0.0596
2026-01-15 13:15:02,796 - src.pricing.monte_carlo - INFO - 95% CI: [2.0334, 2.2671]
2026-01-15 13:15:02,797 - src.pricing.monte_carlo - INFO - Greeks computed: Delta=0.0890, Gamma=-0.0365, Vega=-4.9908
2026-01-15 13:15:02,798 - src.pricing.monte_carlo - INFO - Initialized Monte Carlo engine with 5000 simulations
2026-01-15 13:15:02,798 - src.pricing.monte_carlo - INFO - Pricing Up-And-Out Call Barrier Option using Monte Carlo...
2026-01-15 13:15:15,055 - src.pricing.monte_carlo - INFO - Option price: 2.0257 ± 0.0577
2026-01-15 13:15:15,056 - src.pricing.monte_carlo - INFO - 95% CI: [1.9127, 2.1387]
2026-01-15 13:15:15,057 - src.pricing.monte_carlo - INFO - Pricing Up-And-Out Call Barrier Option using Monte Carlo...
2026-01-15 13:15:27,267 - src.pricing.monte_carlo - INFO - Option price: 2.0071 ± 0.0567
2026-01-15 13:15:27,267 - src.pricing.monte_carlo - INFO - 95% CI: [1.8959, 2.1183]
2026-01-15 13:15:27,268 - src.pricing.monte_carlo - INFO - Pricing Up-And-Out Call Barrier Option using Monte Carlo...
2026-01-15 13:15:39,496 - src.pricing.monte_carlo - INFO - Option price: 1.9783 ± 0.0571
2026-01-15 13:15:39,496 - src.pricing.monte_carlo - INFO - 95% CI: [1.8664, 2.0902]
2026-01-15 13:15:39,498 - src.pricing.monte_carlo - INFO - Pricing Up-And-Out Call Barrier Option using Monte Carlo...
2026-01-15 13:15:51,537 - src.pricing.monte_carlo - INFO - Option price: 2.0338 ± 0.0585
2026-01-15 13:15:51,537 - src.pricing.monte_carlo - INFO - 95% CI: [1.9192, 2.1485]
2026-01-15 13:15:51,539 - src.pricing.monte_carlo - INFO - Pricing Up-And-Out Call Barrier Option using Monte Carlo...
2026-01-15 13:16:03,524 - src.pricing.monte_carlo - INFO - Option price: 2.1502 ± 0.0606
2026-01-15 13:16:03,524 - src.pricing.monte_carlo - INFO - 95% CI: [2.0315, 2.2689]
2026-01-15 13:16:03,526 - src.pricing.monte_carlo - INFO - Pricing Up-And-Out Call Barrier Option using Monte Carlo...
2026-01-15 13:16:15,669 - src.pricing.monte_carlo - INFO - Option price: 2.1105 ± 0.0592
2026-01-15 13:16:15,670 - src.pricing.monte_carlo - INFO - 95% CI: [1.9945, 2.2266]
2026-01-15 13:16:15,679 - src.pricing.monte_carlo - INFO - Greeks computed: Delta=0.0144, Gamma=-0.0660, Vega=0.8137
2026-01-15 13:16:15,681 - src.pricing.monte_carlo - INFO - Initialized Monte Carlo engine with 5000 simulations
2026-01-15 13:16:15,682 - src.pricing.monte_carlo - INFO - Pricing Up-And-Out Call Barrier Option using Monte Carlo...
2026-01-15 13:16:28,260 - src.pricing.monte_carlo - INFO - Option price: 2.0450 ± 0.0585
2026-01-15 13:16:28,261 - src.pricing.monte_carlo - INFO - 95% CI: [1.9303, 2.1597]
2026-01-15 13:16:28,262 - src.pricing.monte_carlo - INFO - Pricing Up-And-Out Call Barrier Option using Monte Carlo...
2026-01-15 13:16:40,391 - src.pricing.monte_carlo - INFO - Option price: 2.0333 ± 0.0581
2026-01-15 13:16:40,391 - src.pricing.monte_carlo - INFO - 95% CI: [1.9195, 2.1471]
2026-01-15 13:16:40,393 - src.pricing.monte_carlo - INFO - Pricing Up-And-Out Call Barrier Option using Monte Carlo...
2026-01-15 13:16:52,438 - src.pricing.monte_carlo - INFO - Option price: 2.0277 ± 0.0588
2026-01-15 13:16:52,439 - src.pricing.monte_carlo - INFO - 95% CI: [1.9124, 2.1430]
2026-01-15 13:16:52,440 - src.pricing.monte_carlo - INFO - Pricing Up-And-Out Call Barrier Option using Monte Carlo...
2026-01-15 13:17:04,585 - src.pricing.monte_carlo - INFO - Option price: 2.0047 ± 0.0585
2026-01-15 13:17:04,585 - src.pricing.monte_carlo - INFO - 95% CI: [1.8900, 2.1193]
2026-01-15 13:17:04,586 - src.pricing.monte_carlo - INFO - Pricing Up-And-Out Call Barrier Option using Monte Carlo...
2026-01-15 13:17:16,731 - src.pricing.monte_carlo - INFO - Option price: 1.9771 ± 0.0575
2026-01-15 13:17:16,731 - src.pricing.monte_carlo - INFO - 95% CI: [1.8645, 2.0897]
2026-01-15 13:17:16,732 - src.pricing.monte_carlo - INFO - Pricing Up-And-Out Call Barrier Option using Monte Carlo...
2026-01-15 13:17:28,490 - src.pricing.monte_carlo - INFO - Option price: 2.1304 ± 0.0595
2026-01-15 13:17:28,490 - src.pricing.monte_carlo - INFO - 95% CI: [2.0138, 2.2471]
2026-01-15 13:17:28,491 - src.pricing.monte_carlo - INFO - Greeks computed: Delta=0.0028, Gamma=-0.0290, Vega=-4.0322
2026-01-15 13:17:28,492 - src.pricing.monte_carlo - INFO - Initialized Monte Carlo engine with 5000 simulations
2026-01-15 13:17:28,492 - src.pricing.monte_carlo - INFO - Pricing Up-And-Out Call Barrier Option using Monte Carlo...
2026-01-15 13:17:40,646 - src.pricing.monte_carlo - INFO - Option price: 2.0592 ± 0.0589
2026-01-15 13:17:40,647 - src.pricing.monte_carlo - INFO - 95% CI: [1.9437, 2.1747]
2026-01-15 13:17:40,648 - src.pricing.monte_carlo - INFO - Pricing Up-And-Out Call Barrier Option using Monte Carlo...
2026-01-15 13:17:52,586 - src.pricing.monte_carlo - INFO - Option price: 2.0396 ± 0.0594
2026-01-15 13:17:52,587 - src.pricing.monte_carlo - INFO - 95% CI: [1.9233, 2.1560]
2026-01-15 13:17:52,588 - src.pricing.monte_carlo - INFO - Pricing Up-And-Out Call Barrier Option using Monte Carlo...
2026-01-15 13:18:04,814 - src.pricing.monte_carlo - INFO - Option price: 2.0225 ± 0.0574
2026-01-15 13:18:04,815 - src.pricing.monte_carlo - INFO - 95% CI: [1.9100, 2.1351]
2026-01-15 13:18:04,816 - src.pricing.monte_carlo - INFO - Pricing Up-And-Out Call Barrier Option using Monte Carlo...
2026-01-15 13:18:17,059 - src.pricing.monte_carlo - INFO - Option price: 2.0678 ± 0.0590
2026-01-15 13:18:17,060 - src.pricing.monte_carlo - INFO - 95% CI: [1.9521, 2.1834]
2026-01-15 13:18:17,061 - src.pricing.monte_carlo - INFO - Pricing Up-And-Out Call Barrier Option using Monte Carlo...
2026-01-15 13:18:29,094 - src.pricing.monte_carlo - INFO - Option price: 1.9219 ± 0.0564
2026-01-15 13:18:29,095 - src.pricing.monte_carlo - INFO - 95% CI: [1.8115, 2.0324]
2026-01-15 13:18:29,097 - src.pricing.monte_carlo - INFO - Pricing Up-And-Out Call Barrier Option using Monte Carlo...
2026-01-15 13:18:41,332 - src.pricing.monte_carlo - INFO - Option price: 1.9564 ± 0.0566
2026-01-15 13:18:41,333 - src.pricing.monte_carlo - INFO - 95% CI: [1.8455, 2.0673]
2026-01-15 13:18:41,334 - src.pricing.monte_carlo - INFO - Greeks computed: Delta=0.0085, Gamma=-0.0562, Vega=0.8589
2026-01-15 13:18:41,334 - src.pricing.monte_carlo - INFO - Initialized Monte Carlo engine with 5000 simulations
2026-01-15 13:18:41,335 - src.pricing.monte_carlo - INFO - Pricing Up-And-Out Call Barrier Option using Monte Carlo...
2026-01-15 13:18:53,474 - src.pricing.monte_carlo - INFO - Option price: 2.0281 ± 0.0580
2026-01-15 13:18:53,475 - src.pricing.monte_carlo - INFO - 95% CI: [1.9144, 2.1418]
2026-01-15 13:18:53,476 - src.pricing.monte_carlo - INFO - Pricing Up-And-Out Call Barrier Option using Monte Carlo...
2026-01-15 13:19:05,737 - src.pricing.monte_carlo - INFO - Option price: 2.0520 ± 0.0588
2026-01-15 13:19:05,737 - src.pricing.monte_carlo - INFO - 95% CI: [1.9367, 2.1673]
2026-01-15 13:19:05,739 - src.pricing.monte_carlo - INFO - Pricing Up-And-Out Call Barrier Option using Monte Carlo...
2026-01-15 13:19:18,102 - src.pricing.monte_carlo - INFO - Option price: 2.0526 ± 0.0585
2026-01-15 13:19:18,103 - src.pricing.monte_carlo - INFO - 95% CI: [1.9379, 2.1673]
2026-01-15 13:19:18,105 - src.pricing.monte_carlo - INFO - Pricing Up-And-Out Call Barrier Option using Monte Carlo...
2026-01-15 13:19:30,455 - src.pricing.monte_carlo - INFO - Option price: 2.0108 ± 0.0583
2026-01-15 13:19:30,455 - src.pricing.monte_carlo - INFO - 95% CI: [1.8965, 2.1251]
2026-01-15 13:19:30,456 - src.pricing.monte_carlo - INFO - Pricing Up-And-Out Call Barrier Option using Monte Carlo...
2026-01-15 13:19:42,668 - src.pricing.monte_carlo - INFO - Option price: 1.9913 ± 0.0574
2026-01-15 13:19:42,668 - src.pricing.monte_carlo - INFO - 95% CI: [1.8789, 2.1037]
2026-01-15 13:19:42,669 - src.pricing.monte_carlo - INFO - Pricing Up-And-Out Call Barrier Option using Monte Carlo...
2026-01-15 13:19:54,794 - src.pricing.monte_carlo - INFO - Option price: 2.1265 ± 0.0592
2026-01-15 13:19:54,795 - src.pricing.monte_carlo - INFO - 95% CI: [2.0106, 2.2425]
2026-01-15 13:19:54,796 - src.pricing.monte_carlo - INFO - Greeks computed: Delta=-0.0003, Gamma=0.0484, Vega=-1.7294
2026-01-15 13:19:54,796 - src.pricing.monte_carlo - INFO - Initialized Monte Carlo engine with 5000 simulations
2026-01-15 13:19:54,797 - src.pricing.monte_carlo - INFO - Pricing Up-And-Out Call Barrier Option using Monte Carlo...
2026-01-15 13:20:06,964 - src.pricing.monte_carlo - INFO - Option price: 1.9972 ± 0.0579
2026-01-15 13:20:06,965 - src.pricing.monte_carlo - INFO - 95% CI: [1.8838, 2.1107]
2026-01-15 13:20:06,966 - src.pricing.monte_carlo - INFO - Pricing Up-And-Out Call Barrier Option using Monte Carlo...
2026-01-15 13:20:19,291 - src.pricing.monte_carlo - INFO - Option price: 2.1366 ± 0.0598
2026-01-15 13:20:19,292 - src.pricing.monte_carlo - INFO - 95% CI: [2.0194, 2.2537]
2026-01-15 13:20:19,294 - src.pricing.monte_carlo - INFO - Pricing Up-And-Out Call Barrier Option using Monte Carlo...
2026-01-15 13:20:31,570 - src.pricing.monte_carlo - INFO - Option price: 2.0483 ± 0.0587
2026-01-15 13:20:31,570 - src.pricing.monte_carlo - INFO - 95% CI: [1.9332, 2.1634]
2026-01-15 13:20:31,571 - src.pricing.monte_carlo - INFO - Pricing Up-And-Out Call Barrier Option using Monte Carlo...
2026-01-15 13:20:43,414 - src.pricing.monte_carlo - INFO - Option price: 1.9621 ± 0.0567
2026-01-15 13:20:43,415 - src.pricing.monte_carlo - INFO - 95% CI: [1.8509, 2.0733]
2026-01-15 13:20:43,417 - src.pricing.monte_carlo - INFO - Pricing Up-And-Out Call Barrier Option using Monte Carlo...
2026-01-15 13:20:55,220 - src.pricing.monte_carlo - INFO - Option price: 2.1275 ± 0.0589
2026-01-15 13:20:55,221 - src.pricing.monte_carlo - INFO - 95% CI: [2.0120, 2.2429]
2026-01-15 13:20:55,223 - src.pricing.monte_carlo - INFO - Pricing Up-And-Out Call Barrier Option using Monte Carlo...
2026-01-15 13:21:07,467 - src.pricing.monte_carlo - INFO - Option price: 2.1814 ± 0.0600
2026-01-15 13:21:07,467 - src.pricing.monte_carlo - INFO - 95% CI: [2.0639, 2.2989]
2026-01-15 13:21:07,468 - src.pricing.monte_carlo - INFO - Greeks computed: Delta=0.0441, Gamma=0.1904, Vega=-3.5169
2026-01-15 13:21:07,469 - src.pricing.monte_carlo - INFO - Initialized Monte Carlo engine with 5000 simulations
2026-01-15 13:21:07,469 - src.pricing.monte_carlo - INFO - Pricing Up-And-Out Call Barrier Option using Monte Carlo...
2026-01-15 13:21:19,503 - src.pricing.monte_carlo - INFO - Option price: 1.9274 ± 0.0567
2026-01-15 13:21:19,504 - src.pricing.monte_carlo - INFO - 95% CI: [1.8163, 2.0385]
2026-01-15 13:21:19,505 - src.pricing.monte_carlo - INFO - Pricing Up-And-Out Call Barrier Option using Monte Carlo...
2026-01-15 13:21:31,527 - src.pricing.monte_carlo - INFO - Option price: 1.9811 ± 0.0577
2026-01-15 13:21:31,527 - src.pricing.monte_carlo - INFO - 95% CI: [1.8681, 2.0941]
2026-01-15 13:21:31,529 - src.pricing.monte_carlo - INFO - Pricing Up-And-Out Call Barrier Option using Monte Carlo...
2026-01-15 13:21:43,575 - src.pricing.monte_carlo - INFO - Option price: 1.9842 ± 0.0577
2026-01-15 13:21:43,576 - src.pricing.monte_carlo - INFO - 95% CI: [1.8711, 2.0974]
2026-01-15 13:21:43,577 - src.pricing.monte_carlo - INFO - Pricing Up-And-Out Call Barrier Option using Monte Carlo...
2026-01-15 13:21:55,618 - src.pricing.monte_carlo - INFO - Option price: 1.9882 ± 0.0570
2026-01-15 13:21:55,618 - src.pricing.monte_carlo - INFO - 95% CI: [1.8765, 2.0999]
2026-01-15 13:21:55,619 - src.pricing.monte_carlo - INFO - Pricing Up-And-Out Call Barrier Option using Monte Carlo...
2026-01-15 13:22:07,798 - src.pricing.monte_carlo - INFO - Option price: 2.1562 ± 0.0595
2026-01-15 13:22:07,799 - src.pricing.monte_carlo - INFO - 95% CI: [2.0395, 2.2729]
2026-01-15 13:22:07,801 - src.pricing.monte_carlo - INFO - Pricing Up-And-Out Call Barrier Option using Monte Carlo...
2026-01-15 13:22:19,990 - src.pricing.monte_carlo - INFO - Option price: 2.0901 ± 0.0588
2026-01-15 13:22:19,990 - src.pricing.monte_carlo - INFO - 95% CI: [1.9748, 2.2054]
2026-01-15 13:22:19,991 - src.pricing.monte_carlo - INFO - Greeks computed: Delta=-0.0016, Gamma=0.1105, Vega=6.0805
2026-01-15 13:22:19,992 - src.pricing.monte_carlo - INFO - Initialized Monte Carlo engine with 5000 simulations
2026-01-15 13:22:19,992 - src.pricing.monte_carlo - INFO - Pricing Up-And-Out Call Barrier Option using Monte Carlo...
2026-01-15 13:22:32,322 - src.pricing.monte_carlo - INFO - Option price: 2.0071 ± 0.0572
2026-01-15 13:22:32,322 - src.pricing.monte_carlo - INFO - 95% CI: [1.8949, 2.1192]
2026-01-15 13:22:32,324 - src.pricing.monte_carlo - INFO - Pricing Up-And-Out Call Barrier Option using Monte Carlo...
2026-01-15 13:22:44,677 - src.pricing.monte_carlo - INFO - Option price: 2.1578 ± 0.0598
2026-01-15 13:22:44,678 - src.pricing.monte_carlo - INFO - 95% CI: [2.0405, 2.2750]
2026-01-15 13:22:44,679 - src.pricing.monte_carlo - INFO - Pricing Up-And-Out Call Barrier Option using Monte Carlo...
2026-01-15 13:22:56,693 - src.pricing.monte_carlo - INFO - Option price: 2.0252 ± 0.0580
2026-01-15 13:22:56,701 - src.pricing.monte_carlo - INFO - 95% CI: [1.9116, 2.1388]
2026-01-15 13:22:56,713 - src.pricing.monte_carlo - INFO - Pricing Up-And-Out Call Barrier Option using Monte Carlo...
2026-01-15 13:23:08,959 - src.pricing.monte_carlo - INFO - Option price: 2.0435 ± 0.0584
2026-01-15 13:23:08,960 - src.pricing.monte_carlo - INFO - 95% CI: [1.9289, 2.1580]
2026-01-15 13:23:08,961 - src.pricing.monte_carlo - INFO - Pricing Up-And-Out Call Barrier Option using Monte Carlo...
2026-01-15 13:23:21,301 - src.pricing.monte_carlo - INFO - Option price: 2.0072 ± 0.0576
2026-01-15 13:23:21,301 - src.pricing.monte_carlo - INFO - 95% CI: [1.8943, 2.1200]
2026-01-15 13:23:21,303 - src.pricing.monte_carlo - INFO - Pricing Up-And-Out Call Barrier Option using Monte Carlo...
2026-01-15 13:23:33,644 - src.pricing.monte_carlo - INFO - Option price: 2.0142 ± 0.0578
2026-01-15 13:23:33,645 - src.pricing.monte_carlo - INFO - 95% CI: [1.9010, 2.1274]
2026-01-15 13:23:33,646 - src.pricing.monte_carlo - INFO - Greeks computed: Delta=0.0663, Gamma=0.1688, Vega=3.6388
2026-01-15 13:23:33,647 - src.pricing.monte_carlo - INFO - Initialized Monte Carlo engine with 5000 simulations
2026-01-15 13:23:33,647 - src.pricing.monte_carlo - INFO - Pricing Up-And-Out Call Barrier Option using Monte Carlo...
2026-01-15 13:23:45,860 - src.pricing.monte_carlo - INFO - Option price: 1.9910 ± 0.0576
2026-01-15 13:23:45,860 - src.pricing.monte_carlo - INFO - 95% CI: [1.8782, 2.1038]
2026-01-15 13:23:45,862 - src.pricing.monte_carlo - INFO - Pricing Up-And-Out Call Barrier Option using Monte Carlo...
2026-01-15 13:23:58,104 - src.pricing.monte_carlo - INFO - Option price: 2.0624 ± 0.0587
2026-01-15 13:23:58,105 - src.pricing.monte_carlo - INFO - 95% CI: [1.9474, 2.1774]
2026-01-15 13:23:58,106 - src.pricing.monte_carlo - INFO - Pricing Up-And-Out Call Barrier Option using Monte Carlo...
2026-01-15 13:24:10,205 - src.pricing.monte_carlo - INFO - Option price: 1.9987 ± 0.0581
2026-01-15 13:24:10,205 - src.pricing.monte_carlo - INFO - 95% CI: [1.8849, 2.1126]
2026-01-15 13:24:10,207 - src.pricing.monte_carlo - INFO - Pricing Up-And-Out Call Barrier Option using Monte Carlo...
2026-01-15 13:24:22,547 - src.pricing.monte_carlo - INFO - Option price: 2.0161 ± 0.0573
2026-01-15 13:24:22,547 - src.pricing.monte_carlo - INFO - 95% CI: [1.9038, 2.1284]
2026-01-15 13:24:22,549 - src.pricing.monte_carlo - INFO - Pricing Up-And-Out Call Barrier Option using Monte Carlo...
2026-01-15 13:24:34,900 - src.pricing.monte_carlo - INFO - Option price: 2.1111 ± 0.0592
2026-01-15 13:24:34,900 - src.pricing.monte_carlo - INFO - 95% CI: [1.9951, 2.2271]
2026-01-15 13:24:34,901 - src.pricing.monte_carlo - INFO - Pricing Up-And-Out Call Barrier Option using Monte Carlo...
2026-01-15 13:24:46,992 - src.pricing.monte_carlo - INFO - Option price: 2.1436 ± 0.0591
2026-01-15 13:24:46,993 - src.pricing.monte_carlo - INFO - 95% CI: [2.0278, 2.2594]
2026-01-15 13:24:46,994 - src.pricing.monte_carlo - INFO - Greeks computed: Delta=0.0318, Gamma=0.0792, Vega=2.5092
2026-01-15 13:24:46,995 - src.pricing.monte_carlo - INFO - Initialized Monte Carlo engine with 5000 simulations
2026-01-15 13:24:46,995 - src.pricing.monte_carlo - INFO - Pricing Up-And-Out Call Barrier Option using Monte Carlo...
2026-01-15 13:24:59,098 - src.pricing.monte_carlo - INFO - Option price: 2.0027 ± 0.0577
2026-01-15 13:24:59,098 - src.pricing.monte_carlo - INFO - 95% CI: [1.8897, 2.1158]
2026-01-15 13:24:59,099 - src.pricing.monte_carlo - INFO - Pricing Up-And-Out Call Barrier Option using Monte Carlo...
2026-01-15 13:25:11,154 - src.pricing.monte_carlo - INFO - Option price: 2.0152 ± 0.0583
2026-01-15 13:25:11,155 - src.pricing.monte_carlo - INFO - 95% CI: [1.9010, 2.1294]
2026-01-15 13:25:11,156 - src.pricing.monte_carlo - INFO - Pricing Up-And-Out Call Barrier Option using Monte Carlo...
2026-01-15 13:25:23,262 - src.pricing.monte_carlo - INFO - Option price: 2.0255 ± 0.0582
2026-01-15 13:25:23,263 - src.pricing.monte_carlo - INFO - 95% CI: [1.9113, 2.1396]
2026-01-15 13:25:23,264 - src.pricing.monte_carlo - INFO - Pricing Up-And-Out Call Barrier Option using Monte Carlo...
2026-01-15 13:25:35,350 - src.pricing.monte_carlo - INFO - Option price: 1.9450 ± 0.0572
2026-01-15 13:25:35,351 - src.pricing.monte_carlo - INFO - 95% CI: [1.8329, 2.0571]
2026-01-15 13:25:35,352 - src.pricing.monte_carlo - INFO - Pricing Up-And-Out Call Barrier Option using Monte Carlo...
2026-01-15 13:25:47,290 - src.pricing.monte_carlo - INFO - Option price: 2.0132 ± 0.0574
2026-01-15 13:25:47,290 - src.pricing.monte_carlo - INFO - 95% CI: [1.9007, 2.1257]
2026-01-15 13:25:47,291 - src.pricing.monte_carlo - INFO - Pricing Up-And-Out Call Barrier Option using Monte Carlo...
2026-01-15 13:25:59,603 - src.pricing.monte_carlo - INFO - Option price: 2.1284 ± 0.0593
2026-01-15 13:25:59,603 - src.pricing.monte_carlo - INFO - 95% CI: [2.0122, 2.2445]
2026-01-15 13:25:59,604 - src.pricing.monte_carlo - INFO - Greeks computed: Delta=-0.0051, Gamma=0.0352, Vega=-5.7723
2026-01-15 13:25:59,605 - src.pricing.monte_carlo - INFO - Initialized Monte Carlo engine with 5000 simulations
2026-01-15 13:25:59,605 - src.pricing.monte_carlo - INFO - Pricing Up-And-Out Call Barrier Option using Monte Carlo...
2026-01-15 13:26:11,467 - src.pricing.monte_carlo - INFO - Option price: 2.0004 ± 0.0571
2026-01-15 13:26:11,468 - src.pricing.monte_carlo - INFO - 95% CI: [1.8884, 2.1123]
2026-01-15 13:26:11,469 - src.pricing.monte_carlo - INFO - Pricing Up-And-Out Call Barrier Option using Monte Carlo...
2026-01-15 13:26:23,551 - src.pricing.monte_carlo - INFO - Option price: 2.0835 ± 0.0586
2026-01-15 13:26:23,551 - src.pricing.monte_carlo - INFO - 95% CI: [1.9686, 2.1985]
2026-01-15 13:26:23,552 - src.pricing.monte_carlo - INFO - Pricing Up-And-Out Call Barrier Option using Monte Carlo...
2026-01-15 13:26:35,627 - src.pricing.monte_carlo - INFO - Option price: 1.9991 ± 0.0582
2026-01-15 13:26:35,627 - src.pricing.monte_carlo - INFO - 95% CI: [1.8850, 2.1132]
2026-01-15 13:26:35,628 - src.pricing.monte_carlo - INFO - Pricing Up-And-Out Call Barrier Option using Monte Carlo...
2026-01-15 13:26:47,450 - src.pricing.monte_carlo - INFO - Option price: 2.0521 ± 0.0585
2026-01-15 13:26:47,451 - src.pricing.monte_carlo - INFO - 95% CI: [1.9373, 2.1668]
2026-01-15 13:26:47,452 - src.pricing.monte_carlo - INFO - Pricing Up-And-Out Call Barrier Option using Monte Carlo...
2026-01-15 13:26:59,264 - src.pricing.monte_carlo - INFO - Option price: 2.0319 ± 0.0585
2026-01-15 13:26:59,264 - src.pricing.monte_carlo - INFO - 95% CI: [1.9173, 2.1465]
2026-01-15 13:26:59,266 - src.pricing.monte_carlo - INFO - Pricing Up-And-Out Call Barrier Option using Monte Carlo...
2026-01-15 13:27:10,991 - src.pricing.monte_carlo - INFO - Option price: 1.9885 ± 0.0568
2026-01-15 13:27:10,991 - src.pricing.monte_carlo - INFO - 95% CI: [1.8771, 2.0999]
2026-01-15 13:27:10,992 - src.pricing.monte_carlo - INFO - Greeks computed: Delta=0.0422, Gamma=0.0819, Vega=5.1695
2026-01-15 13:27:10,993 - src.pricing.monte_carlo - INFO - Initialized Monte Carlo engine with 5000 simulations
2026-01-15 13:27:10,993 - src.pricing.monte_carlo - INFO - Pricing Up-And-Out Call Barrier Option using Monte Carlo...
2026-01-15 13:27:22,796 - src.pricing.monte_carlo - INFO - Option price: 2.1922 ± 0.0602
2026-01-15 13:27:22,796 - src.pricing.monte_carlo - INFO - 95% CI: [2.0743, 2.3101]
2026-01-15 13:27:22,797 - src.pricing.monte_carlo - INFO - Pricing Up-And-Out Call Barrier Option using Monte Carlo...
2026-01-15 13:27:35,037 - src.pricing.monte_carlo - INFO - Option price: 2.0376 ± 0.0586
2026-01-15 13:27:35,037 - src.pricing.monte_carlo - INFO - 95% CI: [1.9228, 2.1524]
2026-01-15 13:27:35,038 - src.pricing.monte_carlo - INFO - Pricing Up-And-Out Call Barrier Option using Monte Carlo...
2026-01-15 13:27:47,224 - src.pricing.monte_carlo - INFO - Option price: 2.1275 ± 0.0600
2026-01-15 13:27:47,225 - src.pricing.monte_carlo - INFO - 95% CI: [2.0099, 2.2450]
2026-01-15 13:27:47,226 - src.pricing.monte_carlo - INFO - Pricing Up-And-Out Call Barrier Option using Monte Carlo...
2026-01-15 13:27:59,181 - src.pricing.monte_carlo - INFO - Option price: 2.0231 ± 0.0573
2026-01-15 13:27:59,182 - src.pricing.monte_carlo - INFO - 95% CI: [1.9107, 2.1355]
2026-01-15 13:27:59,183 - src.pricing.monte_carlo - INFO - Pricing Up-And-Out Call Barrier Option using Monte Carlo...
2026-01-15 13:28:11,158 - src.pricing.monte_carlo - INFO - Option price: 2.1047 ± 0.0588
2026-01-15 13:28:11,159 - src.pricing.monte_carlo - INFO - 95% CI: [1.9896, 2.2199]
2026-01-15 13:28:11,160 - src.pricing.monte_carlo - INFO - Pricing Up-And-Out Call Barrier Option using Monte Carlo...
2026-01-15 13:28:23,545 - src.pricing.monte_carlo - INFO - Option price: 1.9670 ± 0.0570
2026-01-15 13:28:23,545 - src.pricing.monte_carlo - INFO - 95% CI: [1.8554, 2.0787]
2026-01-15 13:28:23,547 - src.pricing.monte_carlo - INFO - Greeks computed: Delta=-0.0449, Gamma=-0.2193, Vega=-16.9079
2026-01-15 13:28:23,548 - src.pricing.monte_carlo - INFO - Initialized Monte Carlo engine with 5000 simulations
2026-01-15 13:28:23,549 - src.pricing.monte_carlo - INFO - Pricing Up-And-Out Call Barrier Option using Monte Carlo...
2026-01-15 13:28:36,043 - src.pricing.monte_carlo - INFO - Option price: 2.1253 ± 0.0586
2026-01-15 13:28:36,043 - src.pricing.monte_carlo - INFO - 95% CI: [2.0104, 2.2401]
2026-01-15 13:28:36,045 - src.pricing.monte_carlo - INFO - Pricing Up-And-Out Call Barrier Option using Monte Carlo...
2026-01-15 13:28:48,230 - src.pricing.monte_carlo - INFO - Option price: 1.9646 ± 0.0568
2026-01-15 13:28:48,231 - src.pricing.monte_carlo - INFO - 95% CI: [1.8532, 2.0760]
2026-01-15 13:28:48,232 - src.pricing.monte_carlo - INFO - Pricing Up-And-Out Call Barrier Option using Monte Carlo...
2026-01-15 13:29:00,211 - src.pricing.monte_carlo - INFO - Option price: 2.0839 ± 0.0591
2026-01-15 13:29:00,212 - src.pricing.monte_carlo - INFO - 95% CI: [1.9681, 2.1996]
2026-01-15 13:29:00,214 - src.pricing.monte_carlo - INFO - Pricing Up-And-Out Call Barrier Option using Monte Carlo...
2026-01-15 13:29:12,345 - src.pricing.monte_carlo - INFO - Option price: 2.0651 ± 0.0585
2026-01-15 13:29:12,346 - src.pricing.monte_carlo - INFO - 95% CI: [1.9504, 2.1798]
2026-01-15 13:29:12,347 - src.pricing.monte_carlo - INFO - Pricing Up-And-Out Call Barrier Option using Monte Carlo...
2026-01-15 13:29:24,299 - src.pricing.monte_carlo - INFO - Option price: 2.0574 ± 0.0585
2026-01-15 13:29:24,300 - src.pricing.monte_carlo - INFO - 95% CI: [1.9428, 2.1721]
2026-01-15 13:29:24,301 - src.pricing.monte_carlo - INFO - Pricing Up-And-Out Call Barrier Option using Monte Carlo...
2026-01-15 13:29:36,354 - src.pricing.monte_carlo - INFO - Option price: 2.0835 ± 0.0579
2026-01-15 13:29:36,354 - src.pricing.monte_carlo - INFO - 95% CI: [1.9700, 2.1970]
2026-01-15 13:29:36,356 - src.pricing.monte_carlo - INFO - Greeks computed: Delta=-0.0596, Gamma=-0.2020, Vega=-6.0191
2026-01-15 13:29:36,357 - src.pricing.monte_carlo - INFO - Initialized Monte Carlo engine with 5000 simulations
2026-01-15 13:29:36,357 - src.pricing.monte_carlo - INFO - Pricing Up-And-Out Call Barrier Option using Monte Carlo...
2026-01-15 13:29:48,722 - src.pricing.monte_carlo - INFO - Option price: 2.1964 ± 0.0611
2026-01-15 13:29:48,723 - src.pricing.monte_carlo - INFO - 95% CI: [2.0766, 2.3163]
2026-01-15 13:29:48,724 - src.pricing.monte_carlo - INFO - Pricing Up-And-Out Call Barrier Option using Monte Carlo...
2026-01-15 13:30:00,750 - src.pricing.monte_carlo - INFO - Option price: 2.0523 ± 0.0586
2026-01-15 13:30:00,751 - src.pricing.monte_carlo - INFO - 95% CI: [1.9375, 2.1671]
2026-01-15 13:30:00,752 - src.pricing.monte_carlo - INFO - Pricing Up-And-Out Call Barrier Option using Monte Carlo...
2026-01-15 13:30:12,749 - src.pricing.monte_carlo - INFO - Option price: 2.0160 ± 0.0571
2026-01-15 13:30:12,750 - src.pricing.monte_carlo - INFO - 95% CI: [1.9040, 2.1279]
2026-01-15 13:30:12,751 - src.pricing.monte_carlo - INFO - Pricing Up-And-Out Call Barrier Option using Monte Carlo...
2026-01-15 13:30:24,567 - src.pricing.monte_carlo - INFO - Option price: 1.9698 ± 0.0572
2026-01-15 13:30:24,567 - src.pricing.monte_carlo - INFO - 95% CI: [1.8578, 2.0819]
2026-01-15 13:30:24,569 - src.pricing.monte_carlo - INFO - Pricing Up-And-Out Call Barrier Option using Monte Carlo...
2026-01-15 13:30:36,279 - src.pricing.monte_carlo - INFO - Option price: 2.1341 ± 0.0593
2026-01-15 13:30:36,279 - src.pricing.monte_carlo - INFO - 95% CI: [2.0178, 2.2504]
2026-01-15 13:30:36,280 - src.pricing.monte_carlo - INFO - Pricing Up-And-Out Call Barrier Option using Monte Carlo...
2026-01-15 13:30:48,186 - src.pricing.monte_carlo - INFO - Option price: 2.0821 ± 0.0585
2026-01-15 13:30:48,186 - src.pricing.monte_carlo - INFO - 95% CI: [1.9674, 2.1968]
2026-01-15 13:30:48,188 - src.pricing.monte_carlo - INFO - Greeks computed: Delta=0.0182, Gamma=-0.3246, Vega=-22.6626
2026-01-15 13:30:48,188 - src.pricing.monte_carlo - INFO - Initialized Monte Carlo engine with 5000 simulations
2026-01-15 13:30:48,188 - src.pricing.monte_carlo - INFO - Pricing Up-And-Out Call Barrier Option using Monte Carlo...
2026-01-15 13:31:00,143 - src.pricing.monte_carlo - INFO - Option price: 2.0810 ± 0.0582
2026-01-15 13:31:00,143 - src.pricing.monte_carlo - INFO - 95% CI: [1.9669, 2.1951]
2026-01-15 13:31:00,145 - src.pricing.monte_carlo - INFO - Pricing Up-And-Out Call Barrier Option using Monte Carlo...
2026-01-15 13:31:12,325 - src.pricing.monte_carlo - INFO - Option price: 2.0912 ± 0.0590
2026-01-15 13:31:12,326 - src.pricing.monte_carlo - INFO - 95% CI: [1.9755, 2.2068]
2026-01-15 13:31:12,327 - src.pricing.monte_carlo - INFO - Pricing Up-And-Out Call Barrier Option using Monte Carlo...
2026-01-15 13:31:24,401 - src.pricing.monte_carlo - INFO - Option price: 1.9931 ± 0.0569
2026-01-15 13:31:24,401 - src.pricing.monte_carlo - INFO - 95% CI: [1.8815, 2.1047]
2026-01-15 13:31:24,403 - src.pricing.monte_carlo - INFO - Pricing Up-And-Out Call Barrier Option using Monte Carlo...
2026-01-15 13:31:36,537 - src.pricing.monte_carlo - INFO - Option price: 2.0106 ± 0.0576
2026-01-15 13:31:36,537 - src.pricing.monte_carlo - INFO - 95% CI: [1.8977, 2.1235]
2026-01-15 13:31:36,538 - src.pricing.monte_carlo - INFO - Pricing Up-And-Out Call Barrier Option using Monte Carlo...
2026-01-15 13:31:48,554 - src.pricing.monte_carlo - INFO - Option price: 2.0407 ± 0.0578
2026-01-15 13:31:48,554 - src.pricing.monte_carlo - INFO - 95% CI: [1.9273, 2.1540]
2026-01-15 13:31:48,558 - src.pricing.monte_carlo - INFO - Pricing Up-And-Out Call Barrier Option using Monte Carlo...
2026-01-15 13:32:00,726 - src.pricing.monte_carlo - INFO - Option price: 2.1087 ± 0.0590
2026-01-15 13:32:00,727 - src.pricing.monte_carlo - INFO - 95% CI: [1.9930, 2.2244]
2026-01-15 13:32:00,728 - src.pricing.monte_carlo - INFO - Greeks computed: Delta=0.0490, Gamma=-0.0777, Vega=-7.0419
2026-01-15 13:32:00,729 - src.pricing.monte_carlo - INFO - Initialized Monte Carlo engine with 5000 simulations
2026-01-15 13:32:00,729 - src.pricing.monte_carlo - INFO - Pricing Up-And-Out Call Barrier Option using Monte Carlo...
2026-01-15 13:32:12,881 - src.pricing.monte_carlo - INFO - Option price: 2.0220 ± 0.0584
2026-01-15 13:32:12,882 - src.pricing.monte_carlo - INFO - 95% CI: [1.9075, 2.1365]
2026-01-15 13:32:12,883 - src.pricing.monte_carlo - INFO - Pricing Up-And-Out Call Barrier Option using Monte Carlo...
2026-01-15 13:32:24,980 - src.pricing.monte_carlo - INFO - Option price: 1.9409 ± 0.0573
2026-01-15 13:32:24,981 - src.pricing.monte_carlo - INFO - 95% CI: [1.8285, 2.0533]
2026-01-15 13:32:24,982 - src.pricing.monte_carlo - INFO - Pricing Up-And-Out Call Barrier Option using Monte Carlo...
2026-01-15 13:32:37,022 - src.pricing.monte_carlo - INFO - Option price: 2.0209 ± 0.0583
2026-01-15 13:32:37,022 - src.pricing.monte_carlo - INFO - 95% CI: [1.9066, 2.1352]
2026-01-15 13:32:37,023 - src.pricing.monte_carlo - INFO - Pricing Up-And-Out Call Barrier Option using Monte Carlo...
2026-01-15 13:32:48,996 - src.pricing.monte_carlo - INFO - Option price: 2.0197 ± 0.0581
2026-01-15 13:32:48,997 - src.pricing.monte_carlo - INFO - 95% CI: [1.9059, 2.1335]
2026-01-15 13:32:48,998 - src.pricing.monte_carlo - INFO - Pricing Up-And-Out Call Barrier Option using Monte Carlo...
2026-01-15 13:33:00,939 - src.pricing.monte_carlo - INFO - Option price: 2.0839 ± 0.0582
2026-01-15 13:33:00,940 - src.pricing.monte_carlo - INFO - 95% CI: [1.9698, 2.1981]
2026-01-15 13:33:00,941 - src.pricing.monte_carlo - INFO - Pricing Up-And-Out Call Barrier Option using Monte Carlo...
2026-01-15 13:33:12,901 - src.pricing.monte_carlo - INFO - Option price: 1.9443 ± 0.0568
2026-01-15 13:33:12,902 - src.pricing.monte_carlo - INFO - 95% CI: [1.8329, 2.0557]
2026-01-15 13:33:12,903 - src.pricing.monte_carlo - INFO - Greeks computed: Delta=-0.0400, Gamma=-0.0822, Vega=-0.2296
2026-01-15 13:33:12,904 - src.pricing.monte_carlo - INFO - Initialized Monte Carlo engine with 5000 simulations
2026-01-15 13:33:12,904 - src.pricing.monte_carlo - INFO - Pricing Up-And-Out Call Barrier Option using Monte Carlo...
2026-01-15 13:33:24,955 - src.pricing.monte_carlo - INFO - Option price: 2.0030 ± 0.0577
2026-01-15 13:33:24,956 - src.pricing.monte_carlo - INFO - 95% CI: [1.8899, 2.1161]
2026-01-15 13:33:24,958 - src.pricing.monte_carlo - INFO - Pricing Up-And-Out Call Barrier Option using Monte Carlo...
2026-01-15 13:33:37,007 - src.pricing.monte_carlo - INFO - Option price: 2.1613 ± 0.0600
2026-01-15 13:33:37,007 - src.pricing.monte_carlo - INFO - 95% CI: [2.0436, 2.2789]
2026-01-15 13:33:37,009 - src.pricing.monte_carlo - INFO - Pricing Up-And-Out Call Barrier Option using Monte Carlo...
2026-01-15 13:33:48,857 - src.pricing.monte_carlo - INFO - Option price: 1.9017 ± 0.0561
2026-01-15 13:33:48,857 - src.pricing.monte_carlo - INFO - 95% CI: [1.7917, 2.0117]
2026-01-15 13:33:48,860 - src.pricing.monte_carlo - INFO - Pricing Up-And-Out Call Barrier Option using Monte Carlo...
2026-01-15 13:34:00,896 - src.pricing.monte_carlo - INFO - Option price: 2.0641 ± 0.0586
2026-01-15 13:34:00,897 - src.pricing.monte_carlo - INFO - 95% CI: [1.9493, 2.1789]
2026-01-15 13:34:00,898 - src.pricing.monte_carlo - INFO - Pricing Up-And-Out Call Barrier Option using Monte Carlo...
2026-01-15 13:34:13,155 - src.pricing.monte_carlo - INFO - Option price: 2.0414 ± 0.0584
2026-01-15 13:34:13,155 - src.pricing.monte_carlo - INFO - 95% CI: [1.9268, 2.1559]
2026-01-15 13:34:13,156 - src.pricing.monte_carlo - INFO - Pricing Up-And-Out Call Barrier Option using Monte Carlo...
2026-01-15 13:34:25,205 - src.pricing.monte_carlo - INFO - Option price: 2.2789 ± 0.0608
2026-01-15 13:34:25,205 - src.pricing.monte_carlo - INFO - 95% CI: [2.1598, 2.3980]
2026-01-15 13:34:25,207 - src.pricing.monte_carlo - INFO - Greeks computed: Delta=0.1298, Gamma=0.0570, Vega=6.1105
2026-01-15 13:34:25,207 - src.pricing.monte_carlo - INFO - Initialized Monte Carlo engine with 5000 simulations
2026-01-15 13:34:25,208 - src.pricing.monte_carlo - INFO - Pricing Up-And-Out Call Barrier Option using Monte Carlo...
2026-01-15 13:34:37,648 - src.pricing.monte_carlo - INFO - Option price: 2.0348 ± 0.0575
2026-01-15 13:34:37,648 - src.pricing.monte_carlo - INFO - 95% CI: [1.9221, 2.1475]
2026-01-15 13:34:37,650 - src.pricing.monte_carlo - INFO - Pricing Up-And-Out Call Barrier Option using Monte Carlo...
2026-01-15 13:34:49,915 - src.pricing.monte_carlo - INFO - Option price: 2.1443 ± 0.0596
2026-01-15 13:34:49,915 - src.pricing.monte_carlo - INFO - 95% CI: [2.0275, 2.2611]
2026-01-15 13:34:49,917 - src.pricing.monte_carlo - INFO - Pricing Up-And-Out Call Barrier Option using Monte Carlo...
2026-01-15 13:35:02,131 - src.pricing.monte_carlo - INFO - Option price: 2.2065 ± 0.0597
2026-01-15 13:35:02,132 - src.pricing.monte_carlo - INFO - 95% CI: [2.0895, 2.3236]
2026-01-15 13:35:02,134 - src.pricing.monte_carlo - INFO - Pricing Up-And-Out Call Barrier Option using Monte Carlo...
2026-01-15 13:35:14,470 - src.pricing.monte_carlo - INFO - Option price: 2.1973 ± 0.0611
2026-01-15 13:35:14,471 - src.pricing.monte_carlo - INFO - 95% CI: [2.0776, 2.3170]
2026-01-15 13:35:14,472 - src.pricing.monte_carlo - INFO - Pricing Up-And-Out Call Barrier Option using Monte Carlo...
2026-01-15 13:35:26,809 - src.pricing.monte_carlo - INFO - Option price: 2.1118 ± 0.0590
2026-01-15 13:35:26,810 - src.pricing.monte_carlo - INFO - 95% CI: [1.9962, 2.2275]
2026-01-15 13:35:26,813 - src.pricing.monte_carlo - INFO - Pricing Up-And-Out Call Barrier Option using Monte Carlo...
2026-01-15 13:35:38,886 - src.pricing.monte_carlo - INFO - Option price: 2.0691 ± 0.0581
2026-01-15 13:35:38,886 - src.pricing.monte_carlo - INFO - 95% CI: [1.9553, 2.1830]
2026-01-15 13:35:38,888 - src.pricing.monte_carlo - INFO - Greeks computed: Delta=-0.0311, Gamma=0.2812, Vega=16.2501
2026-01-15 13:35:38,889 - src.pricing.monte_carlo - INFO - Initialized Monte Carlo engine with 5000 simulations
2026-01-15 13:35:38,889 - src.pricing.monte_carlo - INFO - Pricing Up-And-Out Call Barrier Option using Monte Carlo...
2026-01-15 13:35:50,906 - src.pricing.monte_carlo - INFO - Option price: 1.9862 ± 0.0569
2026-01-15 13:35:50,906 - src.pricing.monte_carlo - INFO - 95% CI: [1.8746, 2.0977]
2026-01-15 13:35:50,909 - src.pricing.monte_carlo - INFO - Pricing Up-And-Out Call Barrier Option using Monte Carlo...
2026-01-15 13:36:02,908 - src.pricing.monte_carlo - INFO - Option price: 2.1086 ± 0.0594
2026-01-15 13:36:02,908 - src.pricing.monte_carlo - INFO - 95% CI: [1.9922, 2.2250]
2026-01-15 13:36:02,909 - src.pricing.monte_carlo - INFO - Pricing Up-And-Out Call Barrier Option using Monte Carlo...
2026-01-15 13:36:14,924 - src.pricing.monte_carlo - INFO - Option price: 2.0538 ± 0.0580
2026-01-15 13:36:14,924 - src.pricing.monte_carlo - INFO - 95% CI: [1.9401, 2.1674]
2026-01-15 13:36:14,926 - src.pricing.monte_carlo - INFO - Pricing Up-And-Out Call Barrier Option using Monte Carlo...
2026-01-15 13:36:26,888 - src.pricing.monte_carlo - INFO - Option price: 1.9352 ± 0.0575
2026-01-15 13:36:26,889 - src.pricing.monte_carlo - INFO - 95% CI: [1.8225, 2.0478]
2026-01-15 13:36:26,891 - src.pricing.monte_carlo - INFO - Pricing Up-And-Out Call Barrier Option using Monte Carlo...
2026-01-15 13:36:38,727 - src.pricing.monte_carlo - INFO - Option price: 1.9837 ± 0.0572
2026-01-15 13:36:38,727 - src.pricing.monte_carlo - INFO - 95% CI: [1.8716, 2.0958]
2026-01-15 13:36:38,729 - src.pricing.monte_carlo - INFO - Pricing Up-And-Out Call Barrier Option using Monte Carlo...
2026-01-15 13:36:50,396 - src.pricing.monte_carlo - INFO - Option price: 2.0702 ± 0.0586
2026-01-15 13:36:50,397 - src.pricing.monte_carlo - INFO - 95% CI: [1.9553, 2.1852]
2026-01-15 13:36:50,398 - src.pricing.monte_carlo - INFO - Greeks computed: Delta=0.0274, Gamma=0.1901, Vega=-5.0982
2026-01-15 13:36:50,398 - src.pricing.monte_carlo - INFO - Initialized Monte Carlo engine with 5000 simulations
2026-01-15 13:36:50,399 - src.pricing.monte_carlo - INFO - Pricing Up-And-Out Call Barrier Option using Monte Carlo...
2026-01-15 13:37:01,975 - src.pricing.monte_carlo - INFO - Option price: 2.0346 ± 0.0579
2026-01-15 13:37:01,976 - src.pricing.monte_carlo - INFO - 95% CI: [1.9212, 2.1481]
2026-01-15 13:37:01,977 - src.pricing.monte_carlo - INFO - Pricing Up-And-Out Call Barrier Option using Monte Carlo...
2026-01-15 13:37:13,814 - src.pricing.monte_carlo - INFO - Option price: 2.0035 ± 0.0580
2026-01-15 13:37:13,814 - src.pricing.monte_carlo - INFO - 95% CI: [1.8899, 2.1171]
2026-01-15 13:37:13,816 - src.pricing.monte_carlo - INFO - Pricing Up-And-Out Call Barrier Option using Monte Carlo...
2026-01-15 13:37:25,666 - src.pricing.monte_carlo - INFO - Option price: 2.0298 ± 0.0586
2026-01-15 13:37:25,667 - src.pricing.monte_carlo - INFO - 95% CI: [1.9149, 2.1446]
2026-01-15 13:37:25,669 - src.pricing.monte_carlo - INFO - Pricing Up-And-Out Call Barrier Option using Monte Carlo...
2026-01-15 13:37:37,550 - src.pricing.monte_carlo - INFO - Option price: 2.1859 ± 0.0598
2026-01-15 13:37:37,551 - src.pricing.monte_carlo - INFO - 95% CI: [2.0687, 2.3031]
2026-01-15 13:37:37,554 - src.pricing.monte_carlo - INFO - Pricing Up-And-Out Call Barrier Option using Monte Carlo...
2026-01-15 13:37:49,509 - src.pricing.monte_carlo - INFO - Option price: 2.0021 ± 0.0577
2026-01-15 13:37:49,510 - src.pricing.monte_carlo - INFO - 95% CI: [1.8890, 2.1153]
2026-01-15 13:37:49,512 - src.pricing.monte_carlo - INFO - Pricing Up-And-Out Call Barrier Option using Monte Carlo...
2026-01-15 13:38:01,422 - src.pricing.monte_carlo - INFO - Option price: 2.1249 ± 0.0590
2026-01-15 13:38:01,423 - src.pricing.monte_carlo - INFO - 95% CI: [2.0092, 2.2406]
2026-01-15 13:38:01,426 - src.pricing.monte_carlo - INFO - Greeks computed: Delta=-0.0131, Gamma=-0.0360, Vega=15.1277
2026-01-15 13:38:01,427 - src.pricing.monte_carlo - INFO - Initialized Monte Carlo engine with 5000 simulations
2026-01-15 13:38:01,427 - src.pricing.monte_carlo - INFO - Pricing Up-And-Out Call Barrier Option using Monte Carlo...
2026-01-15 13:38:13,107 - src.pricing.monte_carlo - INFO - Option price: 2.1348 ± 0.0591
2026-01-15 13:38:13,107 - src.pricing.monte_carlo - INFO - 95% CI: [2.0190, 2.2506]
2026-01-15 13:38:13,109 - src.pricing.monte_carlo - INFO - Pricing Up-And-Out Call Barrier Option using Monte Carlo...
2026-01-15 13:38:25,022 - src.pricing.monte_carlo - INFO - Option price: 2.0859 ± 0.0595
2026-01-15 13:38:25,023 - src.pricing.monte_carlo - INFO - 95% CI: [1.9693, 2.2025]
2026-01-15 13:38:25,024 - src.pricing.monte_carlo - INFO - Pricing Up-And-Out Call Barrier Option using Monte Carlo...
2026-01-15 13:38:36,820 - src.pricing.monte_carlo - INFO - Option price: 2.0372 ± 0.0580
2026-01-15 13:38:36,821 - src.pricing.monte_carlo - INFO - 95% CI: [1.9236, 2.1509]
2026-01-15 13:38:36,824 - src.pricing.monte_carlo - INFO - Pricing Up-And-Out Call Barrier Option using Monte Carlo...
2026-01-15 13:38:48,802 - src.pricing.monte_carlo - INFO - Option price: 2.0813 ± 0.0586
2026-01-15 13:38:48,803 - src.pricing.monte_carlo - INFO - 95% CI: [1.9664, 2.1962]
2026-01-15 13:38:48,804 - src.pricing.monte_carlo - INFO - Pricing Up-And-Out Call Barrier Option using Monte Carlo...
2026-01-15 13:39:00,862 - src.pricing.monte_carlo - INFO - Option price: 2.0358 ± 0.0593
2026-01-15 13:39:00,862 - src.pricing.monte_carlo - INFO - 95% CI: [1.9197, 2.1519]
2026-01-15 13:39:00,863 - src.pricing.monte_carlo - INFO - Pricing Up-And-Out Call Barrier Option using Monte Carlo...
2026-01-15 13:39:12,465 - src.pricing.monte_carlo - INFO - Option price: 2.1811 ± 0.0600
2026-01-15 13:39:12,465 - src.pricing.monte_carlo - INFO - 95% CI: [2.0635, 2.2986]
2026-01-15 13:39:12,467 - src.pricing.monte_carlo - INFO - Greeks computed: Delta=0.0243, Gamma=-0.1464, Vega=-5.3510
2026-01-15 13:39:12,467 - src.pricing.monte_carlo - INFO - Initialized Monte Carlo engine with 5000 simulations
2026-01-15 13:39:12,468 - src.pricing.monte_carlo - INFO - Pricing Up-And-Out Call Barrier Option using Monte Carlo...
2026-01-15 13:39:24,180 - src.pricing.monte_carlo - INFO - Option price: 2.1433 ± 0.0597
2026-01-15 13:39:24,181 - src.pricing.monte_carlo - INFO - 95% CI: [2.0263, 2.2604]
2026-01-15 13:39:24,182 - src.pricing.monte_carlo - INFO - Pricing Up-And-Out Call Barrier Option using Monte Carlo...
2026-01-15 13:39:35,961 - src.pricing.monte_carlo - INFO - Option price: 2.0666 ± 0.0594
2026-01-15 13:39:35,962 - src.pricing.monte_carlo - INFO - 95% CI: [1.9502, 2.1830]
2026-01-15 13:39:35,963 - src.pricing.monte_carlo - INFO - Pricing Up-And-Out Call Barrier Option using Monte Carlo...
2026-01-15 13:39:47,801 - src.pricing.monte_carlo - INFO - Option price: 1.9374 ± 0.0573
2026-01-15 13:39:47,801 - src.pricing.monte_carlo - INFO - 95% CI: [1.8252, 2.0497]
2026-01-15 13:39:47,803 - src.pricing.monte_carlo - INFO - Pricing Up-And-Out Call Barrier Option using Monte Carlo...
2026-01-15 13:39:59,799 - src.pricing.monte_carlo - INFO - Option price: 1.9668 ± 0.0577
2026-01-15 13:39:59,799 - src.pricing.monte_carlo - INFO - 95% CI: [1.8536, 2.0799]
2026-01-15 13:39:59,800 - src.pricing.monte_carlo - INFO - Pricing Up-And-Out Call Barrier Option using Monte Carlo...
2026-01-15 13:40:11,671 - src.pricing.monte_carlo - INFO - Option price: 1.9595 ± 0.0571
2026-01-15 13:40:11,672 - src.pricing.monte_carlo - INFO - 95% CI: [1.8475, 2.0715]
2026-01-15 13:40:11,673 - src.pricing.monte_carlo - INFO - Pricing Up-And-Out Call Barrier Option using Monte Carlo...
2026-01-15 13:40:23,718 - src.pricing.monte_carlo - INFO - Option price: 2.0218 ± 0.0582
2026-01-15 13:40:23,718 - src.pricing.monte_carlo - INFO - 95% CI: [1.9077, 2.1358]
2026-01-15 13:40:23,720 - src.pricing.monte_carlo - INFO - Greeks computed: Delta=0.0646, Gamma=-0.2826, Vega=-17.6582
2026-01-15 13:40:23,721 - src.pricing.monte_carlo - INFO - Initialized Monte Carlo engine with 5000 simulations
2026-01-15 13:40:23,722 - src.pricing.monte_carlo - INFO - Pricing Up-And-Out Call Barrier Option using Monte Carlo...
2026-01-15 13:40:35,741 - src.pricing.monte_carlo - INFO - Option price: 2.1300 ± 0.0596
2026-01-15 13:40:35,741 - src.pricing.monte_carlo - INFO - 95% CI: [2.0131, 2.2469]
2026-01-15 13:40:35,743 - src.pricing.monte_carlo - INFO - Pricing Up-And-Out Call Barrier Option using Monte Carlo...
2026-01-15 13:40:47,707 - src.pricing.monte_carlo - INFO - Option price: 2.0420 ± 0.0587
2026-01-15 13:40:47,707 - src.pricing.monte_carlo - INFO - 95% CI: [1.9270, 2.1570]
2026-01-15 13:40:47,710 - src.pricing.monte_carlo - INFO - Pricing Up-And-Out Call Barrier Option using Monte Carlo...
2026-01-15 13:40:59,530 - src.pricing.monte_carlo - INFO - Option price: 1.9806 ± 0.0571
2026-01-15 13:40:59,530 - src.pricing.monte_carlo - INFO - 95% CI: [1.8686, 2.0926]
2026-01-15 13:40:59,532 - src.pricing.monte_carlo - INFO - Pricing Up-And-Out Call Barrier Option using Monte Carlo...
2026-01-15 13:41:11,434 - src.pricing.monte_carlo - INFO - Option price: 1.9603 ± 0.0574
2026-01-15 13:41:11,434 - src.pricing.monte_carlo - INFO - 95% CI: [1.8479, 2.0728]
2026-01-15 13:41:11,437 - src.pricing.monte_carlo - INFO - Pricing Up-And-Out Call Barrier Option using Monte Carlo...
2026-01-15 13:41:23,231 - src.pricing.monte_carlo - INFO - Option price: 2.1511 ± 0.0603
2026-01-15 13:41:23,232 - src.pricing.monte_carlo - INFO - 95% CI: [2.0330, 2.2693]
2026-01-15 13:41:23,234 - src.pricing.monte_carlo - INFO - Pricing Up-And-Out Call Barrier Option using Monte Carlo...
2026-01-15 13:41:35,099 - src.pricing.monte_carlo - INFO - Option price: 2.0646 ± 0.0585
2026-01-15 13:41:35,099 - src.pricing.monte_carlo - INFO - 95% CI: [1.9500, 2.1791]
2026-01-15 13:41:35,101 - src.pricing.monte_carlo - INFO - Greeks computed: Delta=0.0307, Gamma=-0.2374, Vega=-16.9683
2026-01-15 13:41:35,101 - src.pricing.monte_carlo - INFO - Initialized Monte Carlo engine with 5000 simulations
2026-01-15 13:41:35,101 - src.pricing.monte_carlo - INFO - Pricing Up-And-Out Call Barrier Option using Monte Carlo...
2026-01-15 13:41:46,727 - src.pricing.monte_carlo - INFO - Option price: 2.0143 ± 0.0582
2026-01-15 13:41:46,727 - src.pricing.monte_carlo - INFO - 95% CI: [1.9002, 2.1284]
2026-01-15 13:41:46,729 - src.pricing.monte_carlo - INFO - Pricing Up-And-Out Call Barrier Option using Monte Carlo...
2026-01-15 13:41:58,369 - src.pricing.monte_carlo - INFO - Option price: 2.0710 ± 0.0585
2026-01-15 13:41:58,369 - src.pricing.monte_carlo - INFO - 95% CI: [1.9564, 2.1857]
2026-01-15 13:41:58,370 - src.pricing.monte_carlo - INFO - Pricing Up-And-Out Call Barrier Option using Monte Carlo...
2026-01-15 13:42:10,069 - src.pricing.monte_carlo - INFO - Option price: 2.1180 ± 0.0593
2026-01-15 13:42:10,070 - src.pricing.monte_carlo - INFO - 95% CI: [2.0017, 2.2343]
2026-01-15 13:42:10,071 - src.pricing.monte_carlo - INFO - Pricing Up-And-Out Call Barrier Option using Monte Carlo...
2026-01-15 13:42:21,865 - src.pricing.monte_carlo - INFO - Option price: 1.9589 ± 0.0576
2026-01-15 13:42:21,866 - src.pricing.monte_carlo - INFO - 95% CI: [1.8460, 2.0717]
2026-01-15 13:42:21,868 - src.pricing.monte_carlo - INFO - Pricing Up-And-Out Call Barrier Option using Monte Carlo...
2026-01-15 13:42:33,570 - src.pricing.monte_carlo - INFO - Option price: 2.1022 ± 0.0592
2026-01-15 13:42:33,581 - src.pricing.monte_carlo - INFO - 95% CI: [1.9862, 2.2182]
2026-01-15 13:42:33,586 - src.pricing.monte_carlo - INFO - Pricing Up-And-Out Call Barrier Option using Monte Carlo...
2026-01-15 13:42:45,283 - src.pricing.monte_carlo - INFO - Option price: 2.0148 ± 0.0583
2026-01-15 13:42:45,283 - src.pricing.monte_carlo - INFO - 95% CI: [1.9006, 2.1290]
2026-01-15 13:42:45,286 - src.pricing.monte_carlo - INFO - Greeks computed: Delta=-0.0235, Gamma=0.1604, Vega=-5.5413
2026-01-15 13:42:45,286 - src.pricing.monte_carlo - INFO - Initialized Monte Carlo engine with 5000 simulations
2026-01-15 13:42:45,287 - src.pricing.monte_carlo - INFO - Pricing Up-And-Out Call Barrier Option using Monte Carlo...
2026-01-15 13:42:56,893 - src.pricing.monte_carlo - INFO - Option price: 2.0093 ± 0.0574
2026-01-15 13:42:56,894 - src.pricing.monte_carlo - INFO - 95% CI: [1.8967, 2.1219]
2026-01-15 13:42:56,895 - src.pricing.monte_carlo - INFO - Pricing Up-And-Out Call Barrier Option using Monte Carlo...
2026-01-15 13:43:08,698 - src.pricing.monte_carlo - INFO - Option price: 2.0387 ± 0.0586
2026-01-15 13:43:08,699 - src.pricing.monte_carlo - INFO - 95% CI: [1.9237, 2.1536]
2026-01-15 13:43:08,701 - src.pricing.monte_carlo - INFO - Pricing Up-And-Out Call Barrier Option using Monte Carlo...
2026-01-15 13:43:20,778 - src.pricing.monte_carlo - INFO - Option price: 1.9685 ± 0.0573
2026-01-15 13:43:20,779 - src.pricing.monte_carlo - INFO - 95% CI: [1.8562, 2.0808]
2026-01-15 13:43:20,780 - src.pricing.monte_carlo - INFO - Pricing Up-And-Out Call Barrier Option using Monte Carlo...
2026-01-15 13:43:32,774 - src.pricing.monte_carlo - INFO - Option price: 2.0376 ± 0.0577
2026-01-15 13:43:32,774 - src.pricing.monte_carlo - INFO - 95% CI: [1.9245, 2.1508]
2026-01-15 13:43:32,775 - src.pricing.monte_carlo - INFO - Pricing Up-And-Out Call Barrier Option using Monte Carlo...
2026-01-15 13:43:45,026 - src.pricing.monte_carlo - INFO - Option price: 2.0658 ± 0.0583
2026-01-15 13:43:45,027 - src.pricing.monte_carlo - INFO - 95% CI: [1.9515, 2.1800]
2026-01-15 13:43:45,028 - src.pricing.monte_carlo - INFO - Pricing Up-And-Out Call Barrier Option using Monte Carlo...
2026-01-15 13:43:57,247 - src.pricing.monte_carlo - INFO - Option price: 2.1775 ± 0.0597
2026-01-15 13:43:57,248 - src.pricing.monte_carlo - INFO - 95% CI: [2.0605, 2.2945]
2026-01-15 13:43:57,250 - src.pricing.monte_carlo - INFO - Greeks computed: Delta=0.0351, Gamma=-0.0115, Vega=2.8276
2026-01-15 13:43:57,251 - src.pricing.monte_carlo - INFO - Initialized Monte Carlo engine with 5000 simulations
2026-01-15 13:43:57,251 - src.pricing.monte_carlo - INFO - Pricing Up-And-Out Call Barrier Option using Monte Carlo...
2026-01-15 13:44:09,600 - src.pricing.monte_carlo - INFO - Option price: 2.0160 ± 0.0576
2026-01-15 13:44:09,601 - src.pricing.monte_carlo - INFO - 95% CI: [1.9032, 2.1289]
2026-01-15 13:44:09,602 - src.pricing.monte_carlo - INFO - Pricing Up-And-Out Call Barrier Option using Monte Carlo...
2026-01-15 13:44:22,079 - src.pricing.monte_carlo - INFO - Option price: 2.0125 ± 0.0570
2026-01-15 13:44:22,080 - src.pricing.monte_carlo - INFO - 95% CI: [1.9008, 2.1241]
2026-01-15 13:44:22,082 - src.pricing.monte_carlo - INFO - Pricing Up-And-Out Call Barrier Option using Monte Carlo...
2026-01-15 13:44:34,451 - src.pricing.monte_carlo - INFO - Option price: 2.0426 ± 0.0589
2026-01-15 13:44:34,451 - src.pricing.monte_carlo - INFO - 95% CI: [1.9272, 2.1580]
2026-01-15 13:44:34,452 - src.pricing.monte_carlo - INFO - Pricing Up-And-Out Call Barrier Option using Monte Carlo...
2026-01-15 13:44:46,444 - src.pricing.monte_carlo - INFO - Option price: 2.0102 ± 0.0579
2026-01-15 13:44:46,445 - src.pricing.monte_carlo - INFO - 95% CI: [1.8968, 2.1237]
2026-01-15 13:44:46,446 - src.pricing.monte_carlo - INFO - Pricing Up-And-Out Call Barrier Option using Monte Carlo...
2026-01-15 13:44:58,358 - src.pricing.monte_carlo - INFO - Option price: 2.0689 ± 0.0583
2026-01-15 13:44:58,358 - src.pricing.monte_carlo - INFO - 95% CI: [1.9547, 2.1831]
2026-01-15 13:44:58,359 - src.pricing.monte_carlo - INFO - Pricing Up-And-Out Call Barrier Option using Monte Carlo...
2026-01-15 13:45:10,246 - src.pricing.monte_carlo - INFO - Option price: 2.1347 ± 0.0598
2026-01-15 13:45:10,246 - src.pricing.monte_carlo - INFO - 95% CI: [2.0175, 2.2520]
2026-01-15 13:45:10,248 - src.pricing.monte_carlo - INFO - Greeks computed: Delta=-0.0151, Gamma=0.0230, Vega=-0.5802
2026-01-15 13:45:10,248 - src.pricing.monte_carlo - INFO - Initialized Monte Carlo engine with 5000 simulations
2026-01-15 13:45:10,248 - src.pricing.monte_carlo - INFO - Pricing Up-And-Out Call Barrier Option using Monte Carlo...
2026-01-15 13:45:22,218 - src.pricing.monte_carlo - INFO - Option price: 2.0671 ± 0.0587
2026-01-15 13:45:22,219 - src.pricing.monte_carlo - INFO - 95% CI: [1.9520, 2.1822]
2026-01-15 13:45:22,220 - src.pricing.monte_carlo - INFO - Pricing Up-And-Out Call Barrier Option using Monte Carlo...
2026-01-15 13:45:34,070 - src.pricing.monte_carlo - INFO - Option price: 2.1387 ± 0.0602
2026-01-15 13:45:34,071 - src.pricing.monte_carlo - INFO - 95% CI: [2.0208, 2.2566]
2026-01-15 13:45:34,073 - src.pricing.monte_carlo - INFO - Pricing Up-And-Out Call Barrier Option using Monte Carlo...
2026-01-15 13:45:45,981 - src.pricing.monte_carlo - INFO - Option price: 1.9766 ± 0.0579
2026-01-15 13:45:45,982 - src.pricing.monte_carlo - INFO - 95% CI: [1.8631, 2.0900]
2026-01-15 13:45:45,983 - src.pricing.monte_carlo - INFO - Pricing Up-And-Out Call Barrier Option using Monte Carlo...
2026-01-15 13:45:57,890 - src.pricing.monte_carlo - INFO - Option price: 2.0724 ± 0.0586
2026-01-15 13:45:57,890 - src.pricing.monte_carlo - INFO - 95% CI: [1.9576, 2.1872]
2026-01-15 13:45:57,892 - src.pricing.monte_carlo - INFO - Pricing Up-And-Out Call Barrier Option using Monte Carlo...
2026-01-15 13:46:12,183 - src.pricing.monte_carlo - INFO - Option price: 2.1515 ± 0.0595
2026-01-15 13:46:12,185 - src.pricing.monte_carlo - INFO - 95% CI: [2.0350, 2.2680]
2026-01-15 13:46:12,188 - src.pricing.monte_carlo - INFO - Pricing Up-And-Out Call Barrier Option using Monte Carlo...
2026-01-15 13:46:33,683 - src.pricing.monte_carlo - INFO - Option price: 2.0836 ± 0.0584
2026-01-15 13:46:33,684 - src.pricing.monte_carlo - INFO - 95% CI: [1.9692, 2.1981]
2026-01-15 13:46:33,687 - src.pricing.monte_carlo - INFO - Greeks computed: Delta=0.0811, Gamma=-0.0190, Vega=0.5308
2026-01-15 13:46:33,689 - src.pricing.monte_carlo - INFO - Initialized Monte Carlo engine with 5000 simulations
2026-01-15 13:46:33,689 - src.pricing.monte_carlo - INFO - Pricing Up-And-Out Call Barrier Option using Monte Carlo...
2026-01-15 13:46:52,256 - src.pricing.monte_carlo - INFO - Option price: 2.0307 ± 0.0579
2026-01-15 13:46:52,257 - src.pricing.monte_carlo - INFO - 95% CI: [1.9172, 2.1441]
2026-01-15 13:46:52,258 - src.pricing.monte_carlo - INFO - Pricing Up-And-Out Call Barrier Option using Monte Carlo...
2026-01-15 13:47:13,133 - src.pricing.monte_carlo - INFO - Option price: 2.0875 ± 0.0583
2026-01-15 13:47:13,134 - src.pricing.monte_carlo - INFO - 95% CI: [1.9733, 2.2017]
2026-01-15 13:47:13,135 - src.pricing.monte_carlo - INFO - Pricing Up-And-Out Call Barrier Option using Monte Carlo...
2026-01-15 13:47:30,815 - src.pricing.monte_carlo - INFO - Option price: 2.0436 ± 0.0579
2026-01-15 13:47:30,816 - src.pricing.monte_carlo - INFO - 95% CI: [1.9301, 2.1571]
2026-01-15 13:47:30,817 - src.pricing.monte_carlo - INFO - Pricing Up-And-Out Call Barrier Option using Monte Carlo...
2026-01-15 13:47:46,473 - src.pricing.monte_carlo - INFO - Option price: 1.9733 ± 0.0579
2026-01-15 13:47:46,473 - src.pricing.monte_carlo - INFO - 95% CI: [1.8598, 2.0869]
2026-01-15 13:47:46,475 - src.pricing.monte_carlo - INFO - Pricing Up-And-Out Call Barrier Option using Monte Carlo...
2026-01-15 13:48:03,653 - src.pricing.monte_carlo - INFO - Option price: 2.0657 ± 0.0583
2026-01-15 13:48:03,654 - src.pricing.monte_carlo - INFO - 95% CI: [1.9513, 2.1800]
2026-01-15 13:48:03,655 - src.pricing.monte_carlo - INFO - Pricing Up-And-Out Call Barrier Option using Monte Carlo...
2026-01-15 13:48:23,705 - src.pricing.monte_carlo - INFO - Option price: 2.2006 ± 0.0604
2026-01-15 13:48:23,705 - src.pricing.monte_carlo - INFO - 95% CI: [2.0822, 2.3191]
2026-01-15 13:48:23,706 - src.pricing.monte_carlo - INFO - Greeks computed: Delta=0.0219, Gamma=0.0698, Vega=-5.7345
2026-01-15 13:48:23,707 - src.pricing.monte_carlo - INFO - Initialized Monte Carlo engine with 5000 simulations
2026-01-15 13:48:23,707 - src.pricing.monte_carlo - INFO - Pricing Up-And-Out Call Barrier Option using Monte Carlo...
2026-01-15 13:48:42,847 - src.pricing.monte_carlo - INFO - Option price: 2.0503 ± 0.0585
2026-01-15 13:48:42,848 - src.pricing.monte_carlo - INFO - 95% CI: [1.9357, 2.1650]
2026-01-15 13:48:42,849 - src.pricing.monte_carlo - INFO - Pricing Up-And-Out Call Barrier Option using Monte Carlo...
2026-01-15 13:49:00,833 - src.pricing.monte_carlo - INFO - Option price: 1.9636 ± 0.0573
2026-01-15 13:49:00,834 - src.pricing.monte_carlo - INFO - 95% CI: [1.8512, 2.0759]
2026-01-15 13:49:00,836 - src.pricing.monte_carlo - INFO - Pricing Up-And-Out Call Barrier Option using Monte Carlo...
2026-01-15 13:49:20,597 - src.pricing.monte_carlo - INFO - Option price: 1.9682 ± 0.0573
2026-01-15 13:49:20,597 - src.pricing.monte_carlo - INFO - 95% CI: [1.8560, 2.0804]
2026-01-15 13:49:20,600 - src.pricing.monte_carlo - INFO - Pricing Up-And-Out Call Barrier Option using Monte Carlo...
2026-01-15 13:49:38,585 - src.pricing.monte_carlo - INFO - Option price: 1.9718 ± 0.0566
2026-01-15 13:49:38,587 - src.pricing.monte_carlo - INFO - 95% CI: [1.8609, 2.0827]
2026-01-15 13:49:38,589 - src.pricing.monte_carlo - INFO - Pricing Up-And-Out Call Barrier Option using Monte Carlo...
2026-01-15 13:50:00,120 - src.pricing.monte_carlo - INFO - Option price: 1.9985 ± 0.0565
2026-01-15 13:50:00,121 - src.pricing.monte_carlo - INFO - 95% CI: [1.8877, 2.1093]
2026-01-15 13:50:00,122 - src.pricing.monte_carlo - INFO - Pricing Up-And-Out Call Barrier Option using Monte Carlo...
2026-01-15 13:50:19,551 - src.pricing.monte_carlo - INFO - Option price: 2.0831 ± 0.0585
2026-01-15 13:50:19,552 - src.pricing.monte_carlo - INFO - 95% CI: [1.9684, 2.1978]
2026-01-15 13:50:19,553 - src.pricing.monte_carlo - INFO - Greeks computed: Delta=-0.0023, Gamma=-0.1688, Vega=-7.8494
2026-01-15 13:50:19,554 - src.pricing.monte_carlo - INFO - Initialized Monte Carlo engine with 5000 simulations
2026-01-15 13:50:19,554 - src.pricing.monte_carlo - INFO - Pricing Up-And-Out Call Barrier Option using Monte Carlo...
2026-01-15 13:50:39,254 - src.pricing.monte_carlo - INFO - Option price: 1.9955 ± 0.0580
2026-01-15 13:50:39,255 - src.pricing.monte_carlo - INFO - 95% CI: [1.8818, 2.1093]
2026-01-15 13:50:39,256 - src.pricing.monte_carlo - INFO - Pricing Up-And-Out Call Barrier Option using Monte Carlo...
2026-01-15 13:50:57,750 - src.pricing.monte_carlo - INFO - Option price: 1.9877 ± 0.0573
2026-01-15 13:50:57,751 - src.pricing.monte_carlo - INFO - 95% CI: [1.8753, 2.1001]
2026-01-15 13:50:57,752 - src.pricing.monte_carlo - INFO - Pricing Up-And-Out Call Barrier Option using Monte Carlo...
2026-01-15 13:51:11,525 - src.pricing.monte_carlo - INFO - Option price: 2.0700 ± 0.0588
2026-01-15 13:51:11,525 - src.pricing.monte_carlo - INFO - 95% CI: [1.9549, 2.1852]
2026-01-15 13:51:11,527 - src.pricing.monte_carlo - INFO - Pricing Up-And-Out Call Barrier Option using Monte Carlo...
2026-01-15 13:51:24,015 - src.pricing.monte_carlo - INFO - Option price: 2.0615 ± 0.0582
2026-01-15 13:51:24,015 - src.pricing.monte_carlo - INFO - 95% CI: [1.9475, 2.1755]
2026-01-15 13:51:24,016 - src.pricing.monte_carlo - INFO - Pricing Up-And-Out Call Barrier Option using Monte Carlo...
2026-01-15 13:51:36,269 - src.pricing.monte_carlo - INFO - Option price: 2.0522 ± 0.0578
2026-01-15 13:51:36,269 - src.pricing.monte_carlo - INFO - 95% CI: [1.9388, 2.1656]
2026-01-15 13:51:36,270 - src.pricing.monte_carlo - INFO - Pricing Up-And-Out Call Barrier Option using Monte Carlo...
2026-01-15 13:51:48,510 - src.pricing.monte_carlo - INFO - Option price: 2.0788 ± 0.0586
2026-01-15 13:51:48,511 - src.pricing.monte_carlo - INFO - 95% CI: [1.9638, 2.1937]
2026-01-15 13:51:48,513 - src.pricing.monte_carlo - INFO - Greeks computed: Delta=-0.0412, Gamma=0.0666, Vega=6.5939
2026-01-15 13:51:48,513 - src.pricing.monte_carlo - INFO - Initialized Monte Carlo engine with 5000 simulations
2026-01-15 13:51:48,514 - src.pricing.monte_carlo - INFO - Pricing Up-And-Out Call Barrier Option using Monte Carlo...
2026-01-15 13:52:00,686 - src.pricing.monte_carlo - INFO - Option price: 2.0189 ± 0.0585
2026-01-15 13:52:00,687 - src.pricing.monte_carlo - INFO - 95% CI: [1.9042, 2.1336]
2026-01-15 13:52:00,689 - src.pricing.monte_carlo - INFO - Pricing Up-And-Out Call Barrier Option using Monte Carlo...
2026-01-15 13:52:12,820 - src.pricing.monte_carlo - INFO - Option price: 1.9758 ± 0.0578
2026-01-15 13:52:12,821 - src.pricing.monte_carlo - INFO - 95% CI: [1.8626, 2.0891]
2026-01-15 13:52:12,823 - src.pricing.monte_carlo - INFO - Pricing Up-And-Out Call Barrier Option using Monte Carlo...
2026-01-15 13:52:24,981 - src.pricing.monte_carlo - INFO - Option price: 2.0889 ± 0.0592
2026-01-15 13:52:24,982 - src.pricing.monte_carlo - INFO - 95% CI: [1.9729, 2.2049]
2026-01-15 13:52:24,983 - src.pricing.monte_carlo - INFO - Pricing Up-And-Out Call Barrier Option using Monte Carlo...
2026-01-15 13:52:37,155 - src.pricing.monte_carlo - INFO - Option price: 2.0383 ± 0.0589
2026-01-15 13:52:37,155 - src.pricing.monte_carlo - INFO - 95% CI: [1.9230, 2.1537]
2026-01-15 13:52:37,157 - src.pricing.monte_carlo - INFO - Pricing Up-And-Out Call Barrier Option using Monte Carlo...
2026-01-15 13:52:48,947 - src.pricing.monte_carlo - INFO - Option price: 1.9909 ± 0.0569
2026-01-15 13:52:48,947 - src.pricing.monte_carlo - INFO - 95% CI: [1.8795, 2.1024]
2026-01-15 13:52:48,949 - src.pricing.monte_carlo - INFO - Pricing Up-And-Out Call Barrier Option using Monte Carlo...
2026-01-15 13:53:00,990 - src.pricing.monte_carlo - INFO - Option price: 2.1833 ± 0.0599
2026-01-15 13:53:00,991 - src.pricing.monte_carlo - INFO - 95% CI: [2.0660, 2.3006]
2026-01-15 13:53:00,992 - src.pricing.monte_carlo - INFO - Greeks computed: Delta=-0.0566, Gamma=0.0269, Vega=1.9446
2026-01-15 13:53:00,993 - src.pricing.monte_carlo - INFO - Initialized Monte Carlo engine with 5000 simulations
2026-01-15 13:53:00,993 - src.pricing.monte_carlo - INFO - Pricing Up-And-Out Call Barrier Option using Monte Carlo...
2026-01-15 13:53:13,035 - src.pricing.monte_carlo - INFO - Option price: 2.1049 ± 0.0591
2026-01-15 13:53:13,036 - src.pricing.monte_carlo - INFO - 95% CI: [1.9889, 2.2208]
2026-01-15 13:53:13,037 - src.pricing.monte_carlo - INFO - Pricing Up-And-Out Call Barrier Option using Monte Carlo...
2026-01-15 13:53:25,105 - src.pricing.monte_carlo - INFO - Option price: 2.0638 ± 0.0584
2026-01-15 13:53:25,106 - src.pricing.monte_carlo - INFO - 95% CI: [1.9494, 2.1782]
2026-01-15 13:53:25,107 - src.pricing.monte_carlo - INFO - Pricing Up-And-Out Call Barrier Option using Monte Carlo...
2026-01-15 13:53:37,168 - src.pricing.monte_carlo - INFO - Option price: 2.0608 ± 0.0585
2026-01-15 13:53:37,169 - src.pricing.monte_carlo - INFO - 95% CI: [1.9461, 2.1756]
2026-01-15 13:53:37,170 - src.pricing.monte_carlo - INFO - Pricing Up-And-Out Call Barrier Option using Monte Carlo...
2026-01-15 13:53:49,184 - src.pricing.monte_carlo - INFO - Option price: 2.0224 ± 0.0573
2026-01-15 13:53:49,184 - src.pricing.monte_carlo - INFO - 95% CI: [1.9101, 2.1346]
2026-01-15 13:53:49,185 - src.pricing.monte_carlo - INFO - Pricing Up-And-Out Call Barrier Option using Monte Carlo...
2026-01-15 13:54:01,141 - src.pricing.monte_carlo - INFO - Option price: 2.0327 ± 0.0573
2026-01-15 13:54:01,141 - src.pricing.monte_carlo - INFO - 95% CI: [1.9203, 2.1451]
2026-01-15 13:54:01,143 - src.pricing.monte_carlo - INFO - Pricing Up-And-Out Call Barrier Option using Monte Carlo...
2026-01-15 13:54:13,165 - src.pricing.monte_carlo - INFO - Option price: 2.0177 ± 0.0578
2026-01-15 13:54:13,165 - src.pricing.monte_carlo - INFO - 95% CI: [1.9043, 2.1310]
2026-01-15 13:54:13,167 - src.pricing.monte_carlo - INFO - Greeks computed: Delta=0.0015, Gamma=-0.0850, Vega=-8.2469
2026-01-15 13:54:13,167 - src.pricing.monte_carlo - INFO - Initialized Monte Carlo engine with 5000 simulations
2026-01-15 13:54:13,167 - src.pricing.monte_carlo - INFO - Pricing Up-And-Out Call Barrier Option using Monte Carlo...
2026-01-15 13:54:25,243 - src.pricing.monte_carlo - INFO - Option price: 2.1556 ± 0.0598
2026-01-15 13:54:25,243 - src.pricing.monte_carlo - INFO - 95% CI: [2.0384, 2.2727]
2026-01-15 13:54:25,244 - src.pricing.monte_carlo - INFO - Pricing Up-And-Out Call Barrier Option using Monte Carlo...
2026-01-15 13:54:37,171 - src.pricing.monte_carlo - INFO - Option price: 1.9846 ± 0.0571
2026-01-15 13:54:37,171 - src.pricing.monte_carlo - INFO - 95% CI: [1.8727, 2.0965]
2026-01-15 13:54:37,173 - src.pricing.monte_carlo - INFO - Pricing Up-And-Out Call Barrier Option using Monte Carlo...
2026-01-15 13:54:49,067 - src.pricing.monte_carlo - INFO - Option price: 2.1159 ± 0.0589
2026-01-15 13:54:49,067 - src.pricing.monte_carlo - INFO - 95% CI: [2.0004, 2.2313]
2026-01-15 13:54:49,068 - src.pricing.monte_carlo - INFO - Pricing Up-And-Out Call Barrier Option using Monte Carlo...
2026-01-15 13:55:00,930 - src.pricing.monte_carlo - INFO - Option price: 2.1081 ± 0.0595
2026-01-15 13:55:00,930 - src.pricing.monte_carlo - INFO - 95% CI: [1.9914, 2.2248]
2026-01-15 13:55:00,931 - src.pricing.monte_carlo - INFO - Pricing Up-And-Out Call Barrier Option using Monte Carlo...
2026-01-15 13:55:13,013 - src.pricing.monte_carlo - INFO - Option price: 2.0350 ± 0.0586
2026-01-15 13:55:13,013 - src.pricing.monte_carlo - INFO - 95% CI: [1.9201, 2.1499]
2026-01-15 13:55:13,016 - src.pricing.monte_carlo - INFO - Pricing Up-And-Out Call Barrier Option using Monte Carlo...
2026-01-15 13:55:25,404 - src.pricing.monte_carlo - INFO - Option price: 2.0734 ± 0.0587
2026-01-15 13:55:25,405 - src.pricing.monte_carlo - INFO - 95% CI: [1.9584, 2.1884]
2026-01-15 13:55:25,406 - src.pricing.monte_carlo - INFO - Greeks computed: Delta=-0.0656, Gamma=-0.2106, Vega=-4.7496
2026-01-15 13:55:25,407 - src.pricing.monte_carlo - INFO - Initialized Monte Carlo engine with 5000 simulations
2026-01-15 13:55:25,407 - src.pricing.monte_carlo - INFO - Pricing Up-And-Out Call Barrier Option using Monte Carlo...
2026-01-15 13:55:38,333 - src.pricing.monte_carlo - INFO - Option price: 2.1109 ± 0.0593
2026-01-15 13:55:38,333 - src.pricing.monte_carlo - INFO - 95% CI: [1.9947, 2.2271]
2026-01-15 13:55:38,334 - src.pricing.monte_carlo - INFO - Pricing Up-And-Out Call Barrier Option using Monte Carlo...
2026-01-15 13:55:50,232 - src.pricing.monte_carlo - INFO - Option price: 2.0224 ± 0.0580
2026-01-15 13:55:50,233 - src.pricing.monte_carlo - INFO - 95% CI: [1.9087, 2.1360]
2026-01-15 13:55:50,234 - src.pricing.monte_carlo - INFO - Pricing Up-And-Out Call Barrier Option using Monte Carlo...
2026-01-15 13:56:02,320 - src.pricing.monte_carlo - INFO - Option price: 2.0731 ± 0.0582
2026-01-15 13:56:02,320 - src.pricing.monte_carlo - INFO - 95% CI: [1.9590, 2.1872]
2026-01-15 13:56:02,322 - src.pricing.monte_carlo - INFO - Pricing Up-And-Out Call Barrier Option using Monte Carlo...
2026-01-15 13:56:14,181 - src.pricing.monte_carlo - INFO - Option price: 2.1076 ± 0.0594
2026-01-15 13:56:14,181 - src.pricing.monte_carlo - INFO - 95% CI: [1.9912, 2.2240]
2026-01-15 13:56:14,183 - src.pricing.monte_carlo - INFO - Pricing Up-And-Out Call Barrier Option using Monte Carlo...
2026-01-15 13:56:26,122 - src.pricing.monte_carlo - INFO - Option price: 2.1765 ± 0.0597
2026-01-15 13:56:26,123 - src.pricing.monte_carlo - INFO - 95% CI: [2.0596, 2.2934]
2026-01-15 13:56:26,125 - src.pricing.monte_carlo - INFO - Pricing Up-And-Out Call Barrier Option using Monte Carlo...
2026-01-15 13:56:38,090 - src.pricing.monte_carlo - INFO - Option price: 2.0934 ± 0.0579
2026-01-15 13:56:38,090 - src.pricing.monte_carlo - INFO - 95% CI: [1.9798, 2.2070]
2026-01-15 13:56:38,092 - src.pricing.monte_carlo - INFO - Greeks computed: Delta=-0.0254, Gamma=-0.1263, Vega=-0.3259
2026-01-15 13:56:38,094 - src.pricing.monte_carlo - INFO - Initialized Monte Carlo engine with 5000 simulations
2026-01-15 13:56:38,094 - src.pricing.monte_carlo - INFO - Pricing Up-And-Out Call Barrier Option using Monte Carlo...
2026-01-15 13:56:50,126 - src.pricing.monte_carlo - INFO - Option price: 2.0044 ± 0.0582
2026-01-15 13:56:50,126 - src.pricing.monte_carlo - INFO - 95% CI: [1.8904, 2.1185]
2026-01-15 13:56:50,128 - src.pricing.monte_carlo - INFO - Pricing Up-And-Out Call Barrier Option using Monte Carlo...
2026-01-15 13:57:02,050 - src.pricing.monte_carlo - INFO - Option price: 1.9889 ± 0.0576
2026-01-15 13:57:02,051 - src.pricing.monte_carlo - INFO - 95% CI: [1.8761, 2.1017]
2026-01-15 13:57:02,052 - src.pricing.monte_carlo - INFO - Pricing Up-And-Out Call Barrier Option using Monte Carlo...
2026-01-15 13:57:14,002 - src.pricing.monte_carlo - INFO - Option price: 1.9979 ± 0.0570
2026-01-15 13:57:14,003 - src.pricing.monte_carlo - INFO - 95% CI: [1.8862, 2.1097]
2026-01-15 13:57:14,005 - src.pricing.monte_carlo - INFO - Pricing Up-And-Out Call Barrier Option using Monte Carlo...
2026-01-15 13:57:25,999 - src.pricing.monte_carlo - INFO - Option price: 1.9647 ± 0.0562
2026-01-15 13:57:26,000 - src.pricing.monte_carlo - INFO - 95% CI: [1.8545, 2.0748]
2026-01-15 13:57:26,002 - src.pricing.monte_carlo - INFO - Pricing Up-And-Out Call Barrier Option using Monte Carlo...
2026-01-15 13:57:37,804 - src.pricing.monte_carlo - INFO - Option price: 2.0185 ± 0.0578
2026-01-15 13:57:37,804 - src.pricing.monte_carlo - INFO - 95% CI: [1.9052, 2.1317]
2026-01-15 13:57:37,805 - src.pricing.monte_carlo - INFO - Pricing Up-And-Out Call Barrier Option using Monte Carlo...
2026-01-15 13:57:49,641 - src.pricing.monte_carlo - INFO - Option price: 2.0254 ± 0.0576
2026-01-15 13:57:49,642 - src.pricing.monte_carlo - INFO - 95% CI: [1.9125, 2.1384]
2026-01-15 13:57:49,643 - src.pricing.monte_carlo - INFO - Greeks computed: Delta=-0.0045, Gamma=-0.0220, Vega=-3.9766
2026-01-15 13:57:49,644 - src.pricing.monte_carlo - INFO - Initialized Monte Carlo engine with 5000 simulations
2026-01-15 13:57:49,644 - src.pricing.monte_carlo - INFO - Pricing Up-And-Out Call Barrier Option using Monte Carlo...
2026-01-15 13:58:01,497 - src.pricing.monte_carlo - INFO - Option price: 1.9954 ± 0.0580
2026-01-15 13:58:01,498 - src.pricing.monte_carlo - INFO - 95% CI: [1.8817, 2.1090]
2026-01-15 13:58:01,499 - src.pricing.monte_carlo - INFO - Pricing Up-And-Out Call Barrier Option using Monte Carlo...
2026-01-15 13:58:13,546 - src.pricing.monte_carlo - INFO - Option price: 2.0935 ± 0.0588
2026-01-15 13:58:13,547 - src.pricing.monte_carlo - INFO - 95% CI: [1.9783, 2.2087]
2026-01-15 13:58:13,548 - src.pricing.monte_carlo - INFO - Pricing Up-And-Out Call Barrier Option using Monte Carlo...
2026-01-15 13:58:25,546 - src.pricing.monte_carlo - INFO - Option price: 2.0620 ± 0.0582
2026-01-15 13:58:25,547 - src.pricing.monte_carlo - INFO - 95% CI: [1.9480, 2.1761]
2026-01-15 13:58:25,548 - src.pricing.monte_carlo - INFO - Pricing Up-And-Out Call Barrier Option using Monte Carlo...
2026-01-15 13:58:37,554 - src.pricing.monte_carlo - INFO - Option price: 2.0400 ± 0.0580
2026-01-15 13:58:37,555 - src.pricing.monte_carlo - INFO - 95% CI: [1.9263, 2.1538]
2026-01-15 13:58:37,556 - src.pricing.monte_carlo - INFO - Pricing Up-And-Out Call Barrier Option using Monte Carlo...
2026-01-15 13:58:49,331 - src.pricing.monte_carlo - INFO - Option price: 1.9795 ± 0.0571
2026-01-15 13:58:49,331 - src.pricing.monte_carlo - INFO - 95% CI: [1.8676, 2.0915]
2026-01-15 13:58:49,333 - src.pricing.monte_carlo - INFO - Pricing Up-And-Out Call Barrier Option using Monte Carlo...
2026-01-15 13:59:01,135 - src.pricing.monte_carlo - INFO - Option price: 2.0969 ± 0.0587
2026-01-15 13:59:01,135 - src.pricing.monte_carlo - INFO - 95% CI: [1.9818, 2.2119]
2026-01-15 13:59:01,138 - src.pricing.monte_carlo - INFO - Greeks computed: Delta=0.0157, Gamma=0.1648, Vega=4.4666
2026-01-15 13:59:01,139 - src.pricing.monte_carlo - INFO - Initialized Monte Carlo engine with 5000 simulations
2026-01-15 13:59:01,139 - src.pricing.monte_carlo - INFO - Pricing Up-And-Out Call Barrier Option using Monte Carlo...
2026-01-15 13:59:13,021 - src.pricing.monte_carlo - INFO - Option price: 2.0462 ± 0.0577
2026-01-15 13:59:13,022 - src.pricing.monte_carlo - INFO - 95% CI: [1.9330, 2.1593]
2026-01-15 13:59:13,023 - src.pricing.monte_carlo - INFO - Pricing Up-And-Out Call Barrier Option using Monte Carlo...
2026-01-15 13:59:24,895 - src.pricing.monte_carlo - INFO - Option price: 2.0227 ± 0.0579
2026-01-15 13:59:24,895 - src.pricing.monte_carlo - INFO - 95% CI: [1.9093, 2.1361]
2026-01-15 13:59:24,896 - src.pricing.monte_carlo - INFO - Pricing Up-And-Out Call Barrier Option using Monte Carlo...
2026-01-15 13:59:36,746 - src.pricing.monte_carlo - INFO - Option price: 2.0589 ± 0.0584
2026-01-15 13:59:36,747 - src.pricing.monte_carlo - INFO - 95% CI: [1.9445, 2.1733]
2026-01-15 13:59:36,748 - src.pricing.monte_carlo - INFO - Pricing Up-And-Out Call Barrier Option using Monte Carlo...
2026-01-15 13:59:48,578 - src.pricing.monte_carlo - INFO - Option price: 2.0156 ± 0.0580
2026-01-15 13:59:48,579 - src.pricing.monte_carlo - INFO - 95% CI: [1.9020, 2.1293]
2026-01-15 13:59:48,580 - src.pricing.monte_carlo - INFO - Pricing Up-And-Out Call Barrier Option using Monte Carlo...
2026-01-15 14:00:00,228 - src.pricing.monte_carlo - INFO - Option price: 2.0598 ± 0.0579
2026-01-15 14:00:00,228 - src.pricing.monte_carlo - INFO - 95% CI: [1.9463, 2.1734]
2026-01-15 14:00:00,229 - src.pricing.monte_carlo - INFO - Pricing Up-And-Out Call Barrier Option using Monte Carlo...
2026-01-15 14:00:11,863 - src.pricing.monte_carlo - INFO - Option price: 2.0171 ± 0.0580
2026-01-15 14:00:11,863 - src.pricing.monte_carlo - INFO - 95% CI: [1.9035, 2.1307]
2026-01-15 14:00:11,865 - src.pricing.monte_carlo - INFO - Greeks computed: Delta=-0.0181, Gamma=-0.0107, Vega=-3.0511
2026-01-15 14:00:11,865 - src.pricing.monte_carlo - INFO - Initialized Monte Carlo engine with 5000 simulations
2026-01-15 14:00:11,866 - src.pricing.monte_carlo - INFO - Pricing Up-And-Out Call Barrier Option using Monte Carlo...
2026-01-15 14:00:23,868 - src.pricing.monte_carlo - INFO - Option price: 2.0528 ± 0.0586
2026-01-15 14:00:23,869 - src.pricing.monte_carlo - INFO - 95% CI: [1.9379, 2.1678]
2026-01-15 14:00:23,871 - src.pricing.monte_carlo - INFO - Pricing Up-And-Out Call Barrier Option using Monte Carlo...
2026-01-15 14:00:35,911 - src.pricing.monte_carlo - INFO - Option price: 1.9803 ± 0.0576
2026-01-15 14:00:35,911 - src.pricing.monte_carlo - INFO - 95% CI: [1.8674, 2.0933]
2026-01-15 14:00:35,913 - src.pricing.monte_carlo - INFO - Pricing Up-And-Out Call Barrier Option using Monte Carlo...
2026-01-15 14:00:47,896 - src.pricing.monte_carlo - INFO - Option price: 2.0080 ± 0.0578
2026-01-15 14:00:47,897 - src.pricing.monte_carlo - INFO - 95% CI: [1.8946, 2.1213]
2026-01-15 14:00:47,899 - src.pricing.monte_carlo - INFO - Pricing Up-And-Out Call Barrier Option using Monte Carlo...
2026-01-15 14:01:00,101 - src.pricing.monte_carlo - INFO - Option price: 2.0454 ± 0.0590
2026-01-15 14:01:00,101 - src.pricing.monte_carlo - INFO - 95% CI: [1.9299, 2.1610]
2026-01-15 14:01:00,103 - src.pricing.monte_carlo - INFO - Pricing Up-And-Out Call Barrier Option using Monte Carlo...
2026-01-15 14:01:12,312 - src.pricing.monte_carlo - INFO - Option price: 2.0653 ± 0.0581
2026-01-15 14:01:12,312 - src.pricing.monte_carlo - INFO - 95% CI: [1.9513, 2.1792]
2026-01-15 14:01:12,313 - src.pricing.monte_carlo - INFO - Pricing Up-And-Out Call Barrier Option using Monte Carlo...
2026-01-15 14:01:24,627 - src.pricing.monte_carlo - INFO - Option price: 2.1520 ± 0.0592
2026-01-15 14:01:24,627 - src.pricing.monte_carlo - INFO - 95% CI: [2.0360, 2.2679]
2026-01-15 14:01:24,629 - src.pricing.monte_carlo - INFO - Greeks computed: Delta=-0.0138, Gamma=-0.1174, Vega=-0.7408
2026-01-15 14:01:24,631 - src.analytics.visualization - INFO - Initialized visualizer with output dir: results\comprehensive_analysis
2026-01-15 14:01:26,654 - src.analytics.visualization - INFO - Saved plot to asset_price_paths.png
2026-01-15 16:12:30,099 - src.utils.data_utils - INFO - Logging initialized
2026-01-15 16:12:30,100 - src.utils.data_utils - INFO - Created output directory: results\comprehensive_analysis
2026-01-15 16:12:30,112 - src.utils.data_utils - INFO - Loaded configuration from C:\Users\ayushi.priya\Downloads\project2\project2\config\model_config.yaml
2026-01-15 16:12:30,113 - src.models.regime_switching - INFO - Initialized Markov chain with 3 regimes
2026-01-15 16:12:30,114 - src.models.regime_switching - INFO - Initialized regime-switching model with 3 regimes
2026-01-15 16:12:30,115 - src.models.asset_dynamics - INFO - Initialized asset simulator with S0=100.0, r=0.03
2026-01-15 16:12:30,115 - src.analytics.validation - INFO - Testing martingale property with 10000 paths...
2026-01-15 16:12:30,116 - src.models.asset_dynamics - INFO - Validating martingale property...
2026-01-15 16:13:31,849 - src.models.asset_dynamics - INFO - Martingale test: E^Q[S_T e^(-rT)] = 99.2669, S_0 = 100.0000
2026-01-15 16:13:31,850 - src.models.asset_dynamics - INFO - Relative error: -0.73%
2026-01-15 16:13:31,924 - src.analytics.validation - INFO - Testing regime stationarity...
