2026-01-10 22:54:24,829 - src.utils.data_utils - INFO - Logging initialized
2026-01-10 22:54:24,830 - src.utils.data_utils - INFO - Created output directory: results\comprehensive_analysis
2026-01-10 23:07:47,282 - src.utils.data_utils - INFO - Logging initialized
2026-01-10 23:07:47,283 - src.utils.data_utils - INFO - Created output directory: results\comprehensive_analysis
2026-01-10 23:10:33,157 - src.utils.data_utils - INFO - Logging initialized
2026-01-10 23:10:33,159 - src.utils.data_utils - INFO - Created output directory: results\comprehensive_analysis
2026-01-10 23:26:39,446 - src.utils.data_utils - INFO - Logging initialized
2026-01-10 23:26:39,446 - src.utils.data_utils - INFO - Created output directory: results\comprehensive_analysis
2026-01-10 23:26:39,472 - src.utils.data_utils - INFO - Loaded configuration from C:\Users\ayushi.priya\Downloads\project2\project2\config\model_config.yaml
2026-01-10 23:26:39,473 - src.models.regime_switching - INFO - Initialized Markov chain with 3 regimes
2026-01-10 23:26:39,473 - src.models.regime_switching - INFO - Initialized regime-switching model with 3 regimes
2026-01-10 23:26:39,474 - src.models.asset_dynamics - INFO - Initialized asset simulator with S0=100.0, r=0.03
2026-01-10 23:26:39,475 - src.analytics.validation - INFO - Testing martingale property with 10000 paths...
2026-01-10 23:26:39,475 - src.models.asset_dynamics - INFO - Validating martingale property...
2026-01-10 23:27:19,389 - src.models.asset_dynamics - INFO - Martingale test: E^Q[S_T e^(-rT)] = 99.1582, S_0 = 100.0000
2026-01-10 23:27:19,389 - src.models.asset_dynamics - INFO - Relative error: -0.84%
2026-01-10 23:27:19,445 - src.analytics.validation - INFO - Testing regime stationarity...
2026-01-10 23:27:38,105 - src.pricing.monte_carlo - INFO - Initialized Monte Carlo engine with 100000 simulations
2026-01-10 23:27:38,105 - src.pricing.monte_carlo - INFO - Pricing Up-And-Out Call Barrier Option using Monte Carlo...
2026-01-10 23:31:45,523 - src.pricing.monte_carlo - INFO - Option price: 2.0479 ± 0.0131
2026-01-10 23:31:45,524 - src.pricing.monte_carlo - INFO - 95% CI: [2.0223, 2.0735]
2026-01-10 23:31:45,575 - src.pricing.monte_carlo - INFO - Pricing European Call using Monte Carlo...
2026-01-11 11:17:57,236 - src.utils.data_utils - INFO - Logging initialized
2026-01-11 11:17:57,237 - src.utils.data_utils - INFO - Created output directory: results\comprehensive_analysis
2026-01-11 11:17:57,250 - src.utils.data_utils - INFO - Loaded configuration from C:\Users\ayushi.priya\Downloads\project2\project2\config\model_config.yaml
2026-01-11 11:17:57,253 - src.models.regime_switching - INFO - Initialized Markov chain with 3 regimes
2026-01-11 11:17:57,253 - src.models.regime_switching - INFO - Initialized regime-switching model with 3 regimes
2026-01-11 11:17:57,255 - src.models.asset_dynamics - INFO - Initialized asset simulator with S0=100.0, r=0.03
2026-01-11 11:17:57,256 - src.analytics.validation - INFO - Testing martingale property with 10000 paths...
2026-01-11 11:17:57,256 - src.models.asset_dynamics - INFO - Validating martingale property...
2026-01-11 11:19:04,049 - src.models.asset_dynamics - INFO - Martingale test: E^Q[S_T e^(-rT)] = 98.8867, S_0 = 100.0000
2026-01-11 11:19:04,050 - src.models.asset_dynamics - INFO - Relative error: -1.11%
2026-01-11 11:19:04,065 - src.analytics.validation - INFO - Testing regime stationarity...
2026-01-11 11:19:37,370 - src.pricing.monte_carlo - INFO - Initialized Monte Carlo engine with 100000 simulations
2026-01-11 11:19:37,371 - src.pricing.monte_carlo - INFO - Pricing Up-And-Out Call Barrier Option using Monte Carlo...
2026-01-11 11:28:56,096 - src.pricing.monte_carlo - INFO - Option price: 2.0479 ± 0.0131
2026-01-11 11:28:56,097 - src.pricing.monte_carlo - INFO - 95% CI: [2.0223, 2.0735]
2026-01-11 11:28:56,138 - src.pricing.monte_carlo - INFO - Pricing European Call using Monte Carlo...
2026-01-11 11:36:44,576 - src.pricing.monte_carlo - INFO - Option price: 7.2772 ± 0.0333
2026-01-11 11:36:44,576 - src.pricing.monte_carlo - INFO - 95% CI: [7.2119, 7.3425]
2026-01-11 11:36:44,615 - src.pricing.monte_carlo - INFO - Pricing Arithmetic Asian Call using Monte Carlo...
2026-01-11 11:46:49,542 - src.pricing.monte_carlo - INFO - Option price: 4.0794 ± 0.0183
2026-01-11 11:46:49,543 - src.pricing.monte_carlo - INFO - 95% CI: [4.0435, 4.1153]
2026-01-11 11:46:49,601 - src.pricing.monte_carlo - INFO - Pricing European Call using Monte Carlo...
2026-01-11 11:55:17,159 - src.pricing.monte_carlo - INFO - Option price: 7.2772 ± 0.0333
2026-01-11 11:55:17,159 - src.pricing.monte_carlo - INFO - 95% CI: [7.2119, 7.3425]
2026-01-11 11:55:17,192 - src.pricing.monte_carlo - INFO - Running convergence analysis...
2026-01-11 11:55:17,193 - src.pricing.monte_carlo - INFO - Pricing Up-And-Out Call Barrier Option using Monte Carlo...
2026-01-11 11:55:20,932 - src.pricing.monte_carlo - INFO - Option price: 2.1447 ± 0.1312
2026-01-11 11:55:20,933 - src.pricing.monte_carlo - INFO - 95% CI: [1.8875, 2.4018]
2026-01-11 11:55:20,934 - src.pricing.monte_carlo - INFO - Pricing Up-And-Out Call Barrier Option using Monte Carlo...
2026-01-11 11:55:40,769 - src.pricing.monte_carlo - INFO - Option price: 2.0354 ± 0.0586
2026-01-11 11:55:40,770 - src.pricing.monte_carlo - INFO - 95% CI: [1.9206, 2.1502]
2026-01-11 11:55:40,773 - src.pricing.monte_carlo - INFO - Pricing Up-And-Out Call Barrier Option using Monte Carlo...
2026-01-11 11:56:19,154 - src.pricing.monte_carlo - INFO - Option price: 2.1054 ± 0.0420
2026-01-11 11:56:19,155 - src.pricing.monte_carlo - INFO - 95% CI: [2.0230, 2.1878]
2026-01-11 11:56:19,158 - src.pricing.monte_carlo - INFO - Pricing Up-And-Out Call Barrier Option using Monte Carlo...
2026-01-11 12:04:17,406 - src.pricing.monte_carlo - INFO - Option price: 2.0657 ± 0.0184
2026-01-11 12:04:17,408 - src.pricing.monte_carlo - INFO - 95% CI: [2.0296, 2.1018]
2026-01-11 12:04:17,442 - src.pricing.monte_carlo - INFO - Pricing Up-And-Out Call Barrier Option using Monte Carlo...
2026-01-11 12:22:02,642 - src.pricing.monte_carlo - INFO - Option price: 2.0479 ± 0.0131
2026-01-11 12:22:02,643 - src.pricing.monte_carlo - INFO - 95% CI: [2.0223, 2.0735]
2026-01-11 12:22:02,772 - src.pricing.monte_carlo - INFO - Pricing Up-And-Out Call Barrier Option using Monte Carlo...
2026-01-11 12:37:58,750 - src.pricing.monte_carlo - INFO - Option price: 2.0586 ± 0.0131
2026-01-11 12:37:58,751 - src.pricing.monte_carlo - INFO - 95% CI: [2.0329, 2.0843]
2026-01-11 12:37:58,836 - src.pricing.monte_carlo - INFO - Pricing Up-And-Out Call Barrier Option using Monte Carlo...
2026-01-11 13:07:17,855 - src.utils.data_utils - INFO - Logging initialized
2026-01-11 13:07:17,857 - src.utils.data_utils - INFO - Created output directory: results\comprehensive_analysis
2026-01-11 13:07:17,896 - src.utils.data_utils - INFO - Loaded configuration from C:\Users\ayushi.priya\Downloads\project2\project2\config\model_config.yaml
2026-01-11 13:07:17,897 - src.models.regime_switching - INFO - Initialized Markov chain with 3 regimes
2026-01-11 13:07:17,898 - src.models.regime_switching - INFO - Initialized regime-switching model with 3 regimes
2026-01-11 13:07:17,900 - src.models.asset_dynamics - INFO - Initialized asset simulator with S0=100.0, r=0.03
2026-01-11 13:07:17,901 - src.analytics.validation - INFO - Testing martingale property with 10000 paths...
2026-01-11 13:07:17,901 - src.models.asset_dynamics - INFO - Validating martingale property...
2026-01-11 13:08:20,509 - src.models.asset_dynamics - INFO - Martingale test: E^Q[S_T e^(-rT)] = 99.1327, S_0 = 100.0000
2026-01-11 13:08:20,509 - src.models.asset_dynamics - INFO - Relative error: -0.87%
2026-01-11 13:08:20,589 - src.analytics.validation - INFO - Testing regime stationarity...
2026-01-11 13:08:51,036 - src.pricing.monte_carlo - INFO - Initialized Monte Carlo engine with 100000 simulations
2026-01-11 13:08:51,036 - src.pricing.monte_carlo - INFO - Pricing Up-And-Out Call Barrier Option using Monte Carlo...
2026-01-11 13:17:22,601 - src.pricing.monte_carlo - INFO - Option price: 2.0479 ± 0.0131
2026-01-11 13:17:22,602 - src.pricing.monte_carlo - INFO - 95% CI: [2.0223, 2.0735]
2026-01-11 13:17:22,666 - src.pricing.monte_carlo - INFO - Pricing European Call using Monte Carlo...
2026-01-11 13:25:47,666 - src.pricing.monte_carlo - INFO - Option price: 7.2772 ± 0.0333
2026-01-11 13:25:47,666 - src.pricing.monte_carlo - INFO - 95% CI: [7.2119, 7.3425]
2026-01-11 13:25:47,708 - src.pricing.monte_carlo - INFO - Pricing Arithmetic Asian Call using Monte Carlo...
2026-01-11 13:33:28,395 - src.pricing.monte_carlo - INFO - Option price: 4.0794 ± 0.0183
2026-01-11 13:33:28,395 - src.pricing.monte_carlo - INFO - 95% CI: [4.0435, 4.1153]
2026-01-11 13:33:28,442 - src.pricing.monte_carlo - INFO - Pricing European Call using Monte Carlo...
2026-01-11 13:42:47,102 - src.pricing.monte_carlo - INFO - Option price: 7.2772 ± 0.0333
2026-01-11 13:42:47,102 - src.pricing.monte_carlo - INFO - 95% CI: [7.2119, 7.3425]
2026-01-11 13:42:47,151 - src.pricing.monte_carlo - INFO - Running convergence analysis...
2026-01-11 13:42:47,153 - src.pricing.monte_carlo - INFO - Pricing Up-And-Out Call Barrier Option using Monte Carlo...
2026-01-11 13:42:52,987 - src.pricing.monte_carlo - INFO - Option price: 2.1447 ± 0.1312
2026-01-11 13:42:52,988 - src.pricing.monte_carlo - INFO - 95% CI: [1.8875, 2.4018]
2026-01-11 13:42:52,990 - src.pricing.monte_carlo - INFO - Pricing Up-And-Out Call Barrier Option using Monte Carlo...
2026-01-11 13:43:24,360 - src.pricing.monte_carlo - INFO - Option price: 2.0354 ± 0.0586
2026-01-11 13:43:24,361 - src.pricing.monte_carlo - INFO - 95% CI: [1.9206, 2.1502]
2026-01-11 13:43:24,364 - src.pricing.monte_carlo - INFO - Pricing Up-And-Out Call Barrier Option using Monte Carlo...
2026-01-11 13:44:26,662 - src.pricing.monte_carlo - INFO - Option price: 2.1054 ± 0.0420
2026-01-11 13:44:26,663 - src.pricing.monte_carlo - INFO - 95% CI: [2.0230, 2.1878]
2026-01-11 13:44:26,669 - src.pricing.monte_carlo - INFO - Pricing Up-And-Out Call Barrier Option using Monte Carlo...
2026-01-11 13:49:12,575 - src.pricing.monte_carlo - INFO - Option price: 2.0657 ± 0.0184
2026-01-11 13:49:12,576 - src.pricing.monte_carlo - INFO - 95% CI: [2.0296, 2.1018]
2026-01-11 13:49:12,602 - src.pricing.monte_carlo - INFO - Pricing Up-And-Out Call Barrier Option using Monte Carlo...
2026-01-11 13:57:46,678 - src.pricing.monte_carlo - INFO - Option price: 2.0479 ± 0.0131
2026-01-11 13:57:46,678 - src.pricing.monte_carlo - INFO - 95% CI: [2.0223, 2.0735]
2026-01-11 13:57:46,715 - src.pricing.monte_carlo - INFO - Pricing Up-And-Out Call Barrier Option using Monte Carlo...
2026-01-11 14:05:56,687 - src.pricing.monte_carlo - INFO - Option price: 2.0586 ± 0.0131
2026-01-11 14:05:56,688 - src.pricing.monte_carlo - INFO - 95% CI: [2.0329, 2.0843]
2026-01-11 14:05:56,728 - src.pricing.monte_carlo - INFO - Pricing Up-And-Out Call Barrier Option using Monte Carlo...
2026-01-11 14:16:03,836 - src.pricing.monte_carlo - INFO - Option price: 2.0293 ± 0.0130
2026-01-11 14:16:03,837 - src.pricing.monte_carlo - INFO - 95% CI: [2.0038, 2.0547]
2026-01-11 14:16:03,876 - src.pricing.monte_carlo - INFO - Pricing Up-And-Out Call Barrier Option using Monte Carlo...
2026-01-11 14:25:01,301 - src.pricing.monte_carlo - INFO - Option price: 2.0213 ± 0.0130
2026-01-11 14:25:01,302 - src.pricing.monte_carlo - INFO - 95% CI: [1.9958, 2.0468]
2026-01-11 14:25:01,346 - src.pricing.monte_carlo - INFO - Pricing Up-And-Out Call Barrier Option using Monte Carlo...
2026-01-11 14:32:30,798 - src.pricing.monte_carlo - INFO - Option price: 2.0536 ± 0.0131
2026-01-11 14:32:30,799 - src.pricing.monte_carlo - INFO - 95% CI: [2.0280, 2.0792]
2026-01-11 14:32:30,851 - src.pricing.monte_carlo - INFO - Pricing Up-And-Out Call Barrier Option using Monte Carlo...
2026-01-11 14:41:59,283 - src.pricing.monte_carlo - INFO - Option price: 2.0936 ± 0.0131
2026-01-11 14:41:59,283 - src.pricing.monte_carlo - INFO - 95% CI: [2.0678, 2.1193]
2026-01-11 14:41:59,330 - src.pricing.monte_carlo - INFO - Greeks computed: Delta=0.0147, Gamma=-0.0079, Vega=-2.6569
2026-01-11 14:41:59,339 - src.hedging.portfolio - INFO - Created hedging portfolio for Up-And-Out Call Barrier Option
2026-01-11 14:41:59,340 - src.hedging.portfolio - INFO - Added Stock to portfolio
2026-01-11 14:41:59,340 - src.hedging.portfolio - INFO - Added Call K=100 to portfolio
2026-01-11 14:41:59,340 - src.hedging.optimization - INFO - Executing dynamic hedge with 50 rebalances...
2026-01-11 14:41:59,345 - src.pricing.monte_carlo - INFO - Initialized Monte Carlo engine with 5000 simulations
2026-01-11 15:51:43,026 - src.utils.data_utils - INFO - Logging initialized
2026-01-11 15:51:43,027 - src.utils.data_utils - INFO - Created output directory: results\comprehensive_analysis
2026-01-11 15:51:43,038 - src.utils.data_utils - INFO - Loaded configuration from C:\Users\ayushi.priya\Downloads\project2\project2\config\model_config.yaml
2026-01-11 15:51:43,039 - src.models.regime_switching - INFO - Initialized Markov chain with 3 regimes
2026-01-11 15:51:43,039 - src.models.regime_switching - INFO - Initialized regime-switching model with 3 regimes
2026-01-11 15:51:43,041 - src.models.asset_dynamics - INFO - Initialized asset simulator with S0=100.0, r=0.03
2026-01-11 15:51:43,041 - src.analytics.validation - INFO - Testing martingale property with 10000 paths...
2026-01-11 15:51:43,041 - src.models.asset_dynamics - INFO - Validating martingale property...
2026-01-11 15:52:57,217 - src.models.asset_dynamics - INFO - Martingale test: E^Q[S_T e^(-rT)] = 98.9109, S_0 = 100.0000
2026-01-11 15:52:57,217 - src.models.asset_dynamics - INFO - Relative error: -1.09%
2026-01-11 15:52:57,234 - src.analytics.validation - INFO - Testing regime stationarity...
2026-01-11 15:54:22,265 - src.pricing.monte_carlo - INFO - Initialized Monte Carlo engine with 100000 simulations
2026-01-11 15:54:22,266 - src.pricing.monte_carlo - INFO - Pricing Up-And-Out Call Barrier Option using Monte Carlo...
2026-01-11 16:07:18,534 - src.pricing.monte_carlo - INFO - Option price: 2.0479 ± 0.0131
2026-01-11 16:07:18,535 - src.pricing.monte_carlo - INFO - 95% CI: [2.0223, 2.0735]
2026-01-11 16:07:18,601 - src.pricing.monte_carlo - INFO - Pricing European Call using Monte Carlo...
2026-01-11 16:15:36,595 - src.pricing.monte_carlo - INFO - Option price: 7.2772 ± 0.0333
2026-01-11 16:15:36,596 - src.pricing.monte_carlo - INFO - 95% CI: [7.2119, 7.3425]
2026-01-11 16:15:36,640 - src.pricing.monte_carlo - INFO - Pricing Arithmetic Asian Call using Monte Carlo...
2026-01-11 16:23:00,455 - src.pricing.monte_carlo - INFO - Option price: 4.0794 ± 0.0183
2026-01-11 16:23:00,456 - src.pricing.monte_carlo - INFO - 95% CI: [4.0435, 4.1153]
2026-01-11 16:23:00,508 - src.pricing.monte_carlo - INFO - Pricing European Call using Monte Carlo...
2026-01-11 16:27:27,296 - src.pricing.monte_carlo - INFO - Option price: 7.2772 ± 0.0333
2026-01-11 16:27:27,297 - src.pricing.monte_carlo - INFO - 95% CI: [7.2119, 7.3425]
2026-01-11 16:27:27,362 - src.pricing.monte_carlo - INFO - Running convergence analysis...
2026-01-11 16:27:27,363 - src.pricing.monte_carlo - INFO - Pricing Up-And-Out Call Barrier Option using Monte Carlo...
2026-01-11 16:27:31,562 - src.pricing.monte_carlo - INFO - Option price: 2.1447 ± 0.1312
2026-01-11 16:27:31,562 - src.pricing.monte_carlo - INFO - 95% CI: [1.8875, 2.4018]
2026-01-11 16:27:31,563 - src.pricing.monte_carlo - INFO - Pricing Up-And-Out Call Barrier Option using Monte Carlo...
2026-01-11 16:27:47,342 - src.pricing.monte_carlo - INFO - Option price: 2.0354 ± 0.0586
2026-01-11 16:27:47,343 - src.pricing.monte_carlo - INFO - 95% CI: [1.9206, 2.1502]
2026-01-11 16:27:47,344 - src.pricing.monte_carlo - INFO - Pricing Up-And-Out Call Barrier Option using Monte Carlo...
2026-01-11 16:28:14,885 - src.pricing.monte_carlo - INFO - Option price: 2.1054 ± 0.0420
2026-01-11 16:28:14,886 - src.pricing.monte_carlo - INFO - 95% CI: [2.0230, 2.1878]
2026-01-11 16:28:14,888 - src.pricing.monte_carlo - INFO - Pricing Up-And-Out Call Barrier Option using Monte Carlo...
2026-01-11 16:30:44,862 - src.pricing.monte_carlo - INFO - Option price: 2.0657 ± 0.0184
2026-01-11 16:30:44,863 - src.pricing.monte_carlo - INFO - 95% CI: [2.0296, 2.1018]
2026-01-11 16:30:44,884 - src.pricing.monte_carlo - INFO - Pricing Up-And-Out Call Barrier Option using Monte Carlo...
2026-01-11 16:35:25,528 - src.pricing.monte_carlo - INFO - Option price: 2.0479 ± 0.0131
2026-01-11 16:35:25,529 - src.pricing.monte_carlo - INFO - 95% CI: [2.0223, 2.0735]
2026-01-11 16:35:25,595 - src.pricing.monte_carlo - INFO - Pricing Up-And-Out Call Barrier Option using Monte Carlo...
2026-01-11 16:40:51,293 - src.pricing.monte_carlo - INFO - Option price: 2.0586 ± 0.0131
2026-01-11 16:40:51,293 - src.pricing.monte_carlo - INFO - 95% CI: [2.0329, 2.0843]
2026-01-11 16:40:51,330 - src.pricing.monte_carlo - INFO - Pricing Up-And-Out Call Barrier Option using Monte Carlo...
2026-01-11 16:45:34,219 - src.pricing.monte_carlo - INFO - Option price: 2.0293 ± 0.0130
2026-01-11 16:45:34,220 - src.pricing.monte_carlo - INFO - 95% CI: [2.0038, 2.0547]
2026-01-11 16:45:34,406 - src.pricing.monte_carlo - INFO - Pricing Up-And-Out Call Barrier Option using Monte Carlo...
2026-01-11 16:51:16,321 - src.pricing.monte_carlo - INFO - Option price: 2.0213 ± 0.0130
2026-01-11 16:51:16,323 - src.pricing.monte_carlo - INFO - 95% CI: [1.9958, 2.0468]
2026-01-11 16:51:16,469 - src.pricing.monte_carlo - INFO - Pricing Up-And-Out Call Barrier Option using Monte Carlo...
2026-01-11 16:57:07,501 - src.pricing.monte_carlo - INFO - Option price: 2.0536 ± 0.0131
2026-01-11 16:57:07,502 - src.pricing.monte_carlo - INFO - 95% CI: [2.0280, 2.0792]
2026-01-11 16:57:07,597 - src.pricing.monte_carlo - INFO - Pricing Up-And-Out Call Barrier Option using Monte Carlo...
2026-01-11 17:02:48,223 - src.pricing.monte_carlo - INFO - Option price: 2.0936 ± 0.0131
2026-01-11 17:02:48,223 - src.pricing.monte_carlo - INFO - 95% CI: [2.0678, 2.1193]
2026-01-11 17:02:48,338 - src.pricing.monte_carlo - INFO - Greeks computed: Delta=0.0147, Gamma=-0.0079, Vega=-2.6569
2026-01-11 17:02:48,376 - src.hedging.portfolio - INFO - Created hedging portfolio for Up-And-Out Call Barrier Option
2026-01-11 17:02:48,377 - src.hedging.portfolio - INFO - Added Stock to portfolio
2026-01-11 17:02:48,377 - src.hedging.portfolio - INFO - Added Call K=100 to portfolio
2026-01-11 17:02:48,378 - src.hedging.optimization - INFO - Executing dynamic hedge with 50 rebalances...
2026-01-11 17:02:48,379 - src.pricing.monte_carlo - INFO - Initialized Monte Carlo engine with 5000 simulations
2026-01-14 21:59:11,325 - src.utils.data_utils - INFO - Logging initialized
2026-01-14 21:59:11,326 - src.utils.data_utils - INFO - Created output directory: results\comprehensive_analysis
2026-01-14 21:59:11,377 - src.utils.data_utils - INFO - Loaded configuration from C:\Users\ayushi.priya\Downloads\project2\project2\config\model_config.yaml
2026-01-14 21:59:11,378 - src.models.regime_switching - INFO - Initialized Markov chain with 3 regimes
2026-01-14 21:59:11,379 - src.models.regime_switching - INFO - Initialized regime-switching model with 3 regimes
2026-01-14 21:59:11,383 - src.models.asset_dynamics - INFO - Initialized asset simulator with S0=100.0, r=0.03
2026-01-14 21:59:11,383 - src.analytics.validation - INFO - Testing martingale property with 10000 paths...
2026-01-14 21:59:11,384 - src.models.asset_dynamics - INFO - Validating martingale property...
2026-01-14 22:01:57,283 - src.models.asset_dynamics - INFO - Martingale test: E^Q[S_T e^(-rT)] = 99.1703, S_0 = 100.0000
2026-01-14 22:01:57,285 - src.models.asset_dynamics - INFO - Relative error: -0.83%
2026-01-14 22:01:57,379 - src.analytics.validation - INFO - Testing regime stationarity...
2026-01-14 22:02:53,479 - src.pricing.monte_carlo - INFO - Initialized Monte Carlo engine with 100000 simulations
2026-01-14 22:02:53,480 - src.pricing.monte_carlo - INFO - Pricing Up-And-Out Call Barrier Option using Monte Carlo...
2026-01-14 22:14:08,251 - src.pricing.monte_carlo - INFO - Option price: 2.0479 ± 0.0131
2026-01-14 22:14:08,257 - src.pricing.monte_carlo - INFO - 95% CI: [2.0223, 2.0735]
2026-01-14 22:14:08,310 - src.pricing.monte_carlo - INFO - Pricing European Call using Monte Carlo...
2026-01-14 22:22:19,891 - src.pricing.monte_carlo - INFO - Option price: 7.2772 ± 0.0333
2026-01-14 22:22:19,891 - src.pricing.monte_carlo - INFO - 95% CI: [7.2119, 7.3425]
2026-01-14 22:22:19,939 - src.pricing.monte_carlo - INFO - Pricing Arithmetic Asian Call using Monte Carlo...
2026-01-14 22:30:25,850 - src.pricing.monte_carlo - INFO - Option price: 4.0794 ± 0.0183
2026-01-14 22:30:25,852 - src.pricing.monte_carlo - INFO - 95% CI: [4.0435, 4.1153]
2026-01-14 22:30:25,905 - src.pricing.monte_carlo - INFO - Pricing European Call using Monte Carlo...
2026-01-14 22:40:13,544 - src.pricing.monte_carlo - INFO - Option price: 7.2772 ± 0.0333
2026-01-14 22:40:13,545 - src.pricing.monte_carlo - INFO - 95% CI: [7.2119, 7.3425]
2026-01-14 22:40:13,625 - src.pricing.monte_carlo - INFO - Running convergence analysis...
2026-01-14 22:40:13,627 - src.pricing.monte_carlo - INFO - Pricing Up-And-Out Call Barrier Option using Monte Carlo...
2026-01-14 22:40:19,005 - src.pricing.monte_carlo - INFO - Option price: 2.1447 ± 0.1312
2026-01-14 22:40:19,006 - src.pricing.monte_carlo - INFO - 95% CI: [1.8875, 2.4018]
2026-01-14 22:40:19,008 - src.pricing.monte_carlo - INFO - Pricing Up-And-Out Call Barrier Option using Monte Carlo...
2026-01-14 22:40:44,035 - src.pricing.monte_carlo - INFO - Option price: 2.0354 ± 0.0586
2026-01-14 22:40:44,036 - src.pricing.monte_carlo - INFO - 95% CI: [1.9206, 2.1502]
2026-01-14 22:40:44,040 - src.pricing.monte_carlo - INFO - Pricing Up-And-Out Call Barrier Option using Monte Carlo...
2026-01-14 22:41:42,719 - src.pricing.monte_carlo - INFO - Option price: 2.1054 ± 0.0420
2026-01-14 22:41:42,720 - src.pricing.monte_carlo - INFO - 95% CI: [2.0230, 2.1878]
2026-01-14 22:41:42,725 - src.pricing.monte_carlo - INFO - Pricing Up-And-Out Call Barrier Option using Monte Carlo...
2026-01-14 22:45:05,707 - src.pricing.monte_carlo - INFO - Option price: 2.0657 ± 0.0184
2026-01-14 22:45:05,708 - src.pricing.monte_carlo - INFO - 95% CI: [2.0296, 2.1018]
2026-01-14 22:45:05,739 - src.pricing.monte_carlo - INFO - Pricing Up-And-Out Call Barrier Option using Monte Carlo...
2026-01-14 22:54:23,300 - src.pricing.monte_carlo - INFO - Option price: 2.0479 ± 0.0131
2026-01-14 22:54:23,301 - src.pricing.monte_carlo - INFO - 95% CI: [2.0223, 2.0735]
2026-01-14 22:54:23,358 - src.pricing.monte_carlo - INFO - Pricing Up-And-Out Call Barrier Option using Monte Carlo...
2026-01-14 23:04:09,077 - src.pricing.monte_carlo - INFO - Option price: 2.0586 ± 0.0131
2026-01-14 23:04:09,078 - src.pricing.monte_carlo - INFO - 95% CI: [2.0329, 2.0843]
2026-01-14 23:04:09,165 - src.pricing.monte_carlo - INFO - Pricing Up-And-Out Call Barrier Option using Monte Carlo...
2026-01-14 23:13:15,931 - src.pricing.monte_carlo - INFO - Option price: 2.0293 ± 0.0130
2026-01-14 23:13:15,932 - src.pricing.monte_carlo - INFO - 95% CI: [2.0038, 2.0547]
2026-01-14 23:13:15,986 - src.pricing.monte_carlo - INFO - Pricing Up-And-Out Call Barrier Option using Monte Carlo...
2026-01-14 23:22:23,557 - src.pricing.monte_carlo - INFO - Option price: 2.0213 ± 0.0130
2026-01-14 23:22:23,558 - src.pricing.monte_carlo - INFO - 95% CI: [1.9958, 2.0468]
2026-01-14 23:22:23,639 - src.pricing.monte_carlo - INFO - Pricing Up-And-Out Call Barrier Option using Monte Carlo...
2026-01-14 23:30:10,566 - src.pricing.monte_carlo - INFO - Option price: 2.0536 ± 0.0131
2026-01-14 23:30:10,566 - src.pricing.monte_carlo - INFO - 95% CI: [2.0280, 2.0792]
2026-01-14 23:30:10,663 - src.pricing.monte_carlo - INFO - Pricing Up-And-Out Call Barrier Option using Monte Carlo...
2026-01-15 12:08:34,361 - src.utils.data_utils - INFO - Logging initialized
2026-01-15 12:08:34,362 - src.utils.data_utils - INFO - Created output directory: results\comprehensive_analysis
2026-01-15 12:08:34,373 - src.utils.data_utils - INFO - Loaded configuration from C:\Users\ayushi.priya\Downloads\project2\project2\config\model_config.yaml
2026-01-15 12:08:34,374 - src.models.regime_switching - INFO - Initialized Markov chain with 3 regimes
2026-01-15 12:08:34,375 - src.models.regime_switching - INFO - Initialized regime-switching model with 3 regimes
2026-01-15 12:08:34,381 - src.models.asset_dynamics - INFO - Initialized asset simulator with S0=100.0, r=0.03
2026-01-15 12:08:34,382 - src.analytics.validation - INFO - Testing martingale property with 10000 paths...
2026-01-15 12:08:34,383 - src.models.asset_dynamics - INFO - Validating martingale property...
2026-01-15 12:09:36,152 - src.models.asset_dynamics - INFO - Martingale test: E^Q[S_T e^(-rT)] = 99.0038, S_0 = 100.0000
2026-01-15 12:09:36,153 - src.models.asset_dynamics - INFO - Relative error: -1.00%
2026-01-15 12:09:36,178 - src.analytics.validation - INFO - Testing regime stationarity...
2026-01-15 12:10:06,711 - src.pricing.monte_carlo - INFO - Initialized Monte Carlo engine with 100000 simulations
2026-01-15 12:10:06,712 - src.pricing.monte_carlo - INFO - Pricing Up-And-Out Call Barrier Option using Monte Carlo...
2026-01-15 12:17:17,320 - src.pricing.monte_carlo - INFO - Option price: 2.0479 ± 0.0131
2026-01-15 12:17:17,321 - src.pricing.monte_carlo - INFO - 95% CI: [2.0223, 2.0735]
2026-01-15 12:17:17,403 - src.pricing.monte_carlo - INFO - Pricing European Call using Monte Carlo...
2026-01-15 12:23:29,836 - src.pricing.monte_carlo - INFO - Option price: 7.2772 ± 0.0333
2026-01-15 12:23:29,837 - src.pricing.monte_carlo - INFO - 95% CI: [7.2119, 7.3425]
2026-01-15 12:23:29,861 - src.pricing.monte_carlo - INFO - Pricing Arithmetic Asian Call using Monte Carlo...
2026-01-15 12:27:35,584 - src.pricing.monte_carlo - INFO - Option price: 4.0794 ± 0.0183
2026-01-15 12:27:35,584 - src.pricing.monte_carlo - INFO - 95% CI: [4.0435, 4.1153]
2026-01-15 12:27:35,618 - src.pricing.monte_carlo - INFO - Pricing European Call using Monte Carlo...
2026-01-15 12:31:40,252 - src.pricing.monte_carlo - INFO - Option price: 7.2772 ± 0.0333
2026-01-15 12:31:40,252 - src.pricing.monte_carlo - INFO - 95% CI: [7.2119, 7.3425]
2026-01-15 12:31:40,271 - src.pricing.monte_carlo - INFO - Running convergence analysis...
2026-01-15 12:31:40,272 - src.pricing.monte_carlo - INFO - Pricing Up-And-Out Call Barrier Option using Monte Carlo...
2026-01-15 12:31:42,749 - src.pricing.monte_carlo - INFO - Option price: 2.1447 ± 0.1312
2026-01-15 12:31:42,750 - src.pricing.monte_carlo - INFO - 95% CI: [1.8875, 2.4018]
2026-01-15 12:31:42,751 - src.pricing.monte_carlo - INFO - Pricing Up-And-Out Call Barrier Option using Monte Carlo...
2026-01-15 12:31:54,854 - src.pricing.monte_carlo - INFO - Option price: 2.0354 ± 0.0586
2026-01-15 12:31:54,861 - src.pricing.monte_carlo - INFO - 95% CI: [1.9206, 2.1502]
2026-01-15 12:31:54,872 - src.pricing.monte_carlo - INFO - Pricing Up-And-Out Call Barrier Option using Monte Carlo...
2026-01-15 12:32:19,228 - src.pricing.monte_carlo - INFO - Option price: 2.1054 ± 0.0420
2026-01-15 12:32:19,229 - src.pricing.monte_carlo - INFO - 95% CI: [2.0230, 2.1878]
2026-01-15 12:32:19,231 - src.pricing.monte_carlo - INFO - Pricing Up-And-Out Call Barrier Option using Monte Carlo...
2026-01-15 12:34:24,464 - src.pricing.monte_carlo - INFO - Option price: 2.0657 ± 0.0184
2026-01-15 12:34:24,465 - src.pricing.monte_carlo - INFO - 95% CI: [2.0296, 2.1018]
2026-01-15 12:34:24,474 - src.pricing.monte_carlo - INFO - Pricing Up-And-Out Call Barrier Option using Monte Carlo...
2026-01-15 12:38:34,597 - src.pricing.monte_carlo - INFO - Option price: 2.0479 ± 0.0131
2026-01-15 12:38:34,598 - src.pricing.monte_carlo - INFO - 95% CI: [2.0223, 2.0735]
2026-01-15 12:38:34,631 - src.pricing.monte_carlo - INFO - Pricing Up-And-Out Call Barrier Option using Monte Carlo...
2026-01-15 12:42:39,687 - src.pricing.monte_carlo - INFO - Option price: 2.0586 ± 0.0131
2026-01-15 12:42:39,688 - src.pricing.monte_carlo - INFO - 95% CI: [2.0329, 2.0843]
2026-01-15 12:42:39,725 - src.pricing.monte_carlo - INFO - Pricing Up-And-Out Call Barrier Option using Monte Carlo...
2026-01-15 12:46:47,125 - src.pricing.monte_carlo - INFO - Option price: 2.0293 ± 0.0130
2026-01-15 12:46:47,125 - src.pricing.monte_carlo - INFO - 95% CI: [2.0038, 2.0547]
2026-01-15 12:46:47,153 - src.pricing.monte_carlo - INFO - Pricing Up-And-Out Call Barrier Option using Monte Carlo...
2026-01-15 12:50:49,909 - src.pricing.monte_carlo - INFO - Option price: 2.0213 ± 0.0130
2026-01-15 12:50:49,909 - src.pricing.monte_carlo - INFO - 95% CI: [1.9958, 2.0468]
2026-01-15 12:50:49,944 - src.pricing.monte_carlo - INFO - Pricing Up-And-Out Call Barrier Option using Monte Carlo...
2026-01-15 12:54:55,426 - src.pricing.monte_carlo - INFO - Option price: 2.0536 ± 0.0131
2026-01-15 12:54:55,426 - src.pricing.monte_carlo - INFO - 95% CI: [2.0280, 2.0792]
2026-01-15 12:54:55,443 - src.pricing.monte_carlo - INFO - Pricing Up-And-Out Call Barrier Option using Monte Carlo...
2026-01-15 12:58:59,844 - src.pricing.monte_carlo - INFO - Option price: 2.0936 ± 0.0131
2026-01-15 12:58:59,846 - src.pricing.monte_carlo - INFO - 95% CI: [2.0678, 2.1193]
2026-01-15 12:58:59,877 - src.pricing.monte_carlo - INFO - Greeks computed: Delta=0.0147, Gamma=-0.0079, Vega=-2.6569
2026-01-15 12:58:59,911 - src.hedging.portfolio - INFO - Created hedging portfolio for Up-And-Out Call Barrier Option
2026-01-15 12:58:59,911 - src.hedging.portfolio - INFO - Added Stock to portfolio
2026-01-15 12:58:59,911 - src.hedging.portfolio - INFO - Added Call K=100 to portfolio
2026-01-15 12:58:59,911 - src.hedging.optimization - INFO - Executing dynamic hedge with 50 rebalances...
2026-01-15 12:58:59,912 - src.pricing.monte_carlo - INFO - Initialized Monte Carlo engine with 5000 simulations
2026-01-15 12:58:59,912 - src.pricing.monte_carlo - INFO - Pricing Up-And-Out Call Barrier Option using Monte Carlo...
2026-01-15 12:59:12,136 - src.pricing.monte_carlo - INFO - Option price: 1.9700 ± 0.0571
2026-01-15 12:59:12,137 - src.pricing.monte_carlo - INFO - 95% CI: [1.8582, 2.0818]
2026-01-15 12:59:12,138 - src.pricing.monte_carlo - INFO - Pricing Up-And-Out Call Barrier Option using Monte Carlo...
2026-01-15 12:59:24,524 - src.pricing.monte_carlo - INFO - Option price: 1.9999 ± 0.0580
2026-01-15 12:59:24,524 - src.pricing.monte_carlo - INFO - 95% CI: [1.8863, 2.1136]
2026-01-15 12:59:24,526 - src.pricing.monte_carlo - INFO - Pricing Up-And-Out Call Barrier Option using Monte Carlo...
2026-01-15 12:59:36,804 - src.pricing.monte_carlo - INFO - Option price: 2.0873 ± 0.0582
2026-01-15 12:59:36,804 - src.pricing.monte_carlo - INFO - 95% CI: [1.9733, 2.2013]
2026-01-15 12:59:36,805 - src.pricing.monte_carlo - INFO - Pricing Up-And-Out Call Barrier Option using Monte Carlo...
2026-01-15 12:59:49,202 - src.pricing.monte_carlo - INFO - Option price: 1.9891 ± 0.0573
2026-01-15 12:59:49,202 - src.pricing.monte_carlo - INFO - 95% CI: [1.8768, 2.1015]
2026-01-15 12:59:49,203 - src.pricing.monte_carlo - INFO - Pricing Up-And-Out Call Barrier Option using Monte Carlo...
2026-01-15 13:00:01,398 - src.pricing.monte_carlo - INFO - Option price: 2.1412 ± 0.0600
2026-01-15 13:00:01,398 - src.pricing.monte_carlo - INFO - 95% CI: [2.0237, 2.2587]
2026-01-15 13:00:01,399 - src.pricing.monte_carlo - INFO - Pricing Up-And-Out Call Barrier Option using Monte Carlo...
2026-01-15 13:00:13,862 - src.pricing.monte_carlo - INFO - Option price: 2.1660 ± 0.0593
2026-01-15 13:00:13,862 - src.pricing.monte_carlo - INFO - 95% CI: [2.0497, 2.2823]
2026-01-15 13:00:13,863 - src.pricing.monte_carlo - INFO - Greeks computed: Delta=-0.0437, Gamma=0.1472, Vega=1.9143
2026-01-15 13:00:13,864 - src.pricing.monte_carlo - INFO - Initialized Monte Carlo engine with 5000 simulations
2026-01-15 13:00:13,864 - src.pricing.monte_carlo - INFO - Pricing Up-And-Out Call Barrier Option using Monte Carlo...
2026-01-15 13:00:26,112 - src.pricing.monte_carlo - INFO - Option price: 2.0296 ± 0.0574
2026-01-15 13:00:26,113 - src.pricing.monte_carlo - INFO - 95% CI: [1.9171, 2.1421]
2026-01-15 13:00:26,114 - src.pricing.monte_carlo - INFO - Pricing Up-And-Out Call Barrier Option using Monte Carlo...
2026-01-15 13:00:38,277 - src.pricing.monte_carlo - INFO - Option price: 2.1376 ± 0.0597
2026-01-15 13:00:38,278 - src.pricing.monte_carlo - INFO - 95% CI: [2.0206, 2.2546]
2026-01-15 13:00:38,279 - src.pricing.monte_carlo - INFO - Pricing Up-And-Out Call Barrier Option using Monte Carlo...
2026-01-15 13:00:50,314 - src.pricing.monte_carlo - INFO - Option price: 2.0335 ± 0.0578
2026-01-15 13:00:50,314 - src.pricing.monte_carlo - INFO - 95% CI: [1.9202, 2.1469]
2026-01-15 13:00:50,316 - src.pricing.monte_carlo - INFO - Pricing Up-And-Out Call Barrier Option using Monte Carlo...
2026-01-15 13:01:02,455 - src.pricing.monte_carlo - INFO - Option price: 2.0724 ± 0.0591
2026-01-15 13:01:02,456 - src.pricing.monte_carlo - INFO - 95% CI: [1.9566, 2.1883]
2026-01-15 13:01:02,457 - src.pricing.monte_carlo - INFO - Pricing Up-And-Out Call Barrier Option using Monte Carlo...
2026-01-15 13:01:14,540 - src.pricing.monte_carlo - INFO - Option price: 2.0624 ± 0.0583
2026-01-15 13:01:14,541 - src.pricing.monte_carlo - INFO - 95% CI: [1.9481, 2.1767]
2026-01-15 13:01:14,542 - src.pricing.monte_carlo - INFO - Pricing Up-And-Out Call Barrier Option using Monte Carlo...
2026-01-15 13:01:26,719 - src.pricing.monte_carlo - INFO - Option price: 2.1427 ± 0.0600
2026-01-15 13:01:26,719 - src.pricing.monte_carlo - INFO - 95% CI: [2.0250, 2.2603]
2026-01-15 13:01:26,721 - src.pricing.monte_carlo - INFO - Greeks computed: Delta=0.0521, Gamma=0.1119, Vega=4.2815
2026-01-15 13:01:26,721 - src.pricing.monte_carlo - INFO - Initialized Monte Carlo engine with 5000 simulations
2026-01-15 13:01:26,721 - src.pricing.monte_carlo - INFO - Pricing Up-And-Out Call Barrier Option using Monte Carlo...
2026-01-15 13:01:38,820 - src.pricing.monte_carlo - INFO - Option price: 2.1907 ± 0.0612
2026-01-15 13:01:38,820 - src.pricing.monte_carlo - INFO - 95% CI: [2.0708, 2.3106]
2026-01-15 13:01:38,821 - src.pricing.monte_carlo - INFO - Pricing Up-And-Out Call Barrier Option using Monte Carlo...
2026-01-15 13:01:50,953 - src.pricing.monte_carlo - INFO - Option price: 1.9957 ± 0.0580
2026-01-15 13:01:50,954 - src.pricing.monte_carlo - INFO - 95% CI: [1.8821, 2.1092]
2026-01-15 13:01:50,956 - src.pricing.monte_carlo - INFO - Pricing Up-And-Out Call Barrier Option using Monte Carlo...
2026-01-15 13:02:03,199 - src.pricing.monte_carlo - INFO - Option price: 2.0021 ± 0.0577
2026-01-15 13:02:03,199 - src.pricing.monte_carlo - INFO - 95% CI: [1.8889, 2.1152]
2026-01-15 13:02:03,201 - src.pricing.monte_carlo - INFO - Pricing Up-And-Out Call Barrier Option using Monte Carlo...
2026-01-15 13:02:15,553 - src.pricing.monte_carlo - INFO - Option price: 2.0493 ± 0.0587
2026-01-15 13:02:15,553 - src.pricing.monte_carlo - INFO - 95% CI: [1.9342, 2.1643]
2026-01-15 13:02:15,554 - src.pricing.monte_carlo - INFO - Pricing Up-And-Out Call Barrier Option using Monte Carlo...
2026-01-15 13:02:27,909 - src.pricing.monte_carlo - INFO - Option price: 2.0418 ± 0.0583
2026-01-15 13:02:27,910 - src.pricing.monte_carlo - INFO - 95% CI: [1.9274, 2.1562]
2026-01-15 13:02:27,912 - src.pricing.monte_carlo - INFO - Pricing Up-And-Out Call Barrier Option using Monte Carlo...
2026-01-15 13:02:40,468 - src.pricing.monte_carlo - INFO - Option price: 1.9888 ± 0.0571
2026-01-15 13:02:40,468 - src.pricing.monte_carlo - INFO - 95% CI: [1.8769, 2.1007]
2026-01-15 13:02:40,469 - src.pricing.monte_carlo - INFO - Greeks computed: Delta=-0.0032, Gamma=-0.3836, Vega=-14.1395
2026-01-15 13:02:40,470 - src.pricing.monte_carlo - INFO - Initialized Monte Carlo engine with 5000 simulations
2026-01-15 13:02:40,470 - src.pricing.monte_carlo - INFO - Pricing Up-And-Out Call Barrier Option using Monte Carlo...
2026-01-15 13:02:52,771 - src.pricing.monte_carlo - INFO - Option price: 2.0366 ± 0.0583
2026-01-15 13:02:52,771 - src.pricing.monte_carlo - INFO - 95% CI: [1.9223, 2.1510]
2026-01-15 13:02:52,772 - src.pricing.monte_carlo - INFO - Pricing Up-And-Out Call Barrier Option using Monte Carlo...
2026-01-15 13:03:04,970 - src.pricing.monte_carlo - INFO - Option price: 2.0623 ± 0.0588
2026-01-15 13:03:04,971 - src.pricing.monte_carlo - INFO - 95% CI: [1.9470, 2.1775]
2026-01-15 13:03:04,972 - src.pricing.monte_carlo - INFO - Pricing Up-And-Out Call Barrier Option using Monte Carlo...
2026-01-15 13:03:17,027 - src.pricing.monte_carlo - INFO - Option price: 2.0845 ± 0.0585
2026-01-15 13:03:17,028 - src.pricing.monte_carlo - INFO - 95% CI: [1.9698, 2.1992]
2026-01-15 13:03:17,029 - src.pricing.monte_carlo - INFO - Pricing Up-And-Out Call Barrier Option using Monte Carlo...
2026-01-15 13:03:29,074 - src.pricing.monte_carlo - INFO - Option price: 2.0137 ± 0.0574
2026-01-15 13:03:29,074 - src.pricing.monte_carlo - INFO - 95% CI: [1.9013, 2.1262]
2026-01-15 13:03:29,076 - src.pricing.monte_carlo - INFO - Pricing Up-And-Out Call Barrier Option using Monte Carlo...
2026-01-15 13:03:41,331 - src.pricing.monte_carlo - INFO - Option price: 2.0275 ± 0.0580
2026-01-15 13:03:41,332 - src.pricing.monte_carlo - INFO - 95% CI: [1.9139, 2.1411]
2026-01-15 13:03:41,333 - src.pricing.monte_carlo - INFO - Pricing Up-And-Out Call Barrier Option using Monte Carlo...
2026-01-15 13:03:53,719 - src.pricing.monte_carlo - INFO - Option price: 2.1402 ± 0.0589
2026-01-15 13:03:53,720 - src.pricing.monte_carlo - INFO - 95% CI: [2.0248, 2.2557]
2026-01-15 13:03:53,721 - src.pricing.monte_carlo - INFO - Greeks computed: Delta=-0.0111, Gamma=0.0735, Vega=-2.2892
2026-01-15 13:03:53,722 - src.pricing.monte_carlo - INFO - Initialized Monte Carlo engine with 5000 simulations
2026-01-15 13:03:53,722 - src.pricing.monte_carlo - INFO - Pricing Up-And-Out Call Barrier Option using Monte Carlo...
2026-01-15 13:04:06,126 - src.pricing.monte_carlo - INFO - Option price: 1.9809 ± 0.0570
2026-01-15 13:04:06,126 - src.pricing.monte_carlo - INFO - 95% CI: [1.8691, 2.0927]
2026-01-15 13:04:06,127 - src.pricing.monte_carlo - INFO - Pricing Up-And-Out Call Barrier Option using Monte Carlo...
2026-01-15 13:04:18,944 - src.pricing.monte_carlo - INFO - Option price: 2.0254 ± 0.0587
2026-01-15 13:04:18,945 - src.pricing.monte_carlo - INFO - 95% CI: [1.9103, 2.1404]
2026-01-15 13:04:18,946 - src.pricing.monte_carlo - INFO - Pricing Up-And-Out Call Barrier Option using Monte Carlo...
2026-01-15 13:04:31,350 - src.pricing.monte_carlo - INFO - Option price: 2.0873 ± 0.0591
2026-01-15 13:04:31,350 - src.pricing.monte_carlo - INFO - 95% CI: [1.9715, 2.2031]
2026-01-15 13:04:31,352 - src.pricing.monte_carlo - INFO - Pricing Up-And-Out Call Barrier Option using Monte Carlo...
2026-01-15 13:04:44,191 - src.pricing.monte_carlo - INFO - Option price: 1.9648 ± 0.0577
2026-01-15 13:04:44,191 - src.pricing.monte_carlo - INFO - 95% CI: [1.8518, 2.0779]
2026-01-15 13:04:44,192 - src.pricing.monte_carlo - INFO - Pricing Up-And-Out Call Barrier Option using Monte Carlo...
2026-01-15 13:04:56,973 - src.pricing.monte_carlo - INFO - Option price: 2.1058 ± 0.0593
2026-01-15 13:04:56,974 - src.pricing.monte_carlo - INFO - 95% CI: [1.9896, 2.2220]
2026-01-15 13:04:56,975 - src.pricing.monte_carlo - INFO - Pricing Up-And-Out Call Barrier Option using Monte Carlo...
2026-01-15 13:05:09,419 - src.pricing.monte_carlo - INFO - Option price: 2.1229 ± 0.0597
2026-01-15 13:05:09,419 - src.pricing.monte_carlo - INFO - 95% CI: [2.0059, 2.2398]
2026-01-15 13:05:09,420 - src.pricing.monte_carlo - INFO - Greeks computed: Delta=-0.0310, Gamma=0.1508, Vega=-1.6082
2026-01-15 13:05:09,421 - src.pricing.monte_carlo - INFO - Initialized Monte Carlo engine with 5000 simulations
2026-01-15 13:05:09,421 - src.pricing.monte_carlo - INFO - Pricing Up-And-Out Call Barrier Option using Monte Carlo...
2026-01-15 13:05:21,945 - src.pricing.monte_carlo - INFO - Option price: 1.9914 ± 0.0575
2026-01-15 13:05:21,946 - src.pricing.monte_carlo - INFO - 95% CI: [1.8787, 2.1042]
2026-01-15 13:05:21,948 - src.pricing.monte_carlo - INFO - Pricing Up-And-Out Call Barrier Option using Monte Carlo...
2026-01-15 13:05:34,588 - src.pricing.monte_carlo - INFO - Option price: 2.0588 ± 0.0589
2026-01-15 13:05:34,589 - src.pricing.monte_carlo - INFO - 95% CI: [1.9433, 2.1743]
2026-01-15 13:05:34,591 - src.pricing.monte_carlo - INFO - Pricing Up-And-Out Call Barrier Option using Monte Carlo...
2026-01-15 13:05:47,274 - src.pricing.monte_carlo - INFO - Option price: 2.0095 ± 0.0586
2026-01-15 13:05:47,275 - src.pricing.monte_carlo - INFO - 95% CI: [1.8946, 2.1244]
2026-01-15 13:05:47,277 - src.pricing.monte_carlo - INFO - Pricing Up-And-Out Call Barrier Option using Monte Carlo...
2026-01-15 13:05:59,841 - src.pricing.monte_carlo - INFO - Option price: 2.0200 ± 0.0584
2026-01-15 13:05:59,841 - src.pricing.monte_carlo - INFO - 95% CI: [1.9054, 2.1345]
2026-01-15 13:05:59,844 - src.pricing.monte_carlo - INFO - Pricing Up-And-Out Call Barrier Option using Monte Carlo...
2026-01-15 13:06:12,324 - src.pricing.monte_carlo - INFO - Option price: 2.0290 ± 0.0587
2026-01-15 13:06:12,325 - src.pricing.monte_carlo - INFO - 95% CI: [1.9141, 2.1440]
2026-01-15 13:06:12,326 - src.pricing.monte_carlo - INFO - Pricing Up-And-Out Call Barrier Option using Monte Carlo...
2026-01-15 13:06:24,552 - src.pricing.monte_carlo - INFO - Option price: 2.1555 ± 0.0589
2026-01-15 13:06:24,553 - src.pricing.monte_carlo - INFO - 95% CI: [2.0401, 2.2710]
2026-01-15 13:06:24,555 - src.pricing.monte_carlo - INFO - Greeks computed: Delta=0.0246, Gamma=0.0855, Vega=2.8567
2026-01-15 13:06:24,556 - src.pricing.monte_carlo - INFO - Initialized Monte Carlo engine with 5000 simulations
2026-01-15 13:06:24,556 - src.pricing.monte_carlo - INFO - Pricing Up-And-Out Call Barrier Option using Monte Carlo...
2026-01-15 13:06:36,865 - src.pricing.monte_carlo - INFO - Option price: 2.0588 ± 0.0589
2026-01-15 13:06:36,866 - src.pricing.monte_carlo - INFO - 95% CI: [1.9434, 2.1742]
2026-01-15 13:06:36,867 - src.pricing.monte_carlo - INFO - Pricing Up-And-Out Call Barrier Option using Monte Carlo...
2026-01-15 13:06:48,937 - src.pricing.monte_carlo - INFO - Option price: 2.1206 ± 0.0600
2026-01-15 13:06:48,937 - src.pricing.monte_carlo - INFO - 95% CI: [2.0030, 2.2382]
2026-01-15 13:06:48,939 - src.pricing.monte_carlo - INFO - Pricing Up-And-Out Call Barrier Option using Monte Carlo...
2026-01-15 13:07:01,120 - src.pricing.monte_carlo - INFO - Option price: 2.0956 ± 0.0593
2026-01-15 13:07:01,120 - src.pricing.monte_carlo - INFO - 95% CI: [1.9794, 2.2118]
2026-01-15 13:07:01,123 - src.pricing.monte_carlo - INFO - Pricing Up-And-Out Call Barrier Option using Monte Carlo...
2026-01-15 13:07:13,506 - src.pricing.monte_carlo - INFO - Option price: 2.0508 ± 0.0583
2026-01-15 13:07:13,506 - src.pricing.monte_carlo - INFO - 95% CI: [1.9364, 2.1651]
2026-01-15 13:07:13,507 - src.pricing.monte_carlo - INFO - Pricing Up-And-Out Call Barrier Option using Monte Carlo...
2026-01-15 13:07:27,173 - src.pricing.monte_carlo - INFO - Option price: 1.9144 ± 0.0560
2026-01-15 13:07:27,173 - src.pricing.monte_carlo - INFO - 95% CI: [1.8047, 2.0240]
2026-01-15 13:07:27,174 - src.pricing.monte_carlo - INFO - Pricing Up-And-Out Call Barrier Option using Monte Carlo...
2026-01-15 13:07:40,010 - src.pricing.monte_carlo - INFO - Option price: 2.1336 ± 0.0598
2026-01-15 13:07:40,010 - src.pricing.monte_carlo - INFO - 95% CI: [2.0164, 2.2508]
2026-01-15 13:07:40,011 - src.pricing.monte_carlo - INFO - Greeks computed: Delta=0.0125, Gamma=0.0987, Vega=-0.8011
2026-01-15 13:07:40,012 - src.pricing.monte_carlo - INFO - Initialized Monte Carlo engine with 5000 simulations
2026-01-15 13:07:40,012 - src.pricing.monte_carlo - INFO - Pricing Up-And-Out Call Barrier Option using Monte Carlo...
2026-01-15 13:07:52,212 - src.pricing.monte_carlo - INFO - Option price: 2.0645 ± 0.0589
2026-01-15 13:07:52,212 - src.pricing.monte_carlo - INFO - 95% CI: [1.9489, 2.1800]
2026-01-15 13:07:52,214 - src.pricing.monte_carlo - INFO - Pricing Up-And-Out Call Barrier Option using Monte Carlo...
2026-01-15 13:08:05,265 - src.pricing.monte_carlo - INFO - Option price: 2.0429 ± 0.0585
2026-01-15 13:08:05,266 - src.pricing.monte_carlo - INFO - 95% CI: [1.9283, 2.1575]
2026-01-15 13:08:05,267 - src.pricing.monte_carlo - INFO - Pricing Up-And-Out Call Barrier Option using Monte Carlo...
2026-01-15 13:08:18,030 - src.pricing.monte_carlo - INFO - Option price: 2.0587 ± 0.0587
2026-01-15 13:08:18,031 - src.pricing.monte_carlo - INFO - 95% CI: [1.9436, 2.1739]
2026-01-15 13:08:18,032 - src.pricing.monte_carlo - INFO - Pricing Up-And-Out Call Barrier Option using Monte Carlo...
2026-01-15 13:08:30,552 - src.pricing.monte_carlo - INFO - Option price: 2.1096 ± 0.0592
2026-01-15 13:08:30,553 - src.pricing.monte_carlo - INFO - 95% CI: [1.9936, 2.2256]
2026-01-15 13:08:30,556 - src.pricing.monte_carlo - INFO - Pricing Up-And-Out Call Barrier Option using Monte Carlo...
2026-01-15 13:08:42,975 - src.pricing.monte_carlo - INFO - Option price: 2.0446 ± 0.0583
2026-01-15 13:08:42,976 - src.pricing.monte_carlo - INFO - 95% CI: [1.9304, 2.1588]
2026-01-15 13:08:42,978 - src.pricing.monte_carlo - INFO - Pricing Up-And-Out Call Barrier Option using Monte Carlo...
2026-01-15 13:08:55,517 - src.pricing.monte_carlo - INFO - Option price: 2.0937 ± 0.0593
2026-01-15 13:08:55,517 - src.pricing.monte_carlo - INFO - 95% CI: [1.9774, 2.2099]
2026-01-15 13:08:55,520 - src.pricing.monte_carlo - INFO - Greeks computed: Delta=-0.0079, Gamma=-0.0273, Vega=4.5159
2026-01-15 13:08:55,521 - src.pricing.monte_carlo - INFO - Initialized Monte Carlo engine with 5000 simulations
2026-01-15 13:08:55,521 - src.pricing.monte_carlo - INFO - Pricing Up-And-Out Call Barrier Option using Monte Carlo...
2026-01-15 13:09:07,959 - src.pricing.monte_carlo - INFO - Option price: 2.0188 ± 0.0578
2026-01-15 13:09:07,959 - src.pricing.monte_carlo - INFO - 95% CI: [1.9055, 2.1320]
2026-01-15 13:09:07,961 - src.pricing.monte_carlo - INFO - Pricing Up-And-Out Call Barrier Option using Monte Carlo...
2026-01-15 13:09:20,542 - src.pricing.monte_carlo - INFO - Option price: 2.0266 ± 0.0587
2026-01-15 13:09:20,542 - src.pricing.monte_carlo - INFO - 95% CI: [1.9116, 2.1416]
2026-01-15 13:09:20,544 - src.pricing.monte_carlo - INFO - Pricing Up-And-Out Call Barrier Option using Monte Carlo...
2026-01-15 13:09:32,853 - src.pricing.monte_carlo - INFO - Option price: 1.9664 ± 0.0568
2026-01-15 13:09:32,853 - src.pricing.monte_carlo - INFO - 95% CI: [1.8550, 2.0777]
2026-01-15 13:09:32,854 - src.pricing.monte_carlo - INFO - Pricing Up-And-Out Call Barrier Option using Monte Carlo...
2026-01-15 13:09:45,171 - src.pricing.monte_carlo - INFO - Option price: 2.0303 ± 0.0578
2026-01-15 13:09:45,171 - src.pricing.monte_carlo - INFO - 95% CI: [1.9171, 2.1435]
2026-01-15 13:09:45,173 - src.pricing.monte_carlo - INFO - Pricing Up-And-Out Call Barrier Option using Monte Carlo...
2026-01-15 13:09:57,128 - src.pricing.monte_carlo - INFO - Option price: 2.0609 ± 0.0584
2026-01-15 13:09:57,129 - src.pricing.monte_carlo - INFO - 95% CI: [1.9464, 2.1754]
2026-01-15 13:09:57,130 - src.pricing.monte_carlo - INFO - Pricing Up-And-Out Call Barrier Option using Monte Carlo...
2026-01-15 13:10:09,146 - src.pricing.monte_carlo - INFO - Option price: 2.1603 ± 0.0605
2026-01-15 13:10:09,147 - src.pricing.monte_carlo - INFO - 95% CI: [2.0416, 2.2789]
2026-01-15 13:10:09,148 - src.pricing.monte_carlo - INFO - Greeks computed: Delta=0.0301, Gamma=-0.0445, Vega=1.1522
2026-01-15 13:10:09,148 - src.pricing.monte_carlo - INFO - Initialized Monte Carlo engine with 5000 simulations
2026-01-15 13:10:09,149 - src.pricing.monte_carlo - INFO - Pricing Up-And-Out Call Barrier Option using Monte Carlo...
2026-01-15 13:10:21,256 - src.pricing.monte_carlo - INFO - Option price: 2.0222 ± 0.0592
2026-01-15 13:10:21,256 - src.pricing.monte_carlo - INFO - 95% CI: [1.9061, 2.1382]
2026-01-15 13:10:21,257 - src.pricing.monte_carlo - INFO - Pricing Up-And-Out Call Barrier Option using Monte Carlo...
2026-01-15 13:10:33,242 - src.pricing.monte_carlo - INFO - Option price: 2.1531 ± 0.0603
2026-01-15 13:10:33,243 - src.pricing.monte_carlo - INFO - 95% CI: [2.0350, 2.2713]
2026-01-15 13:10:33,245 - src.pricing.monte_carlo - INFO - Pricing Up-And-Out Call Barrier Option using Monte Carlo...
2026-01-15 13:10:45,271 - src.pricing.monte_carlo - INFO - Option price: 1.9898 ± 0.0577
2026-01-15 13:10:45,272 - src.pricing.monte_carlo - INFO - 95% CI: [1.8766, 2.1029]
2026-01-15 13:10:45,273 - src.pricing.monte_carlo - INFO - Pricing Up-And-Out Call Barrier Option using Monte Carlo...
2026-01-15 13:10:57,353 - src.pricing.monte_carlo - INFO - Option price: 2.0581 ± 0.0588
2026-01-15 13:10:57,353 - src.pricing.monte_carlo - INFO - 95% CI: [1.9429, 2.1734]
2026-01-15 13:10:57,355 - src.pricing.monte_carlo - INFO - Pricing Up-And-Out Call Barrier Option using Monte Carlo...
2026-01-15 13:11:09,170 - src.pricing.monte_carlo - INFO - Option price: 2.0298 ± 0.0584
2026-01-15 13:11:09,171 - src.pricing.monte_carlo - INFO - 95% CI: [1.9153, 2.1443]
2026-01-15 13:11:09,172 - src.pricing.monte_carlo - INFO - Pricing Up-And-Out Call Barrier Option using Monte Carlo...
2026-01-15 13:11:21,249 - src.pricing.monte_carlo - INFO - Option price: 2.0493 ± 0.0580
2026-01-15 13:11:21,249 - src.pricing.monte_carlo - INFO - 95% CI: [1.9357, 2.1629]
2026-01-15 13:11:21,250 - src.pricing.monte_carlo - INFO - Greeks computed: Delta=0.0817, Gamma=0.0986, Vega=3.5987
2026-01-15 13:11:21,251 - src.pricing.monte_carlo - INFO - Initialized Monte Carlo engine with 5000 simulations
2026-01-15 13:11:21,251 - src.pricing.monte_carlo - INFO - Pricing Up-And-Out Call Barrier Option using Monte Carlo...
2026-01-15 13:11:33,719 - src.pricing.monte_carlo - INFO - Option price: 1.9945 ± 0.0576
2026-01-15 13:11:33,720 - src.pricing.monte_carlo - INFO - 95% CI: [1.8816, 2.1075]
2026-01-15 13:11:33,722 - src.pricing.monte_carlo - INFO - Pricing Up-And-Out Call Barrier Option using Monte Carlo...
2026-01-15 13:11:45,880 - src.pricing.monte_carlo - INFO - Option price: 2.0801 ± 0.0585
2026-01-15 13:11:45,880 - src.pricing.monte_carlo - INFO - 95% CI: [1.9654, 2.1948]
2026-01-15 13:11:45,881 - src.pricing.monte_carlo - INFO - Pricing Up-And-Out Call Barrier Option using Monte Carlo...
2026-01-15 13:11:58,275 - src.pricing.monte_carlo - INFO - Option price: 2.0794 ± 0.0581
2026-01-15 13:11:58,276 - src.pricing.monte_carlo - INFO - 95% CI: [1.9655, 2.1932]
2026-01-15 13:11:58,277 - src.pricing.monte_carlo - INFO - Pricing Up-And-Out Call Barrier Option using Monte Carlo...
2026-01-15 13:12:10,515 - src.pricing.monte_carlo - INFO - Option price: 1.9725 ± 0.0574
2026-01-15 13:12:10,515 - src.pricing.monte_carlo - INFO - 95% CI: [1.8601, 2.0849]
2026-01-15 13:12:10,516 - src.pricing.monte_carlo - INFO - Pricing Up-And-Out Call Barrier Option using Monte Carlo...
2026-01-15 13:12:22,646 - src.pricing.monte_carlo - INFO - Option price: 2.0414 ± 0.0580
2026-01-15 13:12:22,647 - src.pricing.monte_carlo - INFO - 95% CI: [1.9277, 2.1551]
2026-01-15 13:12:22,649 - src.pricing.monte_carlo - INFO - Pricing Up-And-Out Call Barrier Option using Monte Carlo...
2026-01-15 13:12:35,006 - src.pricing.monte_carlo - INFO - Option price: 2.1324 ± 0.0591
2026-01-15 13:12:35,007 - src.pricing.monte_carlo - INFO - 95% CI: [2.0165, 2.2483]
2026-01-15 13:12:35,008 - src.pricing.monte_carlo - INFO - Greeks computed: Delta=0.0003, Gamma=0.1704, Vega=-2.2006
2026-01-15 13:12:35,008 - src.pricing.monte_carlo - INFO - Initialized Monte Carlo engine with 5000 simulations
2026-01-15 13:12:35,009 - src.pricing.monte_carlo - INFO - Pricing Up-And-Out Call Barrier Option using Monte Carlo...
2026-01-15 13:12:47,293 - src.pricing.monte_carlo - INFO - Option price: 2.0166 ± 0.0581
2026-01-15 13:12:47,294 - src.pricing.monte_carlo - INFO - 95% CI: [1.9028, 2.1303]
2026-01-15 13:12:47,296 - src.pricing.monte_carlo - INFO - Pricing Up-And-Out Call Barrier Option using Monte Carlo...
2026-01-15 13:12:59,679 - src.pricing.monte_carlo - INFO - Option price: 2.0039 ± 0.0579
2026-01-15 13:12:59,679 - src.pricing.monte_carlo - INFO - 95% CI: [1.8903, 2.1175]
2026-01-15 13:12:59,682 - src.pricing.monte_carlo - INFO - Pricing Up-And-Out Call Barrier Option using Monte Carlo...
2026-01-15 13:13:12,099 - src.pricing.monte_carlo - INFO - Option price: 2.1020 ± 0.0585
2026-01-15 13:13:12,100 - src.pricing.monte_carlo - INFO - 95% CI: [1.9873, 2.2167]
2026-01-15 13:13:12,103 - src.pricing.monte_carlo - INFO - Pricing Up-And-Out Call Barrier Option using Monte Carlo...
2026-01-15 13:13:24,513 - src.pricing.monte_carlo - INFO - Option price: 2.1296 ± 0.0597
2026-01-15 13:13:24,513 - src.pricing.monte_carlo - INFO - 95% CI: [2.0126, 2.2466]
2026-01-15 13:13:24,515 - src.pricing.monte_carlo - INFO - Pricing Up-And-Out Call Barrier Option using Monte Carlo...
2026-01-15 13:13:37,052 - src.pricing.monte_carlo - INFO - Option price: 2.0874 ± 0.0588
2026-01-15 13:13:37,052 - src.pricing.monte_carlo - INFO - 95% CI: [1.9722, 2.2027]
2026-01-15 13:13:37,054 - src.pricing.monte_carlo - INFO - Pricing Up-And-Out Call Barrier Option using Monte Carlo...
2026-01-15 13:13:49,506 - src.pricing.monte_carlo - INFO - Option price: 2.1518 ± 0.0598
2026-01-15 13:13:49,506 - src.pricing.monte_carlo - INFO - 95% CI: [2.0346, 2.2691]
2026-01-15 13:13:49,507 - src.pricing.monte_carlo - INFO - Greeks computed: Delta=-0.0490, Gamma=0.0728, Vega=11.3023
2026-01-15 13:13:49,508 - src.pricing.monte_carlo - INFO - Initialized Monte Carlo engine with 5000 simulations
2026-01-15 13:13:49,508 - src.pricing.monte_carlo - INFO - Pricing Up-And-Out Call Barrier Option using Monte Carlo...
2026-01-15 13:14:01,781 - src.pricing.monte_carlo - INFO - Option price: 2.0392 ± 0.0576
2026-01-15 13:14:01,782 - src.pricing.monte_carlo - INFO - 95% CI: [1.9264, 2.1521]
2026-01-15 13:14:01,784 - src.pricing.monte_carlo - INFO - Pricing Up-And-Out Call Barrier Option using Monte Carlo...
2026-01-15 13:14:14,023 - src.pricing.monte_carlo - INFO - Option price: 2.1100 ± 0.0594
2026-01-15 13:14:14,023 - src.pricing.monte_carlo - INFO - 95% CI: [1.9936, 2.2263]
2026-01-15 13:14:14,025 - src.pricing.monte_carlo - INFO - Pricing Up-And-Out Call Barrier Option using Monte Carlo...
2026-01-15 13:14:26,110 - src.pricing.monte_carlo - INFO - Option price: 1.9320 ± 0.0563
2026-01-15 13:14:26,110 - src.pricing.monte_carlo - INFO - 95% CI: [1.8216, 2.0424]
2026-01-15 13:14:26,112 - src.pricing.monte_carlo - INFO - Pricing Up-And-Out Call Barrier Option using Monte Carlo...
2026-01-15 13:14:38,153 - src.pricing.monte_carlo - INFO - Option price: 1.9893 ± 0.0579
2026-01-15 13:14:38,153 - src.pricing.monte_carlo - INFO - 95% CI: [1.8759, 2.1028]
2026-01-15 13:14:38,154 - src.pricing.monte_carlo - INFO - Pricing Up-And-Out Call Barrier Option using Monte Carlo...
2026-01-15 13:14:50,539 - src.pricing.monte_carlo - INFO - Option price: 2.0360 ± 0.0586
2026-01-15 13:14:50,539 - src.pricing.monte_carlo - INFO - 95% CI: [1.9211, 2.1508]
2026-01-15 13:14:50,541 - src.pricing.monte_carlo - INFO - Pricing Up-And-Out Call Barrier Option using Monte Carlo...
2026-01-15 13:15:02,796 - src.pricing.monte_carlo - INFO - Option price: 2.1503 ± 0.0596
2026-01-15 13:15:02,796 - src.pricing.monte_carlo - INFO - 95% CI: [2.0334, 2.2671]
2026-01-15 13:15:02,797 - src.pricing.monte_carlo - INFO - Greeks computed: Delta=0.0890, Gamma=-0.0365, Vega=-4.9908
2026-01-15 13:15:02,798 - src.pricing.monte_carlo - INFO - Initialized Monte Carlo engine with 5000 simulations
2026-01-15 13:15:02,798 - src.pricing.monte_carlo - INFO - Pricing Up-And-Out Call Barrier Option using Monte Carlo...
2026-01-15 13:15:15,055 - src.pricing.monte_carlo - INFO - Option price: 2.0257 ± 0.0577
2026-01-15 13:15:15,056 - src.pricing.monte_carlo - INFO - 95% CI: [1.9127, 2.1387]
2026-01-15 13:15:15,057 - src.pricing.monte_carlo - INFO - Pricing Up-And-Out Call Barrier Option using Monte Carlo...
2026-01-15 13:15:27,267 - src.pricing.monte_carlo - INFO - Option price: 2.0071 ± 0.0567
2026-01-15 13:15:27,267 - src.pricing.monte_carlo - INFO - 95% CI: [1.8959, 2.1183]
2026-01-15 13:15:27,268 - src.pricing.monte_carlo - INFO - Pricing Up-And-Out Call Barrier Option using Monte Carlo...
2026-01-15 13:15:39,496 - src.pricing.monte_carlo - INFO - Option price: 1.9783 ± 0.0571
2026-01-15 13:15:39,496 - src.pricing.monte_carlo - INFO - 95% CI: [1.8664, 2.0902]
2026-01-15 13:15:39,498 - src.pricing.monte_carlo - INFO - Pricing Up-And-Out Call Barrier Option using Monte Carlo...
2026-01-15 13:15:51,537 - src.pricing.monte_carlo - INFO - Option price: 2.0338 ± 0.0585
2026-01-15 13:15:51,537 - src.pricing.monte_carlo - INFO - 95% CI: [1.9192, 2.1485]
2026-01-15 13:15:51,539 - src.pricing.monte_carlo - INFO - Pricing Up-And-Out Call Barrier Option using Monte Carlo...
2026-01-15 13:16:03,524 - src.pricing.monte_carlo - INFO - Option price: 2.1502 ± 0.0606
2026-01-15 13:16:03,524 - src.pricing.monte_carlo - INFO - 95% CI: [2.0315, 2.2689]
2026-01-15 13:16:03,526 - src.pricing.monte_carlo - INFO - Pricing Up-And-Out Call Barrier Option using Monte Carlo...
2026-01-15 13:16:15,669 - src.pricing.monte_carlo - INFO - Option price: 2.1105 ± 0.0592
2026-01-15 13:16:15,670 - src.pricing.monte_carlo - INFO - 95% CI: [1.9945, 2.2266]
2026-01-15 13:16:15,679 - src.pricing.monte_carlo - INFO - Greeks computed: Delta=0.0144, Gamma=-0.0660, Vega=0.8137
2026-01-15 13:16:15,681 - src.pricing.monte_carlo - INFO - Initialized Monte Carlo engine with 5000 simulations
2026-01-15 13:16:15,682 - src.pricing.monte_carlo - INFO - Pricing Up-And-Out Call Barrier Option using Monte Carlo...
2026-01-15 13:16:28,260 - src.pricing.monte_carlo - INFO - Option price: 2.0450 ± 0.0585
2026-01-15 13:16:28,261 - src.pricing.monte_carlo - INFO - 95% CI: [1.9303, 2.1597]
2026-01-15 13:16:28,262 - src.pricing.monte_carlo - INFO - Pricing Up-And-Out Call Barrier Option using Monte Carlo...
2026-01-15 13:16:40,391 - src.pricing.monte_carlo - INFO - Option price: 2.0333 ± 0.0581
2026-01-15 13:16:40,391 - src.pricing.monte_carlo - INFO - 95% CI: [1.9195, 2.1471]
2026-01-15 13:16:40,393 - src.pricing.monte_carlo - INFO - Pricing Up-And-Out Call Barrier Option using Monte Carlo...
2026-01-15 13:16:52,438 - src.pricing.monte_carlo - INFO - Option price: 2.0277 ± 0.0588
2026-01-15 13:16:52,439 - src.pricing.monte_carlo - INFO - 95% CI: [1.9124, 2.1430]
2026-01-15 13:16:52,440 - src.pricing.monte_carlo - INFO - Pricing Up-And-Out Call Barrier Option using Monte Carlo...
2026-01-15 13:17:04,585 - src.pricing.monte_carlo - INFO - Option price: 2.0047 ± 0.0585
2026-01-15 13:17:04,585 - src.pricing.monte_carlo - INFO - 95% CI: [1.8900, 2.1193]
2026-01-15 13:17:04,586 - src.pricing.monte_carlo - INFO - Pricing Up-And-Out Call Barrier Option using Monte Carlo...
2026-01-15 13:17:16,731 - src.pricing.monte_carlo - INFO - Option price: 1.9771 ± 0.0575
2026-01-15 13:17:16,731 - src.pricing.monte_carlo - INFO - 95% CI: [1.8645, 2.0897]
2026-01-15 13:17:16,732 - src.pricing.monte_carlo - INFO - Pricing Up-And-Out Call Barrier Option using Monte Carlo...
2026-01-15 13:17:28,490 - src.pricing.monte_carlo - INFO - Option price: 2.1304 ± 0.0595
2026-01-15 13:17:28,490 - src.pricing.monte_carlo - INFO - 95% CI: [2.0138, 2.2471]
2026-01-15 13:17:28,491 - src.pricing.monte_carlo - INFO - Greeks computed: Delta=0.0028, Gamma=-0.0290, Vega=-4.0322
2026-01-15 13:17:28,492 - src.pricing.monte_carlo - INFO - Initialized Monte Carlo engine with 5000 simulations
2026-01-15 13:17:28,492 - src.pricing.monte_carlo - INFO - Pricing Up-And-Out Call Barrier Option using Monte Carlo...
2026-01-15 13:17:40,646 - src.pricing.monte_carlo - INFO - Option price: 2.0592 ± 0.0589
2026-01-15 13:17:40,647 - src.pricing.monte_carlo - INFO - 95% CI: [1.9437, 2.1747]
2026-01-15 13:17:40,648 - src.pricing.monte_carlo - INFO - Pricing Up-And-Out Call Barrier Option using Monte Carlo...
2026-01-15 13:17:52,586 - src.pricing.monte_carlo - INFO - Option price: 2.0396 ± 0.0594
2026-01-15 13:17:52,587 - src.pricing.monte_carlo - INFO - 95% CI: [1.9233, 2.1560]
2026-01-15 13:17:52,588 - src.pricing.monte_carlo - INFO - Pricing Up-And-Out Call Barrier Option using Monte Carlo...
2026-01-15 13:18:04,814 - src.pricing.monte_carlo - INFO - Option price: 2.0225 ± 0.0574
2026-01-15 13:18:04,815 - src.pricing.monte_carlo - INFO - 95% CI: [1.9100, 2.1351]
2026-01-15 13:18:04,816 - src.pricing.monte_carlo - INFO - Pricing Up-And-Out Call Barrier Option using Monte Carlo...
2026-01-15 13:18:17,059 - src.pricing.monte_carlo - INFO - Option price: 2.0678 ± 0.0590
2026-01-15 13:18:17,060 - src.pricing.monte_carlo - INFO - 95% CI: [1.9521, 2.1834]
2026-01-15 13:18:17,061 - src.pricing.monte_carlo - INFO - Pricing Up-And-Out Call Barrier Option using Monte Carlo...
2026-01-15 13:18:29,094 - src.pricing.monte_carlo - INFO - Option price: 1.9219 ± 0.0564
2026-01-15 13:18:29,095 - src.pricing.monte_carlo - INFO - 95% CI: [1.8115, 2.0324]
2026-01-15 13:18:29,097 - src.pricing.monte_carlo - INFO - Pricing Up-And-Out Call Barrier Option using Monte Carlo...
2026-01-15 13:18:41,332 - src.pricing.monte_carlo - INFO - Option price: 1.9564 ± 0.0566
2026-01-15 13:18:41,333 - src.pricing.monte_carlo - INFO - 95% CI: [1.8455, 2.0673]
2026-01-15 13:18:41,334 - src.pricing.monte_carlo - INFO - Greeks computed: Delta=0.0085, Gamma=-0.0562, Vega=0.8589
2026-01-15 13:18:41,334 - src.pricing.monte_carlo - INFO - Initialized Monte Carlo engine with 5000 simulations
2026-01-15 13:18:41,335 - src.pricing.monte_carlo - INFO - Pricing Up-And-Out Call Barrier Option using Monte Carlo...
2026-01-15 13:18:53,474 - src.pricing.monte_carlo - INFO - Option price: 2.0281 ± 0.0580
2026-01-15 13:18:53,475 - src.pricing.monte_carlo - INFO - 95% CI: [1.9144, 2.1418]
2026-01-15 13:18:53,476 - src.pricing.monte_carlo - INFO - Pricing Up-And-Out Call Barrier Option using Monte Carlo...
2026-01-15 13:19:05,737 - src.pricing.monte_carlo - INFO - Option price: 2.0520 ± 0.0588
2026-01-15 13:19:05,737 - src.pricing.monte_carlo - INFO - 95% CI: [1.9367, 2.1673]
2026-01-15 13:19:05,739 - src.pricing.monte_carlo - INFO - Pricing Up-And-Out Call Barrier Option using Monte Carlo...
2026-01-15 13:19:18,102 - src.pricing.monte_carlo - INFO - Option price: 2.0526 ± 0.0585
2026-01-15 13:19:18,103 - src.pricing.monte_carlo - INFO - 95% CI: [1.9379, 2.1673]
2026-01-15 13:19:18,105 - src.pricing.monte_carlo - INFO - Pricing Up-And-Out Call Barrier Option using Monte Carlo...
2026-01-15 13:19:30,455 - src.pricing.monte_carlo - INFO - Option price: 2.0108 ± 0.0583
2026-01-15 13:19:30,455 - src.pricing.monte_carlo - INFO - 95% CI: [1.8965, 2.1251]
2026-01-15 13:19:30,456 - src.pricing.monte_carlo - INFO - Pricing Up-And-Out Call Barrier Option using Monte Carlo...
2026-01-15 13:19:42,668 - src.pricing.monte_carlo - INFO - Option price: 1.9913 ± 0.0574
2026-01-15 13:19:42,668 - src.pricing.monte_carlo - INFO - 95% CI: [1.8789, 2.1037]
2026-01-15 13:19:42,669 - src.pricing.monte_carlo - INFO - Pricing Up-And-Out Call Barrier Option using Monte Carlo...
2026-01-15 13:19:54,794 - src.pricing.monte_carlo - INFO - Option price: 2.1265 ± 0.0592
2026-01-15 13:19:54,795 - src.pricing.monte_carlo - INFO - 95% CI: [2.0106, 2.2425]
2026-01-15 13:19:54,796 - src.pricing.monte_carlo - INFO - Greeks computed: Delta=-0.0003, Gamma=0.0484, Vega=-1.7294
2026-01-15 13:19:54,796 - src.pricing.monte_carlo - INFO - Initialized Monte Carlo engine with 5000 simulations
2026-01-15 13:19:54,797 - src.pricing.monte_carlo - INFO - Pricing Up-And-Out Call Barrier Option using Monte Carlo...
2026-01-15 13:20:06,964 - src.pricing.monte_carlo - INFO - Option price: 1.9972 ± 0.0579
2026-01-15 13:20:06,965 - src.pricing.monte_carlo - INFO - 95% CI: [1.8838, 2.1107]
2026-01-15 13:20:06,966 - src.pricing.monte_carlo - INFO - Pricing Up-And-Out Call Barrier Option using Monte Carlo...
2026-01-15 13:20:19,291 - src.pricing.monte_carlo - INFO - Option price: 2.1366 ± 0.0598
2026-01-15 13:20:19,292 - src.pricing.monte_carlo - INFO - 95% CI: [2.0194, 2.2537]
2026-01-15 13:20:19,294 - src.pricing.monte_carlo - INFO - Pricing Up-And-Out Call Barrier Option using Monte Carlo...
2026-01-15 13:20:31,570 - src.pricing.monte_carlo - INFO - Option price: 2.0483 ± 0.0587
2026-01-15 13:20:31,570 - src.pricing.monte_carlo - INFO - 95% CI: [1.9332, 2.1634]
2026-01-15 13:20:31,571 - src.pricing.monte_carlo - INFO - Pricing Up-And-Out Call Barrier Option using Monte Carlo...
2026-01-15 13:20:43,414 - src.pricing.monte_carlo - INFO - Option price: 1.9621 ± 0.0567
2026-01-15 13:20:43,415 - src.pricing.monte_carlo - INFO - 95% CI: [1.8509, 2.0733]
2026-01-15 13:20:43,417 - src.pricing.monte_carlo - INFO - Pricing Up-And-Out Call Barrier Option using Monte Carlo...
2026-01-15 13:20:55,220 - src.pricing.monte_carlo - INFO - Option price: 2.1275 ± 0.0589
2026-01-15 13:20:55,221 - src.pricing.monte_carlo - INFO - 95% CI: [2.0120, 2.2429]
2026-01-15 13:20:55,223 - src.pricing.monte_carlo - INFO - Pricing Up-And-Out Call Barrier Option using Monte Carlo...
2026-01-15 13:21:07,467 - src.pricing.monte_carlo - INFO - Option price: 2.1814 ± 0.0600
2026-01-15 13:21:07,467 - src.pricing.monte_carlo - INFO - 95% CI: [2.0639, 2.2989]
2026-01-15 13:21:07,468 - src.pricing.monte_carlo - INFO - Greeks computed: Delta=0.0441, Gamma=0.1904, Vega=-3.5169
2026-01-15 13:21:07,469 - src.pricing.monte_carlo - INFO - Initialized Monte Carlo engine with 5000 simulations
2026-01-15 13:21:07,469 - src.pricing.monte_carlo - INFO - Pricing Up-And-Out Call Barrier Option using Monte Carlo...
2026-01-15 13:21:19,503 - src.pricing.monte_carlo - INFO - Option price: 1.9274 ± 0.0567
2026-01-15 13:21:19,504 - src.pricing.monte_carlo - INFO - 95% CI: [1.8163, 2.0385]
2026-01-15 13:21:19,505 - src.pricing.monte_carlo - INFO - Pricing Up-And-Out Call Barrier Option using Monte Carlo...
2026-01-15 13:21:31,527 - src.pricing.monte_carlo - INFO - Option price: 1.9811 ± 0.0577
2026-01-15 13:21:31,527 - src.pricing.monte_carlo - INFO - 95% CI: [1.8681, 2.0941]
2026-01-15 13:21:31,529 - src.pricing.monte_carlo - INFO - Pricing Up-And-Out Call Barrier Option using Monte Carlo...
2026-01-15 13:21:43,575 - src.pricing.monte_carlo - INFO - Option price: 1.9842 ± 0.0577
2026-01-15 13:21:43,576 - src.pricing.monte_carlo - INFO - 95% CI: [1.8711, 2.0974]
2026-01-15 13:21:43,577 - src.pricing.monte_carlo - INFO - Pricing Up-And-Out Call Barrier Option using Monte Carlo...
2026-01-15 13:21:55,618 - src.pricing.monte_carlo - INFO - Option price: 1.9882 ± 0.0570
2026-01-15 13:21:55,618 - src.pricing.monte_carlo - INFO - 95% CI: [1.8765, 2.0999]
2026-01-15 13:21:55,619 - src.pricing.monte_carlo - INFO - Pricing Up-And-Out Call Barrier Option using Monte Carlo...
2026-01-15 13:22:07,798 - src.pricing.monte_carlo - INFO - Option price: 2.1562 ± 0.0595
2026-01-15 13:22:07,799 - src.pricing.monte_carlo - INFO - 95% CI: [2.0395, 2.2729]
2026-01-15 13:22:07,801 - src.pricing.monte_carlo - INFO - Pricing Up-And-Out Call Barrier Option using Monte Carlo...
2026-01-15 13:22:19,990 - src.pricing.monte_carlo - INFO - Option price: 2.0901 ± 0.0588
2026-01-15 13:22:19,990 - src.pricing.monte_carlo - INFO - 95% CI: [1.9748, 2.2054]
2026-01-15 13:22:19,991 - src.pricing.monte_carlo - INFO - Greeks computed: Delta=-0.0016, Gamma=0.1105, Vega=6.0805
2026-01-15 13:22:19,992 - src.pricing.monte_carlo - INFO - Initialized Monte Carlo engine with 5000 simulations
2026-01-15 13:22:19,992 - src.pricing.monte_carlo - INFO - Pricing Up-And-Out Call Barrier Option using Monte Carlo...
2026-01-15 13:22:32,322 - src.pricing.monte_carlo - INFO - Option price: 2.0071 ± 0.0572
2026-01-15 13:22:32,322 - src.pricing.monte_carlo - INFO - 95% CI: [1.8949, 2.1192]
2026-01-15 13:22:32,324 - src.pricing.monte_carlo - INFO - Pricing Up-And-Out Call Barrier Option using Monte Carlo...
2026-01-15 13:22:44,677 - src.pricing.monte_carlo - INFO - Option price: 2.1578 ± 0.0598
2026-01-15 13:22:44,678 - src.pricing.monte_carlo - INFO - 95% CI: [2.0405, 2.2750]
2026-01-15 13:22:44,679 - src.pricing.monte_carlo - INFO - Pricing Up-And-Out Call Barrier Option using Monte Carlo...
2026-01-15 13:22:56,693 - src.pricing.monte_carlo - INFO - Option price: 2.0252 ± 0.0580
2026-01-15 13:22:56,701 - src.pricing.monte_carlo - INFO - 95% CI: [1.9116, 2.1388]
2026-01-15 13:22:56,713 - src.pricing.monte_carlo - INFO - Pricing Up-And-Out Call Barrier Option using Monte Carlo...
2026-01-15 13:23:08,959 - src.pricing.monte_carlo - INFO - Option price: 2.0435 ± 0.0584
2026-01-15 13:23:08,960 - src.pricing.monte_carlo - INFO - 95% CI: [1.9289, 2.1580]
2026-01-15 13:23:08,961 - src.pricing.monte_carlo - INFO - Pricing Up-And-Out Call Barrier Option using Monte Carlo...
2026-01-15 13:23:21,301 - src.pricing.monte_carlo - INFO - Option price: 2.0072 ± 0.0576
2026-01-15 13:23:21,301 - src.pricing.monte_carlo - INFO - 95% CI: [1.8943, 2.1200]
2026-01-15 13:23:21,303 - src.pricing.monte_carlo - INFO - Pricing Up-And-Out Call Barrier Option using Monte Carlo...
2026-01-15 13:23:33,644 - src.pricing.monte_carlo - INFO - Option price: 2.0142 ± 0.0578
2026-01-15 13:23:33,645 - src.pricing.monte_carlo - INFO - 95% CI: [1.9010, 2.1274]
2026-01-15 13:23:33,646 - src.pricing.monte_carlo - INFO - Greeks computed: Delta=0.0663, Gamma=0.1688, Vega=3.6388
2026-01-15 13:23:33,647 - src.pricing.monte_carlo - INFO - Initialized Monte Carlo engine with 5000 simulations
2026-01-15 13:23:33,647 - src.pricing.monte_carlo - INFO - Pricing Up-And-Out Call Barrier Option using Monte Carlo...
2026-01-15 13:23:45,860 - src.pricing.monte_carlo - INFO - Option price: 1.9910 ± 0.0576
2026-01-15 13:23:45,860 - src.pricing.monte_carlo - INFO - 95% CI: [1.8782, 2.1038]
2026-01-15 13:23:45,862 - src.pricing.monte_carlo - INFO - Pricing Up-And-Out Call Barrier Option using Monte Carlo...
2026-01-15 13:23:58,104 - src.pricing.monte_carlo - INFO - Option price: 2.0624 ± 0.0587
2026-01-15 13:23:58,105 - src.pricing.monte_carlo - INFO - 95% CI: [1.9474, 2.1774]
2026-01-15 13:23:58,106 - src.pricing.monte_carlo - INFO - Pricing Up-And-Out Call Barrier Option using Monte Carlo...
2026-01-15 13:24:10,205 - src.pricing.monte_carlo - INFO - Option price: 1.9987 ± 0.0581
2026-01-15 13:24:10,205 - src.pricing.monte_carlo - INFO - 95% CI: [1.8849, 2.1126]
2026-01-15 13:24:10,207 - src.pricing.monte_carlo - INFO - Pricing Up-And-Out Call Barrier Option using Monte Carlo...
2026-01-15 13:24:22,547 - src.pricing.monte_carlo - INFO - Option price: 2.0161 ± 0.0573
2026-01-15 13:24:22,547 - src.pricing.monte_carlo - INFO - 95% CI: [1.9038, 2.1284]
2026-01-15 13:24:22,549 - src.pricing.monte_carlo - INFO - Pricing Up-And-Out Call Barrier Option using Monte Carlo...
2026-01-15 13:24:34,900 - src.pricing.monte_carlo - INFO - Option price: 2.1111 ± 0.0592
2026-01-15 13:24:34,900 - src.pricing.monte_carlo - INFO - 95% CI: [1.9951, 2.2271]
2026-01-15 13:24:34,901 - src.pricing.monte_carlo - INFO - Pricing Up-And-Out Call Barrier Option using Monte Carlo...
2026-01-15 13:24:46,992 - src.pricing.monte_carlo - INFO - Option price: 2.1436 ± 0.0591
2026-01-15 13:24:46,993 - src.pricing.monte_carlo - INFO - 95% CI: [2.0278, 2.2594]
2026-01-15 13:24:46,994 - src.pricing.monte_carlo - INFO - Greeks computed: Delta=0.0318, Gamma=0.0792, Vega=2.5092
2026-01-15 13:24:46,995 - src.pricing.monte_carlo - INFO - Initialized Monte Carlo engine with 5000 simulations
2026-01-15 13:24:46,995 - src.pricing.monte_carlo - INFO - Pricing Up-And-Out Call Barrier Option using Monte Carlo...
2026-01-15 13:24:59,098 - src.pricing.monte_carlo - INFO - Option price: 2.0027 ± 0.0577
2026-01-15 13:24:59,098 - src.pricing.monte_carlo - INFO - 95% CI: [1.8897, 2.1158]
2026-01-15 13:24:59,099 - src.pricing.monte_carlo - INFO - Pricing Up-And-Out Call Barrier Option using Monte Carlo...
2026-01-15 13:25:11,154 - src.pricing.monte_carlo - INFO - Option price: 2.0152 ± 0.0583
2026-01-15 13:25:11,155 - src.pricing.monte_carlo - INFO - 95% CI: [1.9010, 2.1294]
2026-01-15 13:25:11,156 - src.pricing.monte_carlo - INFO - Pricing Up-And-Out Call Barrier Option using Monte Carlo...
2026-01-15 13:25:23,262 - src.pricing.monte_carlo - INFO - Option price: 2.0255 ± 0.0582
2026-01-15 13:25:23,263 - src.pricing.monte_carlo - INFO - 95% CI: [1.9113, 2.1396]
2026-01-15 13:25:23,264 - src.pricing.monte_carlo - INFO - Pricing Up-And-Out Call Barrier Option using Monte Carlo...
2026-01-15 13:25:35,350 - src.pricing.monte_carlo - INFO - Option price: 1.9450 ± 0.0572
2026-01-15 13:25:35,351 - src.pricing.monte_carlo - INFO - 95% CI: [1.8329, 2.0571]
2026-01-15 13:25:35,352 - src.pricing.monte_carlo - INFO - Pricing Up-And-Out Call Barrier Option using Monte Carlo...
2026-01-15 13:25:47,290 - src.pricing.monte_carlo - INFO - Option price: 2.0132 ± 0.0574
2026-01-15 13:25:47,290 - src.pricing.monte_carlo - INFO - 95% CI: [1.9007, 2.1257]
2026-01-15 13:25:47,291 - src.pricing.monte_carlo - INFO - Pricing Up-And-Out Call Barrier Option using Monte Carlo...
2026-01-15 13:25:59,603 - src.pricing.monte_carlo - INFO - Option price: 2.1284 ± 0.0593
2026-01-15 13:25:59,603 - src.pricing.monte_carlo - INFO - 95% CI: [2.0122, 2.2445]
2026-01-15 13:25:59,604 - src.pricing.monte_carlo - INFO - Greeks computed: Delta=-0.0051, Gamma=0.0352, Vega=-5.7723
2026-01-15 13:25:59,605 - src.pricing.monte_carlo - INFO - Initialized Monte Carlo engine with 5000 simulations
2026-01-15 13:25:59,605 - src.pricing.monte_carlo - INFO - Pricing Up-And-Out Call Barrier Option using Monte Carlo...
2026-01-15 13:26:11,467 - src.pricing.monte_carlo - INFO - Option price: 2.0004 ± 0.0571
2026-01-15 13:26:11,468 - src.pricing.monte_carlo - INFO - 95% CI: [1.8884, 2.1123]
2026-01-15 13:26:11,469 - src.pricing.monte_carlo - INFO - Pricing Up-And-Out Call Barrier Option using Monte Carlo...
2026-01-15 13:26:23,551 - src.pricing.monte_carlo - INFO - Option price: 2.0835 ± 0.0586
2026-01-15 13:26:23,551 - src.pricing.monte_carlo - INFO - 95% CI: [1.9686, 2.1985]
2026-01-15 13:26:23,552 - src.pricing.monte_carlo - INFO - Pricing Up-And-Out Call Barrier Option using Monte Carlo...
2026-01-15 13:26:35,627 - src.pricing.monte_carlo - INFO - Option price: 1.9991 ± 0.0582
2026-01-15 13:26:35,627 - src.pricing.monte_carlo - INFO - 95% CI: [1.8850, 2.1132]
2026-01-15 13:26:35,628 - src.pricing.monte_carlo - INFO - Pricing Up-And-Out Call Barrier Option using Monte Carlo...
2026-01-15 13:26:47,450 - src.pricing.monte_carlo - INFO - Option price: 2.0521 ± 0.0585
2026-01-15 13:26:47,451 - src.pricing.monte_carlo - INFO - 95% CI: [1.9373, 2.1668]
2026-01-15 13:26:47,452 - src.pricing.monte_carlo - INFO - Pricing Up-And-Out Call Barrier Option using Monte Carlo...
2026-01-15 13:26:59,264 - src.pricing.monte_carlo - INFO - Option price: 2.0319 ± 0.0585
2026-01-15 13:26:59,264 - src.pricing.monte_carlo - INFO - 95% CI: [1.9173, 2.1465]
2026-01-15 13:26:59,266 - src.pricing.monte_carlo - INFO - Pricing Up-And-Out Call Barrier Option using Monte Carlo...
2026-01-15 13:27:10,991 - src.pricing.monte_carlo - INFO - Option price: 1.9885 ± 0.0568
2026-01-15 13:27:10,991 - src.pricing.monte_carlo - INFO - 95% CI: [1.8771, 2.0999]
2026-01-15 13:27:10,992 - src.pricing.monte_carlo - INFO - Greeks computed: Delta=0.0422, Gamma=0.0819, Vega=5.1695
2026-01-15 13:27:10,993 - src.pricing.monte_carlo - INFO - Initialized Monte Carlo engine with 5000 simulations
2026-01-15 13:27:10,993 - src.pricing.monte_carlo - INFO - Pricing Up-And-Out Call Barrier Option using Monte Carlo...
2026-01-15 13:27:22,796 - src.pricing.monte_carlo - INFO - Option price: 2.1922 ± 0.0602
2026-01-15 13:27:22,796 - src.pricing.monte_carlo - INFO - 95% CI: [2.0743, 2.3101]
2026-01-15 13:27:22,797 - src.pricing.monte_carlo - INFO - Pricing Up-And-Out Call Barrier Option using Monte Carlo...
2026-01-15 13:27:35,037 - src.pricing.monte_carlo - INFO - Option price: 2.0376 ± 0.0586
2026-01-15 13:27:35,037 - src.pricing.monte_carlo - INFO - 95% CI: [1.9228, 2.1524]
2026-01-15 13:27:35,038 - src.pricing.monte_carlo - INFO - Pricing Up-And-Out Call Barrier Option using Monte Carlo...
2026-01-15 13:27:47,224 - src.pricing.monte_carlo - INFO - Option price: 2.1275 ± 0.0600
2026-01-15 13:27:47,225 - src.pricing.monte_carlo - INFO - 95% CI: [2.0099, 2.2450]
2026-01-15 13:27:47,226 - src.pricing.monte_carlo - INFO - Pricing Up-And-Out Call Barrier Option using Monte Carlo...
2026-01-15 13:27:59,181 - src.pricing.monte_carlo - INFO - Option price: 2.0231 ± 0.0573
2026-01-15 13:27:59,182 - src.pricing.monte_carlo - INFO - 95% CI: [1.9107, 2.1355]
2026-01-15 13:27:59,183 - src.pricing.monte_carlo - INFO - Pricing Up-And-Out Call Barrier Option using Monte Carlo...
2026-01-15 13:28:11,158 - src.pricing.monte_carlo - INFO - Option price: 2.1047 ± 0.0588
2026-01-15 13:28:11,159 - src.pricing.monte_carlo - INFO - 95% CI: [1.9896, 2.2199]
2026-01-15 13:28:11,160 - src.pricing.monte_carlo - INFO - Pricing Up-And-Out Call Barrier Option using Monte Carlo...
2026-01-15 13:28:23,545 - src.pricing.monte_carlo - INFO - Option price: 1.9670 ± 0.0570
2026-01-15 13:28:23,545 - src.pricing.monte_carlo - INFO - 95% CI: [1.8554, 2.0787]
2026-01-15 13:28:23,547 - src.pricing.monte_carlo - INFO - Greeks computed: Delta=-0.0449, Gamma=-0.2193, Vega=-16.9079
2026-01-15 13:28:23,548 - src.pricing.monte_carlo - INFO - Initialized Monte Carlo engine with 5000 simulations
2026-01-15 13:28:23,549 - src.pricing.monte_carlo - INFO - Pricing Up-And-Out Call Barrier Option using Monte Carlo...
2026-01-15 13:28:36,043 - src.pricing.monte_carlo - INFO - Option price: 2.1253 ± 0.0586
2026-01-15 13:28:36,043 - src.pricing.monte_carlo - INFO - 95% CI: [2.0104, 2.2401]
2026-01-15 13:28:36,045 - src.pricing.monte_carlo - INFO - Pricing Up-And-Out Call Barrier Option using Monte Carlo...
2026-01-15 13:28:48,230 - src.pricing.monte_carlo - INFO - Option price: 1.9646 ± 0.0568
2026-01-15 13:28:48,231 - src.pricing.monte_carlo - INFO - 95% CI: [1.8532, 2.0760]
2026-01-15 13:28:48,232 - src.pricing.monte_carlo - INFO - Pricing Up-And-Out Call Barrier Option using Monte Carlo...
2026-01-15 13:29:00,211 - src.pricing.monte_carlo - INFO - Option price: 2.0839 ± 0.0591
2026-01-15 13:29:00,212 - src.pricing.monte_carlo - INFO - 95% CI: [1.9681, 2.1996]
2026-01-15 13:29:00,214 - src.pricing.monte_carlo - INFO - Pricing Up-And-Out Call Barrier Option using Monte Carlo...
2026-01-15 13:29:12,345 - src.pricing.monte_carlo - INFO - Option price: 2.0651 ± 0.0585
2026-01-15 13:29:12,346 - src.pricing.monte_carlo - INFO - 95% CI: [1.9504, 2.1798]
2026-01-15 13:29:12,347 - src.pricing.monte_carlo - INFO - Pricing Up-And-Out Call Barrier Option using Monte Carlo...
2026-01-15 13:29:24,299 - src.pricing.monte_carlo - INFO - Option price: 2.0574 ± 0.0585
2026-01-15 13:29:24,300 - src.pricing.monte_carlo - INFO - 95% CI: [1.9428, 2.1721]
2026-01-15 13:29:24,301 - src.pricing.monte_carlo - INFO - Pricing Up-And-Out Call Barrier Option using Monte Carlo...
2026-01-15 13:29:36,354 - src.pricing.monte_carlo - INFO - Option price: 2.0835 ± 0.0579
2026-01-15 13:29:36,354 - src.pricing.monte_carlo - INFO - 95% CI: [1.9700, 2.1970]
2026-01-15 13:29:36,356 - src.pricing.monte_carlo - INFO - Greeks computed: Delta=-0.0596, Gamma=-0.2020, Vega=-6.0191
2026-01-15 13:29:36,357 - src.pricing.monte_carlo - INFO - Initialized Monte Carlo engine with 5000 simulations
2026-01-15 13:29:36,357 - src.pricing.monte_carlo - INFO - Pricing Up-And-Out Call Barrier Option using Monte Carlo...
2026-01-15 13:29:48,722 - src.pricing.monte_carlo - INFO - Option price: 2.1964 ± 0.0611
2026-01-15 13:29:48,723 - src.pricing.monte_carlo - INFO - 95% CI: [2.0766, 2.3163]
2026-01-15 13:29:48,724 - src.pricing.monte_carlo - INFO - Pricing Up-And-Out Call Barrier Option using Monte Carlo...
2026-01-15 13:30:00,750 - src.pricing.monte_carlo - INFO - Option price: 2.0523 ± 0.0586
2026-01-15 13:30:00,751 - src.pricing.monte_carlo - INFO - 95% CI: [1.9375, 2.1671]
2026-01-15 13:30:00,752 - src.pricing.monte_carlo - INFO - Pricing Up-And-Out Call Barrier Option using Monte Carlo...
2026-01-15 13:30:12,749 - src.pricing.monte_carlo - INFO - Option price: 2.0160 ± 0.0571
2026-01-15 13:30:12,750 - src.pricing.monte_carlo - INFO - 95% CI: [1.9040, 2.1279]
2026-01-15 13:30:12,751 - src.pricing.monte_carlo - INFO - Pricing Up-And-Out Call Barrier Option using Monte Carlo...
2026-01-15 13:30:24,567 - src.pricing.monte_carlo - INFO - Option price: 1.9698 ± 0.0572
2026-01-15 13:30:24,567 - src.pricing.monte_carlo - INFO - 95% CI: [1.8578, 2.0819]
2026-01-15 13:30:24,569 - src.pricing.monte_carlo - INFO - Pricing Up-And-Out Call Barrier Option using Monte Carlo...
2026-01-15 13:30:36,279 - src.pricing.monte_carlo - INFO - Option price: 2.1341 ± 0.0593
2026-01-15 13:30:36,279 - src.pricing.monte_carlo - INFO - 95% CI: [2.0178, 2.2504]
2026-01-15 13:30:36,280 - src.pricing.monte_carlo - INFO - Pricing Up-And-Out Call Barrier Option using Monte Carlo...
2026-01-15 13:30:48,186 - src.pricing.monte_carlo - INFO - Option price: 2.0821 ± 0.0585
2026-01-15 13:30:48,186 - src.pricing.monte_carlo - INFO - 95% CI: [1.9674, 2.1968]
2026-01-15 13:30:48,188 - src.pricing.monte_carlo - INFO - Greeks computed: Delta=0.0182, Gamma=-0.3246, Vega=-22.6626
2026-01-15 13:30:48,188 - src.pricing.monte_carlo - INFO - Initialized Monte Carlo engine with 5000 simulations
2026-01-15 13:30:48,188 - src.pricing.monte_carlo - INFO - Pricing Up-And-Out Call Barrier Option using Monte Carlo...
2026-01-15 13:31:00,143 - src.pricing.monte_carlo - INFO - Option price: 2.0810 ± 0.0582
2026-01-15 13:31:00,143 - src.pricing.monte_carlo - INFO - 95% CI: [1.9669, 2.1951]
2026-01-15 13:31:00,145 - src.pricing.monte_carlo - INFO - Pricing Up-And-Out Call Barrier Option using Monte Carlo...
2026-01-15 13:31:12,325 - src.pricing.monte_carlo - INFO - Option price: 2.0912 ± 0.0590
2026-01-15 13:31:12,326 - src.pricing.monte_carlo - INFO - 95% CI: [1.9755, 2.2068]
2026-01-15 13:31:12,327 - src.pricing.monte_carlo - INFO - Pricing Up-And-Out Call Barrier Option using Monte Carlo...
2026-01-15 13:31:24,401 - src.pricing.monte_carlo - INFO - Option price: 1.9931 ± 0.0569
2026-01-15 13:31:24,401 - src.pricing.monte_carlo - INFO - 95% CI: [1.8815, 2.1047]
2026-01-15 13:31:24,403 - src.pricing.monte_carlo - INFO - Pricing Up-And-Out Call Barrier Option using Monte Carlo...
2026-01-15 13:31:36,537 - src.pricing.monte_carlo - INFO - Option price: 2.0106 ± 0.0576
2026-01-15 13:31:36,537 - src.pricing.monte_carlo - INFO - 95% CI: [1.8977, 2.1235]
2026-01-15 13:31:36,538 - src.pricing.monte_carlo - INFO - Pricing Up-And-Out Call Barrier Option using Monte Carlo...
2026-01-15 13:31:48,554 - src.pricing.monte_carlo - INFO - Option price: 2.0407 ± 0.0578
2026-01-15 13:31:48,554 - src.pricing.monte_carlo - INFO - 95% CI: [1.9273, 2.1540]
2026-01-15 13:31:48,558 - src.pricing.monte_carlo - INFO - Pricing Up-And-Out Call Barrier Option using Monte Carlo...
2026-01-15 13:32:00,726 - src.pricing.monte_carlo - INFO - Option price: 2.1087 ± 0.0590
2026-01-15 13:32:00,727 - src.pricing.monte_carlo - INFO - 95% CI: [1.9930, 2.2244]
2026-01-15 13:32:00,728 - src.pricing.monte_carlo - INFO - Greeks computed: Delta=0.0490, Gamma=-0.0777, Vega=-7.0419
2026-01-15 13:32:00,729 - src.pricing.monte_carlo - INFO - Initialized Monte Carlo engine with 5000 simulations
2026-01-15 13:32:00,729 - src.pricing.monte_carlo - INFO - Pricing Up-And-Out Call Barrier Option using Monte Carlo...
2026-01-15 13:32:12,881 - src.pricing.monte_carlo - INFO - Option price: 2.0220 ± 0.0584
2026-01-15 13:32:12,882 - src.pricing.monte_carlo - INFO - 95% CI: [1.9075, 2.1365]
2026-01-15 13:32:12,883 - src.pricing.monte_carlo - INFO - Pricing Up-And-Out Call Barrier Option using Monte Carlo...
2026-01-15 13:32:24,980 - src.pricing.monte_carlo - INFO - Option price: 1.9409 ± 0.0573
2026-01-15 13:32:24,981 - src.pricing.monte_carlo - INFO - 95% CI: [1.8285, 2.0533]
2026-01-15 13:32:24,982 - src.pricing.monte_carlo - INFO - Pricing Up-And-Out Call Barrier Option using Monte Carlo...
2026-01-15 13:32:37,022 - src.pricing.monte_carlo - INFO - Option price: 2.0209 ± 0.0583
2026-01-15 13:32:37,022 - src.pricing.monte_carlo - INFO - 95% CI: [1.9066, 2.1352]
2026-01-15 13:32:37,023 - src.pricing.monte_carlo - INFO - Pricing Up-And-Out Call Barrier Option using Monte Carlo...
2026-01-15 13:32:48,996 - src.pricing.monte_carlo - INFO - Option price: 2.0197 ± 0.0581
2026-01-15 13:32:48,997 - src.pricing.monte_carlo - INFO - 95% CI: [1.9059, 2.1335]
2026-01-15 13:32:48,998 - src.pricing.monte_carlo - INFO - Pricing Up-And-Out Call Barrier Option using Monte Carlo...
2026-01-15 13:33:00,939 - src.pricing.monte_carlo - INFO - Option price: 2.0839 ± 0.0582
2026-01-15 13:33:00,940 - src.pricing.monte_carlo - INFO - 95% CI: [1.9698, 2.1981]
2026-01-15 13:33:00,941 - src.pricing.monte_carlo - INFO - Pricing Up-And-Out Call Barrier Option using Monte Carlo...
2026-01-15 13:33:12,901 - src.pricing.monte_carlo - INFO - Option price: 1.9443 ± 0.0568
2026-01-15 13:33:12,902 - src.pricing.monte_carlo - INFO - 95% CI: [1.8329, 2.0557]
2026-01-15 13:33:12,903 - src.pricing.monte_carlo - INFO - Greeks computed: Delta=-0.0400, Gamma=-0.0822, Vega=-0.2296
2026-01-15 13:33:12,904 - src.pricing.monte_carlo - INFO - Initialized Monte Carlo engine with 5000 simulations
2026-01-15 13:33:12,904 - src.pricing.monte_carlo - INFO - Pricing Up-And-Out Call Barrier Option using Monte Carlo...
2026-01-15 13:33:24,955 - src.pricing.monte_carlo - INFO - Option price: 2.0030 ± 0.0577
2026-01-15 13:33:24,956 - src.pricing.monte_carlo - INFO - 95% CI: [1.8899, 2.1161]
2026-01-15 13:33:24,958 - src.pricing.monte_carlo - INFO - Pricing Up-And-Out Call Barrier Option using Monte Carlo...
2026-01-15 13:33:37,007 - src.pricing.monte_carlo - INFO - Option price: 2.1613 ± 0.0600
2026-01-15 13:33:37,007 - src.pricing.monte_carlo - INFO - 95% CI: [2.0436, 2.2789]
2026-01-15 13:33:37,009 - src.pricing.monte_carlo - INFO - Pricing Up-And-Out Call Barrier Option using Monte Carlo...
2026-01-15 13:33:48,857 - src.pricing.monte_carlo - INFO - Option price: 1.9017 ± 0.0561
2026-01-15 13:33:48,857 - src.pricing.monte_carlo - INFO - 95% CI: [1.7917, 2.0117]
2026-01-15 13:33:48,860 - src.pricing.monte_carlo - INFO - Pricing Up-And-Out Call Barrier Option using Monte Carlo...
2026-01-15 13:34:00,896 - src.pricing.monte_carlo - INFO - Option price: 2.0641 ± 0.0586
2026-01-15 13:34:00,897 - src.pricing.monte_carlo - INFO - 95% CI: [1.9493, 2.1789]
2026-01-15 13:34:00,898 - src.pricing.monte_carlo - INFO - Pricing Up-And-Out Call Barrier Option using Monte Carlo...
2026-01-15 13:34:13,155 - src.pricing.monte_carlo - INFO - Option price: 2.0414 ± 0.0584
2026-01-15 13:34:13,155 - src.pricing.monte_carlo - INFO - 95% CI: [1.9268, 2.1559]
2026-01-15 13:34:13,156 - src.pricing.monte_carlo - INFO - Pricing Up-And-Out Call Barrier Option using Monte Carlo...
2026-01-15 13:34:25,205 - src.pricing.monte_carlo - INFO - Option price: 2.2789 ± 0.0608
2026-01-15 13:34:25,205 - src.pricing.monte_carlo - INFO - 95% CI: [2.1598, 2.3980]
2026-01-15 13:34:25,207 - src.pricing.monte_carlo - INFO - Greeks computed: Delta=0.1298, Gamma=0.0570, Vega=6.1105
2026-01-15 13:34:25,207 - src.pricing.monte_carlo - INFO - Initialized Monte Carlo engine with 5000 simulations
2026-01-15 13:34:25,208 - src.pricing.monte_carlo - INFO - Pricing Up-And-Out Call Barrier Option using Monte Carlo...
2026-01-15 13:34:37,648 - src.pricing.monte_carlo - INFO - Option price: 2.0348 ± 0.0575
2026-01-15 13:34:37,648 - src.pricing.monte_carlo - INFO - 95% CI: [1.9221, 2.1475]
2026-01-15 13:34:37,650 - src.pricing.monte_carlo - INFO - Pricing Up-And-Out Call Barrier Option using Monte Carlo...
2026-01-15 13:34:49,915 - src.pricing.monte_carlo - INFO - Option price: 2.1443 ± 0.0596
2026-01-15 13:34:49,915 - src.pricing.monte_carlo - INFO - 95% CI: [2.0275, 2.2611]
2026-01-15 13:34:49,917 - src.pricing.monte_carlo - INFO - Pricing Up-And-Out Call Barrier Option using Monte Carlo...
2026-01-15 13:35:02,131 - src.pricing.monte_carlo - INFO - Option price: 2.2065 ± 0.0597
2026-01-15 13:35:02,132 - src.pricing.monte_carlo - INFO - 95% CI: [2.0895, 2.3236]
2026-01-15 13:35:02,134 - src.pricing.monte_carlo - INFO - Pricing Up-And-Out Call Barrier Option using Monte Carlo...
2026-01-15 13:35:14,470 - src.pricing.monte_carlo - INFO - Option price: 2.1973 ± 0.0611
2026-01-15 13:35:14,471 - src.pricing.monte_carlo - INFO - 95% CI: [2.0776, 2.3170]
2026-01-15 13:35:14,472 - src.pricing.monte_carlo - INFO - Pricing Up-And-Out Call Barrier Option using Monte Carlo...
2026-01-15 13:35:26,809 - src.pricing.monte_carlo - INFO - Option price: 2.1118 ± 0.0590
2026-01-15 13:35:26,810 - src.pricing.monte_carlo - INFO - 95% CI: [1.9962, 2.2275]
2026-01-15 13:35:26,813 - src.pricing.monte_carlo - INFO - Pricing Up-And-Out Call Barrier Option using Monte Carlo...
2026-01-15 13:35:38,886 - src.pricing.monte_carlo - INFO - Option price: 2.0691 ± 0.0581
2026-01-15 13:35:38,886 - src.pricing.monte_carlo - INFO - 95% CI: [1.9553, 2.1830]
2026-01-15 13:35:38,888 - src.pricing.monte_carlo - INFO - Greeks computed: Delta=-0.0311, Gamma=0.2812, Vega=16.2501
2026-01-15 13:35:38,889 - src.pricing.monte_carlo - INFO - Initialized Monte Carlo engine with 5000 simulations
2026-01-15 13:35:38,889 - src.pricing.monte_carlo - INFO - Pricing Up-And-Out Call Barrier Option using Monte Carlo...
2026-01-15 13:35:50,906 - src.pricing.monte_carlo - INFO - Option price: 1.9862 ± 0.0569
2026-01-15 13:35:50,906 - src.pricing.monte_carlo - INFO - 95% CI: [1.8746, 2.0977]
2026-01-15 13:35:50,909 - src.pricing.monte_carlo - INFO - Pricing Up-And-Out Call Barrier Option using Monte Carlo...
2026-01-15 13:36:02,908 - src.pricing.monte_carlo - INFO - Option price: 2.1086 ± 0.0594
2026-01-15 13:36:02,908 - src.pricing.monte_carlo - INFO - 95% CI: [1.9922, 2.2250]
2026-01-15 13:36:02,909 - src.pricing.monte_carlo - INFO - Pricing Up-And-Out Call Barrier Option using Monte Carlo...
2026-01-15 13:36:14,924 - src.pricing.monte_carlo - INFO - Option price: 2.0538 ± 0.0580
2026-01-15 13:36:14,924 - src.pricing.monte_carlo - INFO - 95% CI: [1.9401, 2.1674]
2026-01-15 13:36:14,926 - src.pricing.monte_carlo - INFO - Pricing Up-And-Out Call Barrier Option using Monte Carlo...
2026-01-15 13:36:26,888 - src.pricing.monte_carlo - INFO - Option price: 1.9352 ± 0.0575
2026-01-15 13:36:26,889 - src.pricing.monte_carlo - INFO - 95% CI: [1.8225, 2.0478]
2026-01-15 13:36:26,891 - src.pricing.monte_carlo - INFO - Pricing Up-And-Out Call Barrier Option using Monte Carlo...
2026-01-15 13:36:38,727 - src.pricing.monte_carlo - INFO - Option price: 1.9837 ± 0.0572
2026-01-15 13:36:38,727 - src.pricing.monte_carlo - INFO - 95% CI: [1.8716, 2.0958]
2026-01-15 13:36:38,729 - src.pricing.monte_carlo - INFO - Pricing Up-And-Out Call Barrier Option using Monte Carlo...
2026-01-15 13:36:50,396 - src.pricing.monte_carlo - INFO - Option price: 2.0702 ± 0.0586
2026-01-15 13:36:50,397 - src.pricing.monte_carlo - INFO - 95% CI: [1.9553, 2.1852]
2026-01-15 13:36:50,398 - src.pricing.monte_carlo - INFO - Greeks computed: Delta=0.0274, Gamma=0.1901, Vega=-5.0982
2026-01-15 13:36:50,398 - src.pricing.monte_carlo - INFO - Initialized Monte Carlo engine with 5000 simulations
2026-01-15 13:36:50,399 - src.pricing.monte_carlo - INFO - Pricing Up-And-Out Call Barrier Option using Monte Carlo...
2026-01-15 13:37:01,975 - src.pricing.monte_carlo - INFO - Option price: 2.0346 ± 0.0579
2026-01-15 13:37:01,976 - src.pricing.monte_carlo - INFO - 95% CI: [1.9212, 2.1481]
2026-01-15 13:37:01,977 - src.pricing.monte_carlo - INFO - Pricing Up-And-Out Call Barrier Option using Monte Carlo...
2026-01-15 13:37:13,814 - src.pricing.monte_carlo - INFO - Option price: 2.0035 ± 0.0580
2026-01-15 13:37:13,814 - src.pricing.monte_carlo - INFO - 95% CI: [1.8899, 2.1171]
2026-01-15 13:37:13,816 - src.pricing.monte_carlo - INFO - Pricing Up-And-Out Call Barrier Option using Monte Carlo...
2026-01-15 13:37:25,666 - src.pricing.monte_carlo - INFO - Option price: 2.0298 ± 0.0586
2026-01-15 13:37:25,667 - src.pricing.monte_carlo - INFO - 95% CI: [1.9149, 2.1446]
2026-01-15 13:37:25,669 - src.pricing.monte_carlo - INFO - Pricing Up-And-Out Call Barrier Option using Monte Carlo...
2026-01-15 13:37:37,550 - src.pricing.monte_carlo - INFO - Option price: 2.1859 ± 0.0598
2026-01-15 13:37:37,551 - src.pricing.monte_carlo - INFO - 95% CI: [2.0687, 2.3031]
2026-01-15 13:37:37,554 - src.pricing.monte_carlo - INFO - Pricing Up-And-Out Call Barrier Option using Monte Carlo...
2026-01-15 13:37:49,509 - src.pricing.monte_carlo - INFO - Option price: 2.0021 ± 0.0577
2026-01-15 13:37:49,510 - src.pricing.monte_carlo - INFO - 95% CI: [1.8890, 2.1153]
2026-01-15 13:37:49,512 - src.pricing.monte_carlo - INFO - Pricing Up-And-Out Call Barrier Option using Monte Carlo...
2026-01-15 13:38:01,422 - src.pricing.monte_carlo - INFO - Option price: 2.1249 ± 0.0590
2026-01-15 13:38:01,423 - src.pricing.monte_carlo - INFO - 95% CI: [2.0092, 2.2406]
2026-01-15 13:38:01,426 - src.pricing.monte_carlo - INFO - Greeks computed: Delta=-0.0131, Gamma=-0.0360, Vega=15.1277
2026-01-15 13:38:01,427 - src.pricing.monte_carlo - INFO - Initialized Monte Carlo engine with 5000 simulations
2026-01-15 13:38:01,427 - src.pricing.monte_carlo - INFO - Pricing Up-And-Out Call Barrier Option using Monte Carlo...
2026-01-15 13:38:13,107 - src.pricing.monte_carlo - INFO - Option price: 2.1348 ± 0.0591
2026-01-15 13:38:13,107 - src.pricing.monte_carlo - INFO - 95% CI: [2.0190, 2.2506]
2026-01-15 13:38:13,109 - src.pricing.monte_carlo - INFO - Pricing Up-And-Out Call Barrier Option using Monte Carlo...
2026-01-15 13:38:25,022 - src.pricing.monte_carlo - INFO - Option price: 2.0859 ± 0.0595
2026-01-15 13:38:25,023 - src.pricing.monte_carlo - INFO - 95% CI: [1.9693, 2.2025]
2026-01-15 13:38:25,024 - src.pricing.monte_carlo - INFO - Pricing Up-And-Out Call Barrier Option using Monte Carlo...
2026-01-15 13:38:36,820 - src.pricing.monte_carlo - INFO - Option price: 2.0372 ± 0.0580
2026-01-15 13:38:36,821 - src.pricing.monte_carlo - INFO - 95% CI: [1.9236, 2.1509]
2026-01-15 13:38:36,824 - src.pricing.monte_carlo - INFO - Pricing Up-And-Out Call Barrier Option using Monte Carlo...
2026-01-15 13:38:48,802 - src.pricing.monte_carlo - INFO - Option price: 2.0813 ± 0.0586
2026-01-15 13:38:48,803 - src.pricing.monte_carlo - INFO - 95% CI: [1.9664, 2.1962]
2026-01-15 13:38:48,804 - src.pricing.monte_carlo - INFO - Pricing Up-And-Out Call Barrier Option using Monte Carlo...
2026-01-15 13:39:00,862 - src.pricing.monte_carlo - INFO - Option price: 2.0358 ± 0.0593
2026-01-15 13:39:00,862 - src.pricing.monte_carlo - INFO - 95% CI: [1.9197, 2.1519]
2026-01-15 13:39:00,863 - src.pricing.monte_carlo - INFO - Pricing Up-And-Out Call Barrier Option using Monte Carlo...
2026-01-15 13:39:12,465 - src.pricing.monte_carlo - INFO - Option price: 2.1811 ± 0.0600
2026-01-15 13:39:12,465 - src.pricing.monte_carlo - INFO - 95% CI: [2.0635, 2.2986]
2026-01-15 13:39:12,467 - src.pricing.monte_carlo - INFO - Greeks computed: Delta=0.0243, Gamma=-0.1464, Vega=-5.3510
2026-01-15 13:39:12,467 - src.pricing.monte_carlo - INFO - Initialized Monte Carlo engine with 5000 simulations
2026-01-15 13:39:12,468 - src.pricing.monte_carlo - INFO - Pricing Up-And-Out Call Barrier Option using Monte Carlo...
2026-01-15 13:39:24,180 - src.pricing.monte_carlo - INFO - Option price: 2.1433 ± 0.0597
2026-01-15 13:39:24,181 - src.pricing.monte_carlo - INFO - 95% CI: [2.0263, 2.2604]
2026-01-15 13:39:24,182 - src.pricing.monte_carlo - INFO - Pricing Up-And-Out Call Barrier Option using Monte Carlo...
2026-01-15 13:39:35,961 - src.pricing.monte_carlo - INFO - Option price: 2.0666 ± 0.0594
2026-01-15 13:39:35,962 - src.pricing.monte_carlo - INFO - 95% CI: [1.9502, 2.1830]
2026-01-15 13:39:35,963 - src.pricing.monte_carlo - INFO - Pricing Up-And-Out Call Barrier Option using Monte Carlo...
2026-01-15 13:39:47,801 - src.pricing.monte_carlo - INFO - Option price: 1.9374 ± 0.0573
2026-01-15 13:39:47,801 - src.pricing.monte_carlo - INFO - 95% CI: [1.8252, 2.0497]
2026-01-15 13:39:47,803 - src.pricing.monte_carlo - INFO - Pricing Up-And-Out Call Barrier Option using Monte Carlo...
2026-01-15 13:39:59,799 - src.pricing.monte_carlo - INFO - Option price: 1.9668 ± 0.0577
2026-01-15 13:39:59,799 - src.pricing.monte_carlo - INFO - 95% CI: [1.8536, 2.0799]
2026-01-15 13:39:59,800 - src.pricing.monte_carlo - INFO - Pricing Up-And-Out Call Barrier Option using Monte Carlo...
2026-01-15 13:40:11,671 - src.pricing.monte_carlo - INFO - Option price: 1.9595 ± 0.0571
2026-01-15 13:40:11,672 - src.pricing.monte_carlo - INFO - 95% CI: [1.8475, 2.0715]
2026-01-15 13:40:11,673 - src.pricing.monte_carlo - INFO - Pricing Up-And-Out Call Barrier Option using Monte Carlo...
2026-01-15 13:40:23,718 - src.pricing.monte_carlo - INFO - Option price: 2.0218 ± 0.0582
2026-01-15 13:40:23,718 - src.pricing.monte_carlo - INFO - 95% CI: [1.9077, 2.1358]
2026-01-15 13:40:23,720 - src.pricing.monte_carlo - INFO - Greeks computed: Delta=0.0646, Gamma=-0.2826, Vega=-17.6582
2026-01-15 13:40:23,721 - src.pricing.monte_carlo - INFO - Initialized Monte Carlo engine with 5000 simulations
2026-01-15 13:40:23,722 - src.pricing.monte_carlo - INFO - Pricing Up-And-Out Call Barrier Option using Monte Carlo...
2026-01-15 13:40:35,741 - src.pricing.monte_carlo - INFO - Option price: 2.1300 ± 0.0596
2026-01-15 13:40:35,741 - src.pricing.monte_carlo - INFO - 95% CI: [2.0131, 2.2469]
2026-01-15 13:40:35,743 - src.pricing.monte_carlo - INFO - Pricing Up-And-Out Call Barrier Option using Monte Carlo...
2026-01-15 13:40:47,707 - src.pricing.monte_carlo - INFO - Option price: 2.0420 ± 0.0587
2026-01-15 13:40:47,707 - src.pricing.monte_carlo - INFO - 95% CI: [1.9270, 2.1570]
2026-01-15 13:40:47,710 - src.pricing.monte_carlo - INFO - Pricing Up-And-Out Call Barrier Option using Monte Carlo...
2026-01-15 13:40:59,530 - src.pricing.monte_carlo - INFO - Option price: 1.9806 ± 0.0571
2026-01-15 13:40:59,530 - src.pricing.monte_carlo - INFO - 95% CI: [1.8686, 2.0926]
2026-01-15 13:40:59,532 - src.pricing.monte_carlo - INFO - Pricing Up-And-Out Call Barrier Option using Monte Carlo...
2026-01-15 13:41:11,434 - src.pricing.monte_carlo - INFO - Option price: 1.9603 ± 0.0574
2026-01-15 13:41:11,434 - src.pricing.monte_carlo - INFO - 95% CI: [1.8479, 2.0728]
2026-01-15 13:41:11,437 - src.pricing.monte_carlo - INFO - Pricing Up-And-Out Call Barrier Option using Monte Carlo...
2026-01-15 13:41:23,231 - src.pricing.monte_carlo - INFO - Option price: 2.1511 ± 0.0603
2026-01-15 13:41:23,232 - src.pricing.monte_carlo - INFO - 95% CI: [2.0330, 2.2693]
2026-01-15 13:41:23,234 - src.pricing.monte_carlo - INFO - Pricing Up-And-Out Call Barrier Option using Monte Carlo...
2026-01-15 13:41:35,099 - src.pricing.monte_carlo - INFO - Option price: 2.0646 ± 0.0585
2026-01-15 13:41:35,099 - src.pricing.monte_carlo - INFO - 95% CI: [1.9500, 2.1791]
2026-01-15 13:41:35,101 - src.pricing.monte_carlo - INFO - Greeks computed: Delta=0.0307, Gamma=-0.2374, Vega=-16.9683
2026-01-15 13:41:35,101 - src.pricing.monte_carlo - INFO - Initialized Monte Carlo engine with 5000 simulations
2026-01-15 13:41:35,101 - src.pricing.monte_carlo - INFO - Pricing Up-And-Out Call Barrier Option using Monte Carlo...
2026-01-15 13:41:46,727 - src.pricing.monte_carlo - INFO - Option price: 2.0143 ± 0.0582
2026-01-15 13:41:46,727 - src.pricing.monte_carlo - INFO - 95% CI: [1.9002, 2.1284]
2026-01-15 13:41:46,729 - src.pricing.monte_carlo - INFO - Pricing Up-And-Out Call Barrier Option using Monte Carlo...
2026-01-15 13:41:58,369 - src.pricing.monte_carlo - INFO - Option price: 2.0710 ± 0.0585
2026-01-15 13:41:58,369 - src.pricing.monte_carlo - INFO - 95% CI: [1.9564, 2.1857]
2026-01-15 13:41:58,370 - src.pricing.monte_carlo - INFO - Pricing Up-And-Out Call Barrier Option using Monte Carlo...
2026-01-15 13:42:10,069 - src.pricing.monte_carlo - INFO - Option price: 2.1180 ± 0.0593
2026-01-15 13:42:10,070 - src.pricing.monte_carlo - INFO - 95% CI: [2.0017, 2.2343]
2026-01-15 13:42:10,071 - src.pricing.monte_carlo - INFO - Pricing Up-And-Out Call Barrier Option using Monte Carlo...
2026-01-15 13:42:21,865 - src.pricing.monte_carlo - INFO - Option price: 1.9589 ± 0.0576
2026-01-15 13:42:21,866 - src.pricing.monte_carlo - INFO - 95% CI: [1.8460, 2.0717]
2026-01-15 13:42:21,868 - src.pricing.monte_carlo - INFO - Pricing Up-And-Out Call Barrier Option using Monte Carlo...
2026-01-15 13:42:33,570 - src.pricing.monte_carlo - INFO - Option price: 2.1022 ± 0.0592
2026-01-15 13:42:33,581 - src.pricing.monte_carlo - INFO - 95% CI: [1.9862, 2.2182]
2026-01-15 13:42:33,586 - src.pricing.monte_carlo - INFO - Pricing Up-And-Out Call Barrier Option using Monte Carlo...
2026-01-15 13:42:45,283 - src.pricing.monte_carlo - INFO - Option price: 2.0148 ± 0.0583
2026-01-15 13:42:45,283 - src.pricing.monte_carlo - INFO - 95% CI: [1.9006, 2.1290]
2026-01-15 13:42:45,286 - src.pricing.monte_carlo - INFO - Greeks computed: Delta=-0.0235, Gamma=0.1604, Vega=-5.5413
2026-01-15 13:42:45,286 - src.pricing.monte_carlo - INFO - Initialized Monte Carlo engine with 5000 simulations
2026-01-15 13:42:45,287 - src.pricing.monte_carlo - INFO - Pricing Up-And-Out Call Barrier Option using Monte Carlo...
2026-01-15 13:42:56,893 - src.pricing.monte_carlo - INFO - Option price: 2.0093 ± 0.0574
2026-01-15 13:42:56,894 - src.pricing.monte_carlo - INFO - 95% CI: [1.8967, 2.1219]
2026-01-15 13:42:56,895 - src.pricing.monte_carlo - INFO - Pricing Up-And-Out Call Barrier Option using Monte Carlo...
2026-01-15 13:43:08,698 - src.pricing.monte_carlo - INFO - Option price: 2.0387 ± 0.0586
2026-01-15 13:43:08,699 - src.pricing.monte_carlo - INFO - 95% CI: [1.9237, 2.1536]
2026-01-15 13:43:08,701 - src.pricing.monte_carlo - INFO - Pricing Up-And-Out Call Barrier Option using Monte Carlo...
2026-01-15 13:43:20,778 - src.pricing.monte_carlo - INFO - Option price: 1.9685 ± 0.0573
2026-01-15 13:43:20,779 - src.pricing.monte_carlo - INFO - 95% CI: [1.8562, 2.0808]
2026-01-15 13:43:20,780 - src.pricing.monte_carlo - INFO - Pricing Up-And-Out Call Barrier Option using Monte Carlo...
2026-01-15 13:43:32,774 - src.pricing.monte_carlo - INFO - Option price: 2.0376 ± 0.0577
2026-01-15 13:43:32,774 - src.pricing.monte_carlo - INFO - 95% CI: [1.9245, 2.1508]
2026-01-15 13:43:32,775 - src.pricing.monte_carlo - INFO - Pricing Up-And-Out Call Barrier Option using Monte Carlo...
2026-01-15 13:43:45,026 - src.pricing.monte_carlo - INFO - Option price: 2.0658 ± 0.0583
2026-01-15 13:43:45,027 - src.pricing.monte_carlo - INFO - 95% CI: [1.9515, 2.1800]
2026-01-15 13:43:45,028 - src.pricing.monte_carlo - INFO - Pricing Up-And-Out Call Barrier Option using Monte Carlo...
2026-01-15 13:43:57,247 - src.pricing.monte_carlo - INFO - Option price: 2.1775 ± 0.0597
2026-01-15 13:43:57,248 - src.pricing.monte_carlo - INFO - 95% CI: [2.0605, 2.2945]
2026-01-15 13:43:57,250 - src.pricing.monte_carlo - INFO - Greeks computed: Delta=0.0351, Gamma=-0.0115, Vega=2.8276
2026-01-15 13:43:57,251 - src.pricing.monte_carlo - INFO - Initialized Monte Carlo engine with 5000 simulations
2026-01-15 13:43:57,251 - src.pricing.monte_carlo - INFO - Pricing Up-And-Out Call Barrier Option using Monte Carlo...
2026-01-15 13:44:09,600 - src.pricing.monte_carlo - INFO - Option price: 2.0160 ± 0.0576
2026-01-15 13:44:09,601 - src.pricing.monte_carlo - INFO - 95% CI: [1.9032, 2.1289]
2026-01-15 13:44:09,602 - src.pricing.monte_carlo - INFO - Pricing Up-And-Out Call Barrier Option using Monte Carlo...
2026-01-15 13:44:22,079 - src.pricing.monte_carlo - INFO - Option price: 2.0125 ± 0.0570
2026-01-15 13:44:22,080 - src.pricing.monte_carlo - INFO - 95% CI: [1.9008, 2.1241]
2026-01-15 13:44:22,082 - src.pricing.monte_carlo - INFO - Pricing Up-And-Out Call Barrier Option using Monte Carlo...
2026-01-15 13:44:34,451 - src.pricing.monte_carlo - INFO - Option price: 2.0426 ± 0.0589
2026-01-15 13:44:34,451 - src.pricing.monte_carlo - INFO - 95% CI: [1.9272, 2.1580]
2026-01-15 13:44:34,452 - src.pricing.monte_carlo - INFO - Pricing Up-And-Out Call Barrier Option using Monte Carlo...
2026-01-15 13:44:46,444 - src.pricing.monte_carlo - INFO - Option price: 2.0102 ± 0.0579
2026-01-15 13:44:46,445 - src.pricing.monte_carlo - INFO - 95% CI: [1.8968, 2.1237]
2026-01-15 13:44:46,446 - src.pricing.monte_carlo - INFO - Pricing Up-And-Out Call Barrier Option using Monte Carlo...
2026-01-15 13:44:58,358 - src.pricing.monte_carlo - INFO - Option price: 2.0689 ± 0.0583
2026-01-15 13:44:58,358 - src.pricing.monte_carlo - INFO - 95% CI: [1.9547, 2.1831]
2026-01-15 13:44:58,359 - src.pricing.monte_carlo - INFO - Pricing Up-And-Out Call Barrier Option using Monte Carlo...
2026-01-15 13:45:10,246 - src.pricing.monte_carlo - INFO - Option price: 2.1347 ± 0.0598
2026-01-15 13:45:10,246 - src.pricing.monte_carlo - INFO - 95% CI: [2.0175, 2.2520]
2026-01-15 13:45:10,248 - src.pricing.monte_carlo - INFO - Greeks computed: Delta=-0.0151, Gamma=0.0230, Vega=-0.5802
2026-01-15 13:45:10,248 - src.pricing.monte_carlo - INFO - Initialized Monte Carlo engine with 5000 simulations
2026-01-15 13:45:10,248 - src.pricing.monte_carlo - INFO - Pricing Up-And-Out Call Barrier Option using Monte Carlo...
2026-01-15 13:45:22,218 - src.pricing.monte_carlo - INFO - Option price: 2.0671 ± 0.0587
2026-01-15 13:45:22,219 - src.pricing.monte_carlo - INFO - 95% CI: [1.9520, 2.1822]
2026-01-15 13:45:22,220 - src.pricing.monte_carlo - INFO - Pricing Up-And-Out Call Barrier Option using Monte Carlo...
2026-01-15 13:45:34,070 - src.pricing.monte_carlo - INFO - Option price: 2.1387 ± 0.0602
2026-01-15 13:45:34,071 - src.pricing.monte_carlo - INFO - 95% CI: [2.0208, 2.2566]
2026-01-15 13:45:34,073 - src.pricing.monte_carlo - INFO - Pricing Up-And-Out Call Barrier Option using Monte Carlo...
2026-01-15 13:45:45,981 - src.pricing.monte_carlo - INFO - Option price: 1.9766 ± 0.0579
2026-01-15 13:45:45,982 - src.pricing.monte_carlo - INFO - 95% CI: [1.8631, 2.0900]
2026-01-15 13:45:45,983 - src.pricing.monte_carlo - INFO - Pricing Up-And-Out Call Barrier Option using Monte Carlo...
2026-01-15 13:45:57,890 - src.pricing.monte_carlo - INFO - Option price: 2.0724 ± 0.0586
2026-01-15 13:45:57,890 - src.pricing.monte_carlo - INFO - 95% CI: [1.9576, 2.1872]
2026-01-15 13:45:57,892 - src.pricing.monte_carlo - INFO - Pricing Up-And-Out Call Barrier Option using Monte Carlo...
2026-01-15 13:46:12,183 - src.pricing.monte_carlo - INFO - Option price: 2.1515 ± 0.0595
2026-01-15 13:46:12,185 - src.pricing.monte_carlo - INFO - 95% CI: [2.0350, 2.2680]
2026-01-15 13:46:12,188 - src.pricing.monte_carlo - INFO - Pricing Up-And-Out Call Barrier Option using Monte Carlo...
2026-01-15 13:46:33,683 - src.pricing.monte_carlo - INFO - Option price: 2.0836 ± 0.0584
2026-01-15 13:46:33,684 - src.pricing.monte_carlo - INFO - 95% CI: [1.9692, 2.1981]
2026-01-15 13:46:33,687 - src.pricing.monte_carlo - INFO - Greeks computed: Delta=0.0811, Gamma=-0.0190, Vega=0.5308
2026-01-15 13:46:33,689 - src.pricing.monte_carlo - INFO - Initialized Monte Carlo engine with 5000 simulations
2026-01-15 13:46:33,689 - src.pricing.monte_carlo - INFO - Pricing Up-And-Out Call Barrier Option using Monte Carlo...
2026-01-15 13:46:52,256 - src.pricing.monte_carlo - INFO - Option price: 2.0307 ± 0.0579
2026-01-15 13:46:52,257 - src.pricing.monte_carlo - INFO - 95% CI: [1.9172, 2.1441]
2026-01-15 13:46:52,258 - src.pricing.monte_carlo - INFO - Pricing Up-And-Out Call Barrier Option using Monte Carlo...
2026-01-15 13:47:13,133 - src.pricing.monte_carlo - INFO - Option price: 2.0875 ± 0.0583
2026-01-15 13:47:13,134 - src.pricing.monte_carlo - INFO - 95% CI: [1.9733, 2.2017]
2026-01-15 13:47:13,135 - src.pricing.monte_carlo - INFO - Pricing Up-And-Out Call Barrier Option using Monte Carlo...
2026-01-15 13:47:30,815 - src.pricing.monte_carlo - INFO - Option price: 2.0436 ± 0.0579
2026-01-15 13:47:30,816 - src.pricing.monte_carlo - INFO - 95% CI: [1.9301, 2.1571]
2026-01-15 13:47:30,817 - src.pricing.monte_carlo - INFO - Pricing Up-And-Out Call Barrier Option using Monte Carlo...
2026-01-15 13:47:46,473 - src.pricing.monte_carlo - INFO - Option price: 1.9733 ± 0.0579
2026-01-15 13:47:46,473 - src.pricing.monte_carlo - INFO - 95% CI: [1.8598, 2.0869]
2026-01-15 13:47:46,475 - src.pricing.monte_carlo - INFO - Pricing Up-And-Out Call Barrier Option using Monte Carlo...
2026-01-15 13:48:03,653 - src.pricing.monte_carlo - INFO - Option price: 2.0657 ± 0.0583
2026-01-15 13:48:03,654 - src.pricing.monte_carlo - INFO - 95% CI: [1.9513, 2.1800]
2026-01-15 13:48:03,655 - src.pricing.monte_carlo - INFO - Pricing Up-And-Out Call Barrier Option using Monte Carlo...
2026-01-15 13:48:23,705 - src.pricing.monte_carlo - INFO - Option price: 2.2006 ± 0.0604
2026-01-15 13:48:23,705 - src.pricing.monte_carlo - INFO - 95% CI: [2.0822, 2.3191]
2026-01-15 13:48:23,706 - src.pricing.monte_carlo - INFO - Greeks computed: Delta=0.0219, Gamma=0.0698, Vega=-5.7345
2026-01-15 13:48:23,707 - src.pricing.monte_carlo - INFO - Initialized Monte Carlo engine with 5000 simulations
2026-01-15 13:48:23,707 - src.pricing.monte_carlo - INFO - Pricing Up-And-Out Call Barrier Option using Monte Carlo...
2026-01-15 13:48:42,847 - src.pricing.monte_carlo - INFO - Option price: 2.0503 ± 0.0585
2026-01-15 13:48:42,848 - src.pricing.monte_carlo - INFO - 95% CI: [1.9357, 2.1650]
2026-01-15 13:48:42,849 - src.pricing.monte_carlo - INFO - Pricing Up-And-Out Call Barrier Option using Monte Carlo...
2026-01-15 13:49:00,833 - src.pricing.monte_carlo - INFO - Option price: 1.9636 ± 0.0573
2026-01-15 13:49:00,834 - src.pricing.monte_carlo - INFO - 95% CI: [1.8512, 2.0759]
2026-01-15 13:49:00,836 - src.pricing.monte_carlo - INFO - Pricing Up-And-Out Call Barrier Option using Monte Carlo...
2026-01-15 13:49:20,597 - src.pricing.monte_carlo - INFO - Option price: 1.9682 ± 0.0573
2026-01-15 13:49:20,597 - src.pricing.monte_carlo - INFO - 95% CI: [1.8560, 2.0804]
2026-01-15 13:49:20,600 - src.pricing.monte_carlo - INFO - Pricing Up-And-Out Call Barrier Option using Monte Carlo...
2026-01-15 13:49:38,585 - src.pricing.monte_carlo - INFO - Option price: 1.9718 ± 0.0566
2026-01-15 13:49:38,587 - src.pricing.monte_carlo - INFO - 95% CI: [1.8609, 2.0827]
2026-01-15 13:49:38,589 - src.pricing.monte_carlo - INFO - Pricing Up-And-Out Call Barrier Option using Monte Carlo...
2026-01-15 13:50:00,120 - src.pricing.monte_carlo - INFO - Option price: 1.9985 ± 0.0565
2026-01-15 13:50:00,121 - src.pricing.monte_carlo - INFO - 95% CI: [1.8877, 2.1093]
2026-01-15 13:50:00,122 - src.pricing.monte_carlo - INFO - Pricing Up-And-Out Call Barrier Option using Monte Carlo...
2026-01-15 13:50:19,551 - src.pricing.monte_carlo - INFO - Option price: 2.0831 ± 0.0585
2026-01-15 13:50:19,552 - src.pricing.monte_carlo - INFO - 95% CI: [1.9684, 2.1978]
2026-01-15 13:50:19,553 - src.pricing.monte_carlo - INFO - Greeks computed: Delta=-0.0023, Gamma=-0.1688, Vega=-7.8494
2026-01-15 13:50:19,554 - src.pricing.monte_carlo - INFO - Initialized Monte Carlo engine with 5000 simulations
2026-01-15 13:50:19,554 - src.pricing.monte_carlo - INFO - Pricing Up-And-Out Call Barrier Option using Monte Carlo...
2026-01-15 13:50:39,254 - src.pricing.monte_carlo - INFO - Option price: 1.9955 ± 0.0580
2026-01-15 13:50:39,255 - src.pricing.monte_carlo - INFO - 95% CI: [1.8818, 2.1093]
2026-01-15 13:50:39,256 - src.pricing.monte_carlo - INFO - Pricing Up-And-Out Call Barrier Option using Monte Carlo...
2026-01-15 13:50:57,750 - src.pricing.monte_carlo - INFO - Option price: 1.9877 ± 0.0573
2026-01-15 13:50:57,751 - src.pricing.monte_carlo - INFO - 95% CI: [1.8753, 2.1001]
2026-01-15 13:50:57,752 - src.pricing.monte_carlo - INFO - Pricing Up-And-Out Call Barrier Option using Monte Carlo...
2026-01-15 13:51:11,525 - src.pricing.monte_carlo - INFO - Option price: 2.0700 ± 0.0588
2026-01-15 13:51:11,525 - src.pricing.monte_carlo - INFO - 95% CI: [1.9549, 2.1852]
2026-01-15 13:51:11,527 - src.pricing.monte_carlo - INFO - Pricing Up-And-Out Call Barrier Option using Monte Carlo...
2026-01-15 13:51:24,015 - src.pricing.monte_carlo - INFO - Option price: 2.0615 ± 0.0582
2026-01-15 13:51:24,015 - src.pricing.monte_carlo - INFO - 95% CI: [1.9475, 2.1755]
2026-01-15 13:51:24,016 - src.pricing.monte_carlo - INFO - Pricing Up-And-Out Call Barrier Option using Monte Carlo...
2026-01-15 13:51:36,269 - src.pricing.monte_carlo - INFO - Option price: 2.0522 ± 0.0578
2026-01-15 13:51:36,269 - src.pricing.monte_carlo - INFO - 95% CI: [1.9388, 2.1656]
2026-01-15 13:51:36,270 - src.pricing.monte_carlo - INFO - Pricing Up-And-Out Call Barrier Option using Monte Carlo...
2026-01-15 13:51:48,510 - src.pricing.monte_carlo - INFO - Option price: 2.0788 ± 0.0586
2026-01-15 13:51:48,511 - src.pricing.monte_carlo - INFO - 95% CI: [1.9638, 2.1937]
2026-01-15 13:51:48,513 - src.pricing.monte_carlo - INFO - Greeks computed: Delta=-0.0412, Gamma=0.0666, Vega=6.5939
2026-01-15 13:51:48,513 - src.pricing.monte_carlo - INFO - Initialized Monte Carlo engine with 5000 simulations
2026-01-15 13:51:48,514 - src.pricing.monte_carlo - INFO - Pricing Up-And-Out Call Barrier Option using Monte Carlo...
2026-01-15 13:52:00,686 - src.pricing.monte_carlo - INFO - Option price: 2.0189 ± 0.0585
2026-01-15 13:52:00,687 - src.pricing.monte_carlo - INFO - 95% CI: [1.9042, 2.1336]
2026-01-15 13:52:00,689 - src.pricing.monte_carlo - INFO - Pricing Up-And-Out Call Barrier Option using Monte Carlo...
2026-01-15 13:52:12,820 - src.pricing.monte_carlo - INFO - Option price: 1.9758 ± 0.0578
2026-01-15 13:52:12,821 - src.pricing.monte_carlo - INFO - 95% CI: [1.8626, 2.0891]
2026-01-15 13:52:12,823 - src.pricing.monte_carlo - INFO - Pricing Up-And-Out Call Barrier Option using Monte Carlo...
2026-01-15 13:52:24,981 - src.pricing.monte_carlo - INFO - Option price: 2.0889 ± 0.0592
2026-01-15 13:52:24,982 - src.pricing.monte_carlo - INFO - 95% CI: [1.9729, 2.2049]
2026-01-15 13:52:24,983 - src.pricing.monte_carlo - INFO - Pricing Up-And-Out Call Barrier Option using Monte Carlo...
2026-01-15 13:52:37,155 - src.pricing.monte_carlo - INFO - Option price: 2.0383 ± 0.0589
2026-01-15 13:52:37,155 - src.pricing.monte_carlo - INFO - 95% CI: [1.9230, 2.1537]
2026-01-15 13:52:37,157 - src.pricing.monte_carlo - INFO - Pricing Up-And-Out Call Barrier Option using Monte Carlo...
2026-01-15 13:52:48,947 - src.pricing.monte_carlo - INFO - Option price: 1.9909 ± 0.0569
2026-01-15 13:52:48,947 - src.pricing.monte_carlo - INFO - 95% CI: [1.8795, 2.1024]
2026-01-15 13:52:48,949 - src.pricing.monte_carlo - INFO - Pricing Up-And-Out Call Barrier Option using Monte Carlo...
2026-01-15 13:53:00,990 - src.pricing.monte_carlo - INFO - Option price: 2.1833 ± 0.0599
2026-01-15 13:53:00,991 - src.pricing.monte_carlo - INFO - 95% CI: [2.0660, 2.3006]
2026-01-15 13:53:00,992 - src.pricing.monte_carlo - INFO - Greeks computed: Delta=-0.0566, Gamma=0.0269, Vega=1.9446
2026-01-15 13:53:00,993 - src.pricing.monte_carlo - INFO - Initialized Monte Carlo engine with 5000 simulations
2026-01-15 13:53:00,993 - src.pricing.monte_carlo - INFO - Pricing Up-And-Out Call Barrier Option using Monte Carlo...
2026-01-15 13:53:13,035 - src.pricing.monte_carlo - INFO - Option price: 2.1049 ± 0.0591
2026-01-15 13:53:13,036 - src.pricing.monte_carlo - INFO - 95% CI: [1.9889, 2.2208]
2026-01-15 13:53:13,037 - src.pricing.monte_carlo - INFO - Pricing Up-And-Out Call Barrier Option using Monte Carlo...
2026-01-15 13:53:25,105 - src.pricing.monte_carlo - INFO - Option price: 2.0638 ± 0.0584
2026-01-15 13:53:25,106 - src.pricing.monte_carlo - INFO - 95% CI: [1.9494, 2.1782]
2026-01-15 13:53:25,107 - src.pricing.monte_carlo - INFO - Pricing Up-And-Out Call Barrier Option using Monte Carlo...
2026-01-15 13:53:37,168 - src.pricing.monte_carlo - INFO - Option price: 2.0608 ± 0.0585
2026-01-15 13:53:37,169 - src.pricing.monte_carlo - INFO - 95% CI: [1.9461, 2.1756]
2026-01-15 13:53:37,170 - src.pricing.monte_carlo - INFO - Pricing Up-And-Out Call Barrier Option using Monte Carlo...
2026-01-15 13:53:49,184 - src.pricing.monte_carlo - INFO - Option price: 2.0224 ± 0.0573
2026-01-15 13:53:49,184 - src.pricing.monte_carlo - INFO - 95% CI: [1.9101, 2.1346]
2026-01-15 13:53:49,185 - src.pricing.monte_carlo - INFO - Pricing Up-And-Out Call Barrier Option using Monte Carlo...
2026-01-15 13:54:01,141 - src.pricing.monte_carlo - INFO - Option price: 2.0327 ± 0.0573
2026-01-15 13:54:01,141 - src.pricing.monte_carlo - INFO - 95% CI: [1.9203, 2.1451]
2026-01-15 13:54:01,143 - src.pricing.monte_carlo - INFO - Pricing Up-And-Out Call Barrier Option using Monte Carlo...
2026-01-15 13:54:13,165 - src.pricing.monte_carlo - INFO - Option price: 2.0177 ± 0.0578
2026-01-15 13:54:13,165 - src.pricing.monte_carlo - INFO - 95% CI: [1.9043, 2.1310]
2026-01-15 13:54:13,167 - src.pricing.monte_carlo - INFO - Greeks computed: Delta=0.0015, Gamma=-0.0850, Vega=-8.2469
2026-01-15 13:54:13,167 - src.pricing.monte_carlo - INFO - Initialized Monte Carlo engine with 5000 simulations
2026-01-15 13:54:13,167 - src.pricing.monte_carlo - INFO - Pricing Up-And-Out Call Barrier Option using Monte Carlo...
2026-01-15 13:54:25,243 - src.pricing.monte_carlo - INFO - Option price: 2.1556 ± 0.0598
2026-01-15 13:54:25,243 - src.pricing.monte_carlo - INFO - 95% CI: [2.0384, 2.2727]
2026-01-15 13:54:25,244 - src.pricing.monte_carlo - INFO - Pricing Up-And-Out Call Barrier Option using Monte Carlo...
2026-01-15 13:54:37,171 - src.pricing.monte_carlo - INFO - Option price: 1.9846 ± 0.0571
2026-01-15 13:54:37,171 - src.pricing.monte_carlo - INFO - 95% CI: [1.8727, 2.0965]
2026-01-15 13:54:37,173 - src.pricing.monte_carlo - INFO - Pricing Up-And-Out Call Barrier Option using Monte Carlo...
2026-01-15 13:54:49,067 - src.pricing.monte_carlo - INFO - Option price: 2.1159 ± 0.0589
2026-01-15 13:54:49,067 - src.pricing.monte_carlo - INFO - 95% CI: [2.0004, 2.2313]
2026-01-15 13:54:49,068 - src.pricing.monte_carlo - INFO - Pricing Up-And-Out Call Barrier Option using Monte Carlo...
2026-01-15 13:55:00,930 - src.pricing.monte_carlo - INFO - Option price: 2.1081 ± 0.0595
2026-01-15 13:55:00,930 - src.pricing.monte_carlo - INFO - 95% CI: [1.9914, 2.2248]
2026-01-15 13:55:00,931 - src.pricing.monte_carlo - INFO - Pricing Up-And-Out Call Barrier Option using Monte Carlo...
2026-01-15 13:55:13,013 - src.pricing.monte_carlo - INFO - Option price: 2.0350 ± 0.0586
2026-01-15 13:55:13,013 - src.pricing.monte_carlo - INFO - 95% CI: [1.9201, 2.1499]
2026-01-15 13:55:13,016 - src.pricing.monte_carlo - INFO - Pricing Up-And-Out Call Barrier Option using Monte Carlo...
2026-01-15 13:55:25,404 - src.pricing.monte_carlo - INFO - Option price: 2.0734 ± 0.0587
2026-01-15 13:55:25,405 - src.pricing.monte_carlo - INFO - 95% CI: [1.9584, 2.1884]
2026-01-15 13:55:25,406 - src.pricing.monte_carlo - INFO - Greeks computed: Delta=-0.0656, Gamma=-0.2106, Vega=-4.7496
2026-01-15 13:55:25,407 - src.pricing.monte_carlo - INFO - Initialized Monte Carlo engine with 5000 simulations
2026-01-15 13:55:25,407 - src.pricing.monte_carlo - INFO - Pricing Up-And-Out Call Barrier Option using Monte Carlo...
2026-01-15 13:55:38,333 - src.pricing.monte_carlo - INFO - Option price: 2.1109 ± 0.0593
2026-01-15 13:55:38,333 - src.pricing.monte_carlo - INFO - 95% CI: [1.9947, 2.2271]
2026-01-15 13:55:38,334 - src.pricing.monte_carlo - INFO - Pricing Up-And-Out Call Barrier Option using Monte Carlo...
2026-01-15 13:55:50,232 - src.pricing.monte_carlo - INFO - Option price: 2.0224 ± 0.0580
2026-01-15 13:55:50,233 - src.pricing.monte_carlo - INFO - 95% CI: [1.9087, 2.1360]
2026-01-15 13:55:50,234 - src.pricing.monte_carlo - INFO - Pricing Up-And-Out Call Barrier Option using Monte Carlo...
2026-01-15 13:56:02,320 - src.pricing.monte_carlo - INFO - Option price: 2.0731 ± 0.0582
2026-01-15 13:56:02,320 - src.pricing.monte_carlo - INFO - 95% CI: [1.9590, 2.1872]
2026-01-15 13:56:02,322 - src.pricing.monte_carlo - INFO - Pricing Up-And-Out Call Barrier Option using Monte Carlo...
2026-01-15 13:56:14,181 - src.pricing.monte_carlo - INFO - Option price: 2.1076 ± 0.0594
2026-01-15 13:56:14,181 - src.pricing.monte_carlo - INFO - 95% CI: [1.9912, 2.2240]
2026-01-15 13:56:14,183 - src.pricing.monte_carlo - INFO - Pricing Up-And-Out Call Barrier Option using Monte Carlo...
2026-01-15 13:56:26,122 - src.pricing.monte_carlo - INFO - Option price: 2.1765 ± 0.0597
2026-01-15 13:56:26,123 - src.pricing.monte_carlo - INFO - 95% CI: [2.0596, 2.2934]
2026-01-15 13:56:26,125 - src.pricing.monte_carlo - INFO - Pricing Up-And-Out Call Barrier Option using Monte Carlo...
2026-01-15 13:56:38,090 - src.pricing.monte_carlo - INFO - Option price: 2.0934 ± 0.0579
2026-01-15 13:56:38,090 - src.pricing.monte_carlo - INFO - 95% CI: [1.9798, 2.2070]
2026-01-15 13:56:38,092 - src.pricing.monte_carlo - INFO - Greeks computed: Delta=-0.0254, Gamma=-0.1263, Vega=-0.3259
2026-01-15 13:56:38,094 - src.pricing.monte_carlo - INFO - Initialized Monte Carlo engine with 5000 simulations
2026-01-15 13:56:38,094 - src.pricing.monte_carlo - INFO - Pricing Up-And-Out Call Barrier Option using Monte Carlo...
2026-01-15 13:56:50,126 - src.pricing.monte_carlo - INFO - Option price: 2.0044 ± 0.0582
2026-01-15 13:56:50,126 - src.pricing.monte_carlo - INFO - 95% CI: [1.8904, 2.1185]
2026-01-15 13:56:50,128 - src.pricing.monte_carlo - INFO - Pricing Up-And-Out Call Barrier Option using Monte Carlo...
2026-01-15 13:57:02,050 - src.pricing.monte_carlo - INFO - Option price: 1.9889 ± 0.0576
2026-01-15 13:57:02,051 - src.pricing.monte_carlo - INFO - 95% CI: [1.8761, 2.1017]
2026-01-15 13:57:02,052 - src.pricing.monte_carlo - INFO - Pricing Up-And-Out Call Barrier Option using Monte Carlo...
2026-01-15 13:57:14,002 - src.pricing.monte_carlo - INFO - Option price: 1.9979 ± 0.0570
2026-01-15 13:57:14,003 - src.pricing.monte_carlo - INFO - 95% CI: [1.8862, 2.1097]
2026-01-15 13:57:14,005 - src.pricing.monte_carlo - INFO - Pricing Up-And-Out Call Barrier Option using Monte Carlo...
2026-01-15 13:57:25,999 - src.pricing.monte_carlo - INFO - Option price: 1.9647 ± 0.0562
2026-01-15 13:57:26,000 - src.pricing.monte_carlo - INFO - 95% CI: [1.8545, 2.0748]
2026-01-15 13:57:26,002 - src.pricing.monte_carlo - INFO - Pricing Up-And-Out Call Barrier Option using Monte Carlo...
2026-01-15 13:57:37,804 - src.pricing.monte_carlo - INFO - Option price: 2.0185 ± 0.0578
2026-01-15 13:57:37,804 - src.pricing.monte_carlo - INFO - 95% CI: [1.9052, 2.1317]
2026-01-15 13:57:37,805 - src.pricing.monte_carlo - INFO - Pricing Up-And-Out Call Barrier Option using Monte Carlo...
2026-01-15 13:57:49,641 - src.pricing.monte_carlo - INFO - Option price: 2.0254 ± 0.0576
2026-01-15 13:57:49,642 - src.pricing.monte_carlo - INFO - 95% CI: [1.9125, 2.1384]
2026-01-15 13:57:49,643 - src.pricing.monte_carlo - INFO - Greeks computed: Delta=-0.0045, Gamma=-0.0220, Vega=-3.9766
2026-01-15 13:57:49,644 - src.pricing.monte_carlo - INFO - Initialized Monte Carlo engine with 5000 simulations
2026-01-15 13:57:49,644 - src.pricing.monte_carlo - INFO - Pricing Up-And-Out Call Barrier Option using Monte Carlo...
2026-01-15 13:58:01,497 - src.pricing.monte_carlo - INFO - Option price: 1.9954 ± 0.0580
2026-01-15 13:58:01,498 - src.pricing.monte_carlo - INFO - 95% CI: [1.8817, 2.1090]
2026-01-15 13:58:01,499 - src.pricing.monte_carlo - INFO - Pricing Up-And-Out Call Barrier Option using Monte Carlo...
2026-01-15 13:58:13,546 - src.pricing.monte_carlo - INFO - Option price: 2.0935 ± 0.0588
2026-01-15 13:58:13,547 - src.pricing.monte_carlo - INFO - 95% CI: [1.9783, 2.2087]
2026-01-15 13:58:13,548 - src.pricing.monte_carlo - INFO - Pricing Up-And-Out Call Barrier Option using Monte Carlo...
2026-01-15 13:58:25,546 - src.pricing.monte_carlo - INFO - Option price: 2.0620 ± 0.0582
2026-01-15 13:58:25,547 - src.pricing.monte_carlo - INFO - 95% CI: [1.9480, 2.1761]
2026-01-15 13:58:25,548 - src.pricing.monte_carlo - INFO - Pricing Up-And-Out Call Barrier Option using Monte Carlo...
2026-01-15 13:58:37,554 - src.pricing.monte_carlo - INFO - Option price: 2.0400 ± 0.0580
2026-01-15 13:58:37,555 - src.pricing.monte_carlo - INFO - 95% CI: [1.9263, 2.1538]
2026-01-15 13:58:37,556 - src.pricing.monte_carlo - INFO - Pricing Up-And-Out Call Barrier Option using Monte Carlo...
2026-01-15 13:58:49,331 - src.pricing.monte_carlo - INFO - Option price: 1.9795 ± 0.0571
2026-01-15 13:58:49,331 - src.pricing.monte_carlo - INFO - 95% CI: [1.8676, 2.0915]
2026-01-15 13:58:49,333 - src.pricing.monte_carlo - INFO - Pricing Up-And-Out Call Barrier Option using Monte Carlo...
2026-01-15 13:59:01,135 - src.pricing.monte_carlo - INFO - Option price: 2.0969 ± 0.0587
2026-01-15 13:59:01,135 - src.pricing.monte_carlo - INFO - 95% CI: [1.9818, 2.2119]
2026-01-15 13:59:01,138 - src.pricing.monte_carlo - INFO - Greeks computed: Delta=0.0157, Gamma=0.1648, Vega=4.4666
2026-01-15 13:59:01,139 - src.pricing.monte_carlo - INFO - Initialized Monte Carlo engine with 5000 simulations
2026-01-15 13:59:01,139 - src.pricing.monte_carlo - INFO - Pricing Up-And-Out Call Barrier Option using Monte Carlo...
2026-01-15 13:59:13,021 - src.pricing.monte_carlo - INFO - Option price: 2.0462 ± 0.0577
2026-01-15 13:59:13,022 - src.pricing.monte_carlo - INFO - 95% CI: [1.9330, 2.1593]
2026-01-15 13:59:13,023 - src.pricing.monte_carlo - INFO - Pricing Up-And-Out Call Barrier Option using Monte Carlo...
2026-01-15 13:59:24,895 - src.pricing.monte_carlo - INFO - Option price: 2.0227 ± 0.0579
2026-01-15 13:59:24,895 - src.pricing.monte_carlo - INFO - 95% CI: [1.9093, 2.1361]
2026-01-15 13:59:24,896 - src.pricing.monte_carlo - INFO - Pricing Up-And-Out Call Barrier Option using Monte Carlo...
2026-01-15 13:59:36,746 - src.pricing.monte_carlo - INFO - Option price: 2.0589 ± 0.0584
2026-01-15 13:59:36,747 - src.pricing.monte_carlo - INFO - 95% CI: [1.9445, 2.1733]
2026-01-15 13:59:36,748 - src.pricing.monte_carlo - INFO - Pricing Up-And-Out Call Barrier Option using Monte Carlo...
2026-01-15 13:59:48,578 - src.pricing.monte_carlo - INFO - Option price: 2.0156 ± 0.0580
2026-01-15 13:59:48,579 - src.pricing.monte_carlo - INFO - 95% CI: [1.9020, 2.1293]
2026-01-15 13:59:48,580 - src.pricing.monte_carlo - INFO - Pricing Up-And-Out Call Barrier Option using Monte Carlo...
2026-01-15 14:00:00,228 - src.pricing.monte_carlo - INFO - Option price: 2.0598 ± 0.0579
2026-01-15 14:00:00,228 - src.pricing.monte_carlo - INFO - 95% CI: [1.9463, 2.1734]
2026-01-15 14:00:00,229 - src.pricing.monte_carlo - INFO - Pricing Up-And-Out Call Barrier Option using Monte Carlo...
2026-01-15 14:00:11,863 - src.pricing.monte_carlo - INFO - Option price: 2.0171 ± 0.0580
2026-01-15 14:00:11,863 - src.pricing.monte_carlo - INFO - 95% CI: [1.9035, 2.1307]
2026-01-15 14:00:11,865 - src.pricing.monte_carlo - INFO - Greeks computed: Delta=-0.0181, Gamma=-0.0107, Vega=-3.0511
2026-01-15 14:00:11,865 - src.pricing.monte_carlo - INFO - Initialized Monte Carlo engine with 5000 simulations
2026-01-15 14:00:11,866 - src.pricing.monte_carlo - INFO - Pricing Up-And-Out Call Barrier Option using Monte Carlo...
2026-01-15 14:00:23,868 - src.pricing.monte_carlo - INFO - Option price: 2.0528 ± 0.0586
2026-01-15 14:00:23,869 - src.pricing.monte_carlo - INFO - 95% CI: [1.9379, 2.1678]
2026-01-15 14:00:23,871 - src.pricing.monte_carlo - INFO - Pricing Up-And-Out Call Barrier Option using Monte Carlo...
2026-01-15 14:00:35,911 - src.pricing.monte_carlo - INFO - Option price: 1.9803 ± 0.0576
2026-01-15 14:00:35,911 - src.pricing.monte_carlo - INFO - 95% CI: [1.8674, 2.0933]
2026-01-15 14:00:35,913 - src.pricing.monte_carlo - INFO - Pricing Up-And-Out Call Barrier Option using Monte Carlo...
2026-01-15 14:00:47,896 - src.pricing.monte_carlo - INFO - Option price: 2.0080 ± 0.0578
2026-01-15 14:00:47,897 - src.pricing.monte_carlo - INFO - 95% CI: [1.8946, 2.1213]
2026-01-15 14:00:47,899 - src.pricing.monte_carlo - INFO - Pricing Up-And-Out Call Barrier Option using Monte Carlo...
2026-01-15 14:01:00,101 - src.pricing.monte_carlo - INFO - Option price: 2.0454 ± 0.0590
2026-01-15 14:01:00,101 - src.pricing.monte_carlo - INFO - 95% CI: [1.9299, 2.1610]
2026-01-15 14:01:00,103 - src.pricing.monte_carlo - INFO - Pricing Up-And-Out Call Barrier Option using Monte Carlo...
2026-01-15 14:01:12,312 - src.pricing.monte_carlo - INFO - Option price: 2.0653 ± 0.0581
2026-01-15 14:01:12,312 - src.pricing.monte_carlo - INFO - 95% CI: [1.9513, 2.1792]
2026-01-15 14:01:12,313 - src.pricing.monte_carlo - INFO - Pricing Up-And-Out Call Barrier Option using Monte Carlo...
2026-01-15 14:01:24,627 - src.pricing.monte_carlo - INFO - Option price: 2.1520 ± 0.0592
2026-01-15 14:01:24,627 - src.pricing.monte_carlo - INFO - 95% CI: [2.0360, 2.2679]
2026-01-15 14:01:24,629 - src.pricing.monte_carlo - INFO - Greeks computed: Delta=-0.0138, Gamma=-0.1174, Vega=-0.7408
2026-01-15 14:01:24,631 - src.analytics.visualization - INFO - Initialized visualizer with output dir: results\comprehensive_analysis
2026-01-15 14:01:26,654 - src.analytics.visualization - INFO - Saved plot to asset_price_paths.png
2026-01-15 16:12:30,099 - src.utils.data_utils - INFO - Logging initialized
2026-01-15 16:12:30,100 - src.utils.data_utils - INFO - Created output directory: results\comprehensive_analysis
2026-01-15 16:12:30,112 - src.utils.data_utils - INFO - Loaded configuration from C:\Users\ayushi.priya\Downloads\project2\project2\config\model_config.yaml
2026-01-15 16:12:30,113 - src.models.regime_switching - INFO - Initialized Markov chain with 3 regimes
2026-01-15 16:12:30,114 - src.models.regime_switching - INFO - Initialized regime-switching model with 3 regimes
2026-01-15 16:12:30,115 - src.models.asset_dynamics - INFO - Initialized asset simulator with S0=100.0, r=0.03
2026-01-15 16:12:30,115 - src.analytics.validation - INFO - Testing martingale property with 10000 paths...
2026-01-15 16:12:30,116 - src.models.asset_dynamics - INFO - Validating martingale property...
2026-01-15 16:13:31,849 - src.models.asset_dynamics - INFO - Martingale test: E^Q[S_T e^(-rT)] = 99.2669, S_0 = 100.0000
2026-01-15 16:13:31,850 - src.models.asset_dynamics - INFO - Relative error: -0.73%
2026-01-15 16:13:31,924 - src.analytics.validation - INFO - Testing regime stationarity...
2026-01-23 23:16:13,682 - src.utils.data_utils - INFO - Logging initialized
2026-01-23 23:16:13,683 - src.utils.data_utils - INFO - Created output directory: results\comprehensive_analysis
2026-01-23 23:16:13,694 - src.utils.data_utils - INFO - Loaded configuration from C:\Users\ayushi.priya\Downloads\project2\project2\config\model_config.yaml
2026-01-23 23:16:13,696 - src.models.regime_switching - INFO - Initialized Markov chain with 3 regimes
2026-01-23 23:16:13,696 - src.models.regime_switching - INFO - Initialized regime-switching model with 3 regimes
2026-01-23 23:16:13,707 - src.models.asset_dynamics - INFO - Initialized asset simulator with S0=100.0, r=0.03
2026-01-23 23:16:13,707 - src.analytics.validation - INFO - Testing martingale property with 10000 paths...
2026-01-23 23:16:13,708 - src.models.asset_dynamics - INFO - Validating martingale property...
2026-01-23 23:17:14,769 - src.models.asset_dynamics - INFO - Martingale test: E^Q[S_T e^(-rT)] = 98.9840, S_0 = 100.0000
2026-01-23 23:17:14,770 - src.models.asset_dynamics - INFO - Relative error: -1.02%
2026-01-23 23:17:14,819 - src.analytics.validation - INFO - Testing regime stationarity...
2026-01-23 23:17:46,800 - src.pricing.monte_carlo - INFO - Initialized Monte Carlo engine with 20000 simulations
2026-01-23 23:17:46,800 - src.pricing.monte_carlo - INFO - Pricing Up-And-Out Call Barrier Option using Monte Carlo...
2026-01-23 23:19:11,042 - src.pricing.monte_carlo - INFO - Option price: 2.1132 ± 0.0297
2026-01-23 23:19:11,043 - src.pricing.monte_carlo - INFO - 95% CI: [2.0551, 2.1714]
2026-01-23 23:19:11,051 - src.pricing.monte_carlo - INFO - Pricing European Call using Monte Carlo...
2026-01-23 23:20:33,536 - src.pricing.monte_carlo - INFO - Option price: 7.3540 ± 0.0748
2026-01-23 23:20:33,537 - src.pricing.monte_carlo - INFO - 95% CI: [7.2074, 7.5006]
2026-01-23 23:20:33,546 - src.pricing.monte_carlo - INFO - Pricing Arithmetic Asian Call using Monte Carlo...
2026-01-23 23:21:55,957 - src.pricing.monte_carlo - INFO - Option price: 4.0314 ± 0.0406
2026-01-23 23:21:55,957 - src.pricing.monte_carlo - INFO - 95% CI: [3.9518, 4.1109]
2026-01-23 23:21:55,974 - src.pricing.monte_carlo - INFO - Pricing European Call using Monte Carlo...
2026-01-23 23:23:20,985 - src.pricing.monte_carlo - INFO - Option price: 7.3540 ± 0.0748
2026-01-23 23:23:20,986 - src.pricing.monte_carlo - INFO - 95% CI: [7.2074, 7.5006]
2026-01-23 23:23:20,996 - src.pricing.monte_carlo - INFO - Running convergence analysis...
2026-01-23 23:23:20,998 - src.pricing.monte_carlo - INFO - Pricing Up-And-Out Call Barrier Option using Monte Carlo...
2026-01-23 23:23:25,162 - src.pricing.monte_carlo - INFO - Option price: 2.1447 ± 0.1312
2026-01-23 23:23:25,163 - src.pricing.monte_carlo - INFO - 95% CI: [1.8875, 2.4018]
2026-01-23 23:23:25,164 - src.pricing.monte_carlo - INFO - Pricing Up-And-Out Call Barrier Option using Monte Carlo...
2026-01-23 23:23:46,152 - src.pricing.monte_carlo - INFO - Option price: 2.0354 ± 0.0586
2026-01-23 23:23:46,153 - src.pricing.monte_carlo - INFO - 95% CI: [1.9206, 2.1502]
2026-01-23 23:23:46,156 - src.pricing.monte_carlo - INFO - Pricing Up-And-Out Call Barrier Option using Monte Carlo...
2026-01-23 23:24:29,343 - src.pricing.monte_carlo - INFO - Option price: 2.1054 ± 0.0420
2026-01-23 23:24:29,344 - src.pricing.monte_carlo - INFO - 95% CI: [2.0230, 2.1878]
2026-01-23 23:24:29,349 - src.pricing.monte_carlo - INFO - Pricing Up-And-Out Call Barrier Option using Monte Carlo...
2026-01-23 23:28:13,256 - src.pricing.monte_carlo - INFO - Option price: 2.0657 ± 0.0184
2026-01-23 23:28:13,257 - src.pricing.monte_carlo - INFO - 95% CI: [2.0296, 2.1018]
2026-01-23 23:28:13,298 - src.pricing.monte_carlo - INFO - Pricing Up-And-Out Call Barrier Option using Monte Carlo...
2026-01-23 23:30:17,246 - src.pricing.monte_carlo - INFO - Option price: 2.1132 ± 0.0297
2026-01-23 23:30:17,246 - src.pricing.monte_carlo - INFO - 95% CI: [2.0551, 2.1714]
2026-01-23 23:30:17,253 - src.pricing.monte_carlo - INFO - Pricing Up-And-Out Call Barrier Option using Monte Carlo...
2026-01-23 23:31:46,330 - src.pricing.monte_carlo - INFO - Option price: 2.1348 ± 0.0300
2026-01-23 23:31:46,330 - src.pricing.monte_carlo - INFO - 95% CI: [2.0761, 2.1936]
2026-01-23 23:31:46,339 - src.pricing.monte_carlo - INFO - Pricing Up-And-Out Call Barrier Option using Monte Carlo...
2026-01-23 23:33:59,191 - src.pricing.monte_carlo - INFO - Option price: 2.0780 ± 0.0293
2026-01-23 23:33:59,192 - src.pricing.monte_carlo - INFO - 95% CI: [2.0205, 2.1355]
2026-01-23 23:33:59,203 - src.pricing.monte_carlo - INFO - Pricing Up-And-Out Call Barrier Option using Monte Carlo...
2026-01-23 23:36:12,851 - src.pricing.monte_carlo - INFO - Option price: 2.0857 ± 0.0295
2026-01-23 23:36:12,852 - src.pricing.monte_carlo - INFO - 95% CI: [2.0278, 2.1436]
2026-01-23 23:36:12,883 - src.pricing.monte_carlo - INFO - Pricing Up-And-Out Call Barrier Option using Monte Carlo...
2026-01-23 23:39:52,304 - src.pricing.monte_carlo - INFO - Option price: 2.0878 ± 0.0294
2026-01-23 23:39:52,305 - src.pricing.monte_carlo - INFO - 95% CI: [2.0301, 2.1455]
2026-01-23 23:39:52,318 - src.pricing.monte_carlo - INFO - Pricing Up-And-Out Call Barrier Option using Monte Carlo...
2026-01-23 23:43:18,309 - src.pricing.monte_carlo - INFO - Option price: 2.1615 ± 0.0300
2026-01-23 23:43:18,310 - src.pricing.monte_carlo - INFO - 95% CI: [2.1027, 2.2203]
2026-01-23 23:43:18,338 - src.pricing.monte_carlo - INFO - Greeks computed: Delta=0.0284, Gamma=-0.0136, Vega=-2.7548
2026-01-23 23:43:18,341 - src.hedging.optimization - INFO - Initialized mean-variance hedger with lambda=0.5
2026-01-23 23:43:18,342 - src.hedging.portfolio - INFO - Created hedging portfolio for Up-And-Out Call Barrier Option
2026-01-23 23:43:18,343 - src.hedging.portfolio - INFO - Added Stock to portfolio
2026-01-23 23:43:18,344 - src.hedging.portfolio - INFO - Added Call K=100 to portfolio
2026-01-23 23:43:18,346 - src.hedging.optimization - INFO - Executing dynamic hedge with 20 rebalances...
2026-01-23 23:43:18,350 - src.pricing.monte_carlo - INFO - Initialized Monte Carlo engine with 500 simulations
2026-01-23 23:43:18,351 - src.pricing.monte_carlo - INFO - Pricing Up-And-Out Call Barrier Option using Monte Carlo...
2026-01-23 23:43:24,058 - src.pricing.monte_carlo - INFO - Option price: 1.8192 ± 0.1736
2026-01-23 23:43:24,059 - src.pricing.monte_carlo - INFO - 95% CI: [1.4790, 2.1594]
2026-01-23 23:43:24,060 - src.pricing.monte_carlo - INFO - Pricing Up-And-Out Call Barrier Option using Monte Carlo...
2026-01-23 23:43:29,651 - src.pricing.monte_carlo - INFO - Option price: 2.2141 ± 0.1985
2026-01-23 23:43:29,652 - src.pricing.monte_carlo - INFO - 95% CI: [1.8250, 2.6032]
2026-01-23 23:43:29,654 - src.pricing.monte_carlo - INFO - Pricing Up-And-Out Call Barrier Option using Monte Carlo...
2026-01-23 23:43:35,570 - src.pricing.monte_carlo - INFO - Option price: 2.1052 ± 0.1898
2026-01-23 23:43:35,571 - src.pricing.monte_carlo - INFO - 95% CI: [1.7332, 2.4773]
2026-01-23 23:43:35,573 - src.pricing.monte_carlo - INFO - Pricing Up-And-Out Call Barrier Option using Monte Carlo...
2026-01-23 23:43:40,585 - src.pricing.monte_carlo - INFO - Option price: 2.1719 ± 0.1887
2026-01-23 23:43:40,586 - src.pricing.monte_carlo - INFO - 95% CI: [1.8020, 2.5418]
2026-01-23 23:43:40,587 - src.pricing.monte_carlo - INFO - Pricing Up-And-Out Call Barrier Option using Monte Carlo...
2026-01-23 23:43:44,893 - src.pricing.monte_carlo - INFO - Option price: 2.0854 ± 0.1810
2026-01-23 23:43:44,894 - src.pricing.monte_carlo - INFO - 95% CI: [1.7306, 2.4402]
2026-01-23 23:43:44,894 - src.pricing.monte_carlo - INFO - Pricing Up-And-Out Call Barrier Option using Monte Carlo...
2026-01-23 23:43:47,192 - src.pricing.monte_carlo - INFO - Option price: 1.8631 ± 0.1760
2026-01-23 23:43:47,193 - src.pricing.monte_carlo - INFO - 95% CI: [1.5181, 2.2081]
2026-01-23 23:43:47,194 - src.pricing.monte_carlo - INFO - Greeks computed: Delta=0.0544, Gamma=0.6810, Vega=35.2709
2026-01-23 23:43:47,195 - src.pricing.monte_carlo - INFO - Initialized Monte Carlo engine with 500 simulations
2026-01-23 23:43:47,196 - src.pricing.monte_carlo - INFO - Pricing Up-And-Out Call Barrier Option using Monte Carlo...
2026-01-23 23:43:49,431 - src.pricing.monte_carlo - INFO - Option price: 1.9994 ± 0.1808
2026-01-23 23:43:49,432 - src.pricing.monte_carlo - INFO - 95% CI: [1.6450, 2.3537]
2026-01-23 23:43:49,433 - src.pricing.monte_carlo - INFO - Pricing Up-And-Out Call Barrier Option using Monte Carlo...
2026-01-23 23:43:51,689 - src.pricing.monte_carlo - INFO - Option price: 1.8511 ± 0.1786
2026-01-23 23:43:51,689 - src.pricing.monte_carlo - INFO - 95% CI: [1.5011, 2.2011]
2026-01-23 23:43:51,690 - src.pricing.monte_carlo - INFO - Pricing Up-And-Out Call Barrier Option using Monte Carlo...
2026-01-23 23:43:53,966 - src.pricing.monte_carlo - INFO - Option price: 2.0722 ± 0.1890
2026-01-23 23:43:53,966 - src.pricing.monte_carlo - INFO - 95% CI: [1.7018, 2.4427]
2026-01-23 23:43:53,967 - src.pricing.monte_carlo - INFO - Pricing Up-And-Out Call Barrier Option using Monte Carlo...
2026-01-23 23:43:56,167 - src.pricing.monte_carlo - INFO - Option price: 1.9037 ± 0.1742
2026-01-23 23:43:56,168 - src.pricing.monte_carlo - INFO - 95% CI: [1.5623, 2.2451]
2026-01-23 23:43:56,168 - src.pricing.monte_carlo - INFO - Pricing Up-And-Out Call Barrier Option using Monte Carlo...
2026-01-23 23:43:58,339 - src.pricing.monte_carlo - INFO - Option price: 2.1523 ± 0.1844
2026-01-23 23:43:58,340 - src.pricing.monte_carlo - INFO - 95% CI: [1.7908, 2.5137]
2026-01-23 23:43:58,342 - src.pricing.monte_carlo - INFO - Pricing Up-And-Out Call Barrier Option using Monte Carlo...
2026-01-23 23:44:00,513 - src.pricing.monte_carlo - INFO - Option price: 1.9902 ± 0.1876
2026-01-23 23:44:00,513 - src.pricing.monte_carlo - INFO - 95% CI: [1.6225, 2.3579]
2026-01-23 23:44:00,514 - src.pricing.monte_carlo - INFO - Greeks computed: Delta=-0.1106, Gamma=-0.0754, Vega=-9.5662
2026-01-23 23:44:00,516 - src.pricing.monte_carlo - INFO - Initialized Monte Carlo engine with 500 simulations
2026-01-23 23:44:00,516 - src.pricing.monte_carlo - INFO - Pricing Up-And-Out Call Barrier Option using Monte Carlo...
2026-01-23 23:44:02,778 - src.pricing.monte_carlo - INFO - Option price: 2.0789 ± 0.1824
2026-01-23 23:44:02,779 - src.pricing.monte_carlo - INFO - 95% CI: [1.7213, 2.4365]
2026-01-23 23:44:02,781 - src.pricing.monte_carlo - INFO - Pricing Up-And-Out Call Barrier Option using Monte Carlo...
2026-01-23 23:44:05,006 - src.pricing.monte_carlo - INFO - Option price: 2.3468 ± 0.1948
2026-01-23 23:44:05,007 - src.pricing.monte_carlo - INFO - 95% CI: [1.9650, 2.7287]
2026-01-23 23:44:05,008 - src.pricing.monte_carlo - INFO - Pricing Up-And-Out Call Barrier Option using Monte Carlo...
2026-01-23 23:44:07,173 - src.pricing.monte_carlo - INFO - Option price: 1.9490 ± 0.1812
2026-01-23 23:44:07,174 - src.pricing.monte_carlo - INFO - 95% CI: [1.5937, 2.3042]
2026-01-23 23:44:07,175 - src.pricing.monte_carlo - INFO - Pricing Up-And-Out Call Barrier Option using Monte Carlo...
2026-01-23 23:44:09,349 - src.pricing.monte_carlo - INFO - Option price: 1.8336 ± 0.1729
2026-01-23 23:44:09,349 - src.pricing.monte_carlo - INFO - 95% CI: [1.4948, 2.1725]
2026-01-23 23:44:09,350 - src.pricing.monte_carlo - INFO - Pricing Up-And-Out Call Barrier Option using Monte Carlo...
2026-01-23 23:44:11,523 - src.pricing.monte_carlo - INFO - Option price: 2.1206 ± 0.1900
2026-01-23 23:44:11,523 - src.pricing.monte_carlo - INFO - 95% CI: [1.7482, 2.4930]
2026-01-23 23:44:11,524 - src.pricing.monte_carlo - INFO - Pricing Up-And-Out Call Barrier Option using Monte Carlo...
2026-01-23 23:44:13,755 - src.pricing.monte_carlo - INFO - Option price: 2.0897 ± 0.1868
2026-01-23 23:44:13,755 - src.pricing.monte_carlo - INFO - 95% CI: [1.7236, 2.4559]
2026-01-23 23:44:13,756 - src.pricing.monte_carlo - INFO - Greeks computed: Delta=0.1989, Gamma=0.1380, Vega=-24.5296
2026-01-23 23:44:13,757 - src.pricing.monte_carlo - INFO - Initialized Monte Carlo engine with 500 simulations
2026-01-23 23:44:13,757 - src.pricing.monte_carlo - INFO - Pricing Up-And-Out Call Barrier Option using Monte Carlo...
2026-01-23 23:44:16,001 - src.pricing.monte_carlo - INFO - Option price: 1.7837 ± 0.1785
2026-01-23 23:44:16,002 - src.pricing.monte_carlo - INFO - 95% CI: [1.4339, 2.1335]
2026-01-23 23:44:16,003 - src.pricing.monte_carlo - INFO - Pricing Up-And-Out Call Barrier Option using Monte Carlo...
2026-01-23 23:44:18,240 - src.pricing.monte_carlo - INFO - Option price: 1.8314 ± 0.1785
2026-01-23 23:44:18,240 - src.pricing.monte_carlo - INFO - 95% CI: [1.4815, 2.1813]
2026-01-23 23:44:18,241 - src.pricing.monte_carlo - INFO - Pricing Up-And-Out Call Barrier Option using Monte Carlo...
2026-01-23 23:44:20,426 - src.pricing.monte_carlo - INFO - Option price: 2.1574 ± 0.1940
2026-01-23 23:44:20,426 - src.pricing.monte_carlo - INFO - 95% CI: [1.7771, 2.5377]
2026-01-23 23:44:20,427 - src.pricing.monte_carlo - INFO - Pricing Up-And-Out Call Barrier Option using Monte Carlo...
2026-01-23 23:44:22,583 - src.pricing.monte_carlo - INFO - Option price: 1.8926 ± 0.1788
2026-01-23 23:44:22,583 - src.pricing.monte_carlo - INFO - 95% CI: [1.5422, 2.2431]
2026-01-23 23:44:22,584 - src.pricing.monte_carlo - INFO - Pricing Up-And-Out Call Barrier Option using Monte Carlo...
2026-01-23 23:44:24,831 - src.pricing.monte_carlo - INFO - Option price: 1.8381 ± 0.1747
2026-01-23 23:44:24,832 - src.pricing.monte_carlo - INFO - 95% CI: [1.4957, 2.1805]
2026-01-23 23:44:24,833 - src.pricing.monte_carlo - INFO - Pricing Up-And-Out Call Barrier Option using Monte Carlo...
2026-01-23 23:44:27,058 - src.pricing.monte_carlo - INFO - Option price: 1.9935 ± 0.1812
2026-01-23 23:44:27,059 - src.pricing.monte_carlo - INFO - 95% CI: [1.6383, 2.3487]
2026-01-23 23:44:27,059 - src.pricing.monte_carlo - INFO - Greeks computed: Delta=-0.1630, Gamma=0.4214, Vega=10.8937
2026-01-23 23:44:27,060 - src.pricing.monte_carlo - INFO - Initialized Monte Carlo engine with 500 simulations
2026-01-23 23:44:27,060 - src.pricing.monte_carlo - INFO - Pricing Up-And-Out Call Barrier Option using Monte Carlo...
2026-01-23 23:44:29,284 - src.pricing.monte_carlo - INFO - Option price: 2.0949 ± 0.1820
2026-01-23 23:44:29,285 - src.pricing.monte_carlo - INFO - 95% CI: [1.7383, 2.4516]
2026-01-23 23:44:29,286 - src.pricing.monte_carlo - INFO - Pricing Up-And-Out Call Barrier Option using Monte Carlo...
2026-01-23 23:44:31,461 - src.pricing.monte_carlo - INFO - Option price: 2.2147 ± 0.1807
2026-01-23 23:44:31,462 - src.pricing.monte_carlo - INFO - 95% CI: [1.8606, 2.5688]
2026-01-23 23:44:31,463 - src.pricing.monte_carlo - INFO - Pricing Up-And-Out Call Barrier Option using Monte Carlo...
2026-01-23 23:44:33,693 - src.pricing.monte_carlo - INFO - Option price: 2.1755 ± 0.1911
2026-01-23 23:44:33,695 - src.pricing.monte_carlo - INFO - 95% CI: [1.8009, 2.5500]
2026-01-23 23:44:33,696 - src.pricing.monte_carlo - INFO - Pricing Up-And-Out Call Barrier Option using Monte Carlo...
2026-01-23 23:44:35,916 - src.pricing.monte_carlo - INFO - Option price: 1.7963 ± 0.1740
2026-01-23 23:44:35,916 - src.pricing.monte_carlo - INFO - 95% CI: [1.4553, 2.1373]
2026-01-23 23:44:35,917 - src.pricing.monte_carlo - INFO - Pricing Up-And-Out Call Barrier Option using Monte Carlo...
2026-01-23 23:44:38,109 - src.pricing.monte_carlo - INFO - Option price: 1.9945 ± 0.1850
2026-01-23 23:44:38,111 - src.pricing.monte_carlo - INFO - 95% CI: [1.6319, 2.3571]
2026-01-23 23:44:38,112 - src.pricing.monte_carlo - INFO - Pricing Up-And-Out Call Barrier Option using Monte Carlo...
2026-01-23 23:44:40,320 - src.pricing.monte_carlo - INFO - Option price: 1.6523 ± 0.1668
2026-01-23 23:44:40,321 - src.pricing.monte_carlo - INFO - 95% CI: [1.3253, 1.9793]
2026-01-23 23:44:40,321 - src.pricing.monte_carlo - INFO - Greeks computed: Delta=0.0196, Gamma=0.2003, Vega=-29.8682
2026-01-23 23:44:40,322 - src.pricing.monte_carlo - INFO - Initialized Monte Carlo engine with 500 simulations
2026-01-23 23:44:40,323 - src.pricing.monte_carlo - INFO - Pricing Up-And-Out Call Barrier Option using Monte Carlo...
2026-01-23 23:44:42,526 - src.pricing.monte_carlo - INFO - Option price: 1.7919 ± 0.1793
2026-01-23 23:44:42,527 - src.pricing.monte_carlo - INFO - 95% CI: [1.4405, 2.1433]
2026-01-23 23:44:42,529 - src.pricing.monte_carlo - INFO - Pricing Up-And-Out Call Barrier Option using Monte Carlo...
2026-01-23 23:44:44,734 - src.pricing.monte_carlo - INFO - Option price: 2.3614 ± 0.2024
2026-01-23 23:44:44,735 - src.pricing.monte_carlo - INFO - 95% CI: [1.9647, 2.7581]
2026-01-23 23:44:44,736 - src.pricing.monte_carlo - INFO - Pricing Up-And-Out Call Barrier Option using Monte Carlo...
2026-01-23 23:44:46,897 - src.pricing.monte_carlo - INFO - Option price: 1.9224 ± 0.1800
2026-01-23 23:44:46,898 - src.pricing.monte_carlo - INFO - 95% CI: [1.5696, 2.2752]
2026-01-23 23:44:46,898 - src.pricing.monte_carlo - INFO - Pricing Up-And-Out Call Barrier Option using Monte Carlo...
2026-01-23 23:44:49,083 - src.pricing.monte_carlo - INFO - Option price: 2.1721 ± 0.1885
2026-01-23 23:44:49,084 - src.pricing.monte_carlo - INFO - 95% CI: [1.8026, 2.5416]
2026-01-23 23:44:49,085 - src.pricing.monte_carlo - INFO - Pricing Up-And-Out Call Barrier Option using Monte Carlo...
2026-01-23 23:44:51,270 - src.pricing.monte_carlo - INFO - Option price: 2.0856 ± 0.1885
2026-01-23 23:44:51,270 - src.pricing.monte_carlo - INFO - 95% CI: [1.7161, 2.4551]
2026-01-23 23:44:51,271 - src.pricing.monte_carlo - INFO - Pricing Up-And-Out Call Barrier Option using Monte Carlo...
2026-01-23 23:44:53,421 - src.pricing.monte_carlo - INFO - Option price: 2.0510 ± 0.1851
2026-01-23 23:44:53,421 - src.pricing.monte_carlo - INFO - 95% CI: [1.6882, 2.4139]
2026-01-23 23:44:53,422 - src.pricing.monte_carlo - INFO - Greeks computed: Delta=0.2195, Gamma=0.7000, Vega=38.0215
2026-01-23 23:44:53,423 - src.pricing.monte_carlo - INFO - Initialized Monte Carlo engine with 500 simulations
2026-01-23 23:44:53,423 - src.pricing.monte_carlo - INFO - Pricing Up-And-Out Call Barrier Option using Monte Carlo...
2026-01-23 23:44:55,599 - src.pricing.monte_carlo - INFO - Option price: 2.2318 ± 0.1949
2026-01-23 23:44:55,599 - src.pricing.monte_carlo - INFO - 95% CI: [1.8497, 2.6139]
2026-01-23 23:44:55,600 - src.pricing.monte_carlo - INFO - Pricing Up-And-Out Call Barrier Option using Monte Carlo...
2026-01-23 23:44:57,722 - src.pricing.monte_carlo - INFO - Option price: 2.4114 ± 0.2042
2026-01-23 23:44:57,722 - src.pricing.monte_carlo - INFO - 95% CI: [2.0113, 2.8116]
2026-01-23 23:44:57,723 - src.pricing.monte_carlo - INFO - Pricing Up-And-Out Call Barrier Option using Monte Carlo...
2026-01-23 23:44:59,769 - src.pricing.monte_carlo - INFO - Option price: 1.8554 ± 0.1708
2026-01-23 23:44:59,770 - src.pricing.monte_carlo - INFO - 95% CI: [1.5207, 2.1902]
2026-01-23 23:44:59,771 - src.pricing.monte_carlo - INFO - Pricing Up-And-Out Call Barrier Option using Monte Carlo...
2026-01-23 23:45:01,687 - src.pricing.monte_carlo - INFO - Option price: 2.1764 ± 0.1840
2026-01-23 23:45:01,688 - src.pricing.monte_carlo - INFO - 95% CI: [1.8157, 2.5371]
2026-01-23 23:45:01,689 - src.pricing.monte_carlo - INFO - Pricing Up-And-Out Call Barrier Option using Monte Carlo...
2026-01-23 23:45:03,632 - src.pricing.monte_carlo - INFO - Option price: 1.9584 ± 0.1872
2026-01-23 23:45:03,633 - src.pricing.monte_carlo - INFO - 95% CI: [1.5915, 2.3253]
2026-01-23 23:45:03,634 - src.pricing.monte_carlo - INFO - Pricing Up-And-Out Call Barrier Option using Monte Carlo...
2026-01-23 23:45:05,679 - src.pricing.monte_carlo - INFO - Option price: 2.2936 ± 0.1864
2026-01-23 23:45:05,680 - src.pricing.monte_carlo - INFO - 95% CI: [1.9283, 2.6589]
2026-01-23 23:45:05,681 - src.pricing.monte_carlo - INFO - Greeks computed: Delta=0.2780, Gamma=-0.1967, Vega=-5.5417
2026-01-23 23:45:05,682 - src.pricing.monte_carlo - INFO - Initialized Monte Carlo engine with 500 simulations
2026-01-23 23:45:05,683 - src.pricing.monte_carlo - INFO - Pricing Up-And-Out Call Barrier Option using Monte Carlo...
2026-01-23 23:45:07,784 - src.pricing.monte_carlo - INFO - Option price: 1.8384 ± 0.1756
2026-01-23 23:45:07,785 - src.pricing.monte_carlo - INFO - 95% CI: [1.4943, 2.1825]
2026-01-23 23:45:07,785 - src.pricing.monte_carlo - INFO - Pricing Up-And-Out Call Barrier Option using Monte Carlo...
2026-01-23 23:45:09,925 - src.pricing.monte_carlo - INFO - Option price: 1.9919 ± 0.1862
2026-01-23 23:45:09,927 - src.pricing.monte_carlo - INFO - 95% CI: [1.6269, 2.3570]
2026-01-23 23:45:09,928 - src.pricing.monte_carlo - INFO - Pricing Up-And-Out Call Barrier Option using Monte Carlo...
2026-01-23 23:45:11,898 - src.pricing.monte_carlo - INFO - Option price: 2.2614 ± 0.1913
2026-01-23 23:45:11,899 - src.pricing.monte_carlo - INFO - 95% CI: [1.8865, 2.6362]
2026-01-23 23:45:11,900 - src.pricing.monte_carlo - INFO - Pricing Up-And-Out Call Barrier Option using Monte Carlo...
2026-01-23 23:45:13,827 - src.pricing.monte_carlo - INFO - Option price: 1.9329 ± 0.1744
2026-01-23 23:45:13,828 - src.pricing.monte_carlo - INFO - 95% CI: [1.5911, 2.2747]
2026-01-23 23:45:13,829 - src.pricing.monte_carlo - INFO - Pricing Up-And-Out Call Barrier Option using Monte Carlo...
2026-01-23 23:45:16,134 - src.pricing.monte_carlo - INFO - Option price: 2.0851 ± 0.1874
2026-01-23 23:45:16,135 - src.pricing.monte_carlo - INFO - 95% CI: [1.7178, 2.4524]
2026-01-23 23:45:16,135 - src.pricing.monte_carlo - INFO - Pricing Up-And-Out Call Barrier Option using Monte Carlo...
2026-01-23 23:45:18,390 - src.pricing.monte_carlo - INFO - Option price: 2.2664 ± 0.1943
2026-01-23 23:45:18,391 - src.pricing.monte_carlo - INFO - 95% CI: [1.8856, 2.6471]
2026-01-23 23:45:18,393 - src.pricing.monte_carlo - INFO - Greeks computed: Delta=-0.1347, Gamma=0.5765, Vega=9.4479
2026-01-23 23:45:18,394 - src.pricing.monte_carlo - INFO - Initialized Monte Carlo engine with 500 simulations
2026-01-23 23:45:18,395 - src.pricing.monte_carlo - INFO - Pricing Up-And-Out Call Barrier Option using Monte Carlo...
2026-01-23 23:45:20,684 - src.pricing.monte_carlo - INFO - Option price: 2.0355 ± 0.1885
2026-01-23 23:45:20,685 - src.pricing.monte_carlo - INFO - 95% CI: [1.6660, 2.4051]
2026-01-23 23:45:20,686 - src.pricing.monte_carlo - INFO - Pricing Up-And-Out Call Barrier Option using Monte Carlo...
2026-01-23 23:45:22,958 - src.pricing.monte_carlo - INFO - Option price: 2.1095 ± 0.1908
2026-01-23 23:45:22,958 - src.pricing.monte_carlo - INFO - 95% CI: [1.7355, 2.4836]
2026-01-23 23:45:22,960 - src.pricing.monte_carlo - INFO - Pricing Up-And-Out Call Barrier Option using Monte Carlo...
2026-01-23 23:45:25,231 - src.pricing.monte_carlo - INFO - Option price: 2.0957 ± 0.1818
2026-01-23 23:45:25,232 - src.pricing.monte_carlo - INFO - 95% CI: [1.7393, 2.4521]
2026-01-23 23:45:25,233 - src.pricing.monte_carlo - INFO - Pricing Up-And-Out Call Barrier Option using Monte Carlo...
2026-01-23 23:45:27,500 - src.pricing.monte_carlo - INFO - Option price: 2.0127 ± 0.1839
2026-01-23 23:45:27,501 - src.pricing.monte_carlo - INFO - 95% CI: [1.6523, 2.3731]
2026-01-23 23:45:27,501 - src.pricing.monte_carlo - INFO - Pricing Up-And-Out Call Barrier Option using Monte Carlo...
2026-01-23 23:45:29,795 - src.pricing.monte_carlo - INFO - Option price: 1.8975 ± 0.1759
2026-01-23 23:45:29,796 - src.pricing.monte_carlo - INFO - 95% CI: [1.5528, 2.2423]
2026-01-23 23:45:29,797 - src.pricing.monte_carlo - INFO - Pricing Up-And-Out Call Barrier Option using Monte Carlo...
2026-01-23 23:45:32,048 - src.pricing.monte_carlo - INFO - Option price: 1.9223 ± 0.1810
2026-01-23 23:45:32,049 - src.pricing.monte_carlo - INFO - 95% CI: [1.5676, 2.2770]
2026-01-23 23:45:32,049 - src.pricing.monte_carlo - INFO - Greeks computed: Delta=0.0069, Gamma=0.1342, Vega=-2.2805
2026-01-23 23:45:32,051 - src.pricing.monte_carlo - INFO - Initialized Monte Carlo engine with 500 simulations
2026-01-23 23:45:32,051 - src.pricing.monte_carlo - INFO - Pricing Up-And-Out Call Barrier Option using Monte Carlo...
2026-01-23 23:45:34,339 - src.pricing.monte_carlo - INFO - Option price: 1.9907 ± 0.1908
2026-01-23 23:45:34,340 - src.pricing.monte_carlo - INFO - 95% CI: [1.6167, 2.3646]
2026-01-23 23:45:34,341 - src.pricing.monte_carlo - INFO - Pricing Up-And-Out Call Barrier Option using Monte Carlo...
2026-01-23 23:45:36,640 - src.pricing.monte_carlo - INFO - Option price: 2.1876 ± 0.1882
2026-01-23 23:45:36,641 - src.pricing.monte_carlo - INFO - 95% CI: [1.8187, 2.5565]
2026-01-23 23:45:36,643 - src.pricing.monte_carlo - INFO - Pricing Up-And-Out Call Barrier Option using Monte Carlo...
2026-01-23 23:45:38,906 - src.pricing.monte_carlo - INFO - Option price: 1.6062 ± 0.1615
2026-01-23 23:45:38,906 - src.pricing.monte_carlo - INFO - 95% CI: [1.2897, 1.9227]
2026-01-23 23:45:38,907 - src.pricing.monte_carlo - INFO - Pricing Up-And-Out Call Barrier Option using Monte Carlo...
2026-01-23 23:45:41,220 - src.pricing.monte_carlo - INFO - Option price: 2.1274 ± 0.1975
2026-01-23 23:45:41,221 - src.pricing.monte_carlo - INFO - 95% CI: [1.7402, 2.5145]
2026-01-23 23:45:41,222 - src.pricing.monte_carlo - INFO - Pricing Up-And-Out Call Barrier Option using Monte Carlo...
2026-01-23 23:45:43,513 - src.pricing.monte_carlo - INFO - Option price: 2.0415 ± 0.1900
2026-01-23 23:45:43,514 - src.pricing.monte_carlo - INFO - 95% CI: [1.6691, 2.4139]
2026-01-23 23:45:43,515 - src.pricing.monte_carlo - INFO - Pricing Up-And-Out Call Barrier Option using Monte Carlo...
2026-01-23 23:45:45,809 - src.pricing.monte_carlo - INFO - Option price: 2.0505 ± 0.1927
2026-01-23 23:45:45,810 - src.pricing.monte_carlo - INFO - 95% CI: [1.6728, 2.4281]
2026-01-23 23:45:45,811 - src.pricing.monte_carlo - INFO - Greeks computed: Delta=0.2907, Gamma=-0.1875, Vega=13.6736
2026-01-23 23:45:45,812 - src.pricing.monte_carlo - INFO - Initialized Monte Carlo engine with 500 simulations
2026-01-23 23:45:45,812 - src.pricing.monte_carlo - INFO - Pricing Up-And-Out Call Barrier Option using Monte Carlo...
2026-01-23 23:45:48,044 - src.pricing.monte_carlo - INFO - Option price: 1.9693 ± 0.1815
2026-01-23 23:45:48,045 - src.pricing.monte_carlo - INFO - 95% CI: [1.6136, 2.3250]
2026-01-23 23:45:48,046 - src.pricing.monte_carlo - INFO - Pricing Up-And-Out Call Barrier Option using Monte Carlo...
2026-01-23 23:45:50,306 - src.pricing.monte_carlo - INFO - Option price: 2.0673 ± 0.1811
2026-01-23 23:45:50,307 - src.pricing.monte_carlo - INFO - 95% CI: [1.7124, 2.4222]
2026-01-23 23:45:50,309 - src.pricing.monte_carlo - INFO - Pricing Up-And-Out Call Barrier Option using Monte Carlo...
2026-01-23 23:45:52,586 - src.pricing.monte_carlo - INFO - Option price: 2.1023 ± 0.1860
2026-01-23 23:45:52,586 - src.pricing.monte_carlo - INFO - 95% CI: [1.7377, 2.4668]
2026-01-23 23:45:52,587 - src.pricing.monte_carlo - INFO - Pricing Up-And-Out Call Barrier Option using Monte Carlo...
2026-01-23 23:45:54,850 - src.pricing.monte_carlo - INFO - Option price: 1.8565 ± 0.1712
2026-01-23 23:45:54,850 - src.pricing.monte_carlo - INFO - 95% CI: [1.5210, 2.1920]
2026-01-23 23:45:54,851 - src.pricing.monte_carlo - INFO - Pricing Up-And-Out Call Barrier Option using Monte Carlo...
2026-01-23 23:45:57,131 - src.pricing.monte_carlo - INFO - Option price: 2.0139 ± 0.1854
2026-01-23 23:45:57,132 - src.pricing.monte_carlo - INFO - 95% CI: [1.6506, 2.3772]
2026-01-23 23:45:57,132 - src.pricing.monte_carlo - INFO - Pricing Up-And-Out Call Barrier Option using Monte Carlo...
2026-01-23 23:45:59,379 - src.pricing.monte_carlo - INFO - Option price: 1.9264 ± 0.1717
2026-01-23 23:45:59,380 - src.pricing.monte_carlo - INFO - 95% CI: [1.5898, 2.2630]
2026-01-23 23:45:59,380 - src.pricing.monte_carlo - INFO - Greeks computed: Delta=-0.0175, Gamma=0.2310, Vega=-11.2775
2026-01-23 23:45:59,382 - src.pricing.monte_carlo - INFO - Initialized Monte Carlo engine with 500 simulations
2026-01-23 23:45:59,382 - src.pricing.monte_carlo - INFO - Pricing Up-And-Out Call Barrier Option using Monte Carlo...
2026-01-23 23:46:01,661 - src.pricing.monte_carlo - INFO - Option price: 2.0403 ± 0.1822
2026-01-23 23:46:01,661 - src.pricing.monte_carlo - INFO - 95% CI: [1.6832, 2.3973]
2026-01-23 23:46:01,662 - src.pricing.monte_carlo - INFO - Pricing Up-And-Out Call Barrier Option using Monte Carlo...
2026-01-23 23:46:03,955 - src.pricing.monte_carlo - INFO - Option price: 2.1467 ± 0.1916
2026-01-23 23:46:03,957 - src.pricing.monte_carlo - INFO - 95% CI: [1.7711, 2.5223]
2026-01-23 23:46:03,958 - src.pricing.monte_carlo - INFO - Pricing Up-And-Out Call Barrier Option using Monte Carlo...
2026-01-23 23:46:06,280 - src.pricing.monte_carlo - INFO - Option price: 1.8491 ± 0.1739
2026-01-23 23:46:06,280 - src.pricing.monte_carlo - INFO - 95% CI: [1.5081, 2.1900]
2026-01-23 23:46:06,281 - src.pricing.monte_carlo - INFO - Pricing Up-And-Out Call Barrier Option using Monte Carlo...
2026-01-23 23:46:08,577 - src.pricing.monte_carlo - INFO - Option price: 1.9528 ± 0.1893
2026-01-23 23:46:08,578 - src.pricing.monte_carlo - INFO - 95% CI: [1.5819, 2.3238]
2026-01-23 23:46:08,578 - src.pricing.monte_carlo - INFO - Pricing Up-And-Out Call Barrier Option using Monte Carlo...
2026-01-23 23:46:10,901 - src.pricing.monte_carlo - INFO - Option price: 1.8548 ± 0.1760
2026-01-23 23:46:10,901 - src.pricing.monte_carlo - INFO - 95% CI: [1.5098, 2.1998]
2026-01-23 23:46:10,902 - src.pricing.monte_carlo - INFO - Pricing Up-And-Out Call Barrier Option using Monte Carlo...
2026-01-23 23:46:13,198 - src.pricing.monte_carlo - INFO - Option price: 1.9913 ± 0.1793
2026-01-23 23:46:13,198 - src.pricing.monte_carlo - INFO - 95% CI: [1.6399, 2.3427]
2026-01-23 23:46:13,199 - src.pricing.monte_carlo - INFO - Greeks computed: Delta=0.1488, Gamma=-0.0848, Vega=-8.7430
2026-01-23 23:46:13,200 - src.pricing.monte_carlo - INFO - Initialized Monte Carlo engine with 500 simulations
2026-01-23 23:46:13,201 - src.pricing.monte_carlo - INFO - Pricing Up-And-Out Call Barrier Option using Monte Carlo...
2026-01-23 23:46:15,488 - src.pricing.monte_carlo - INFO - Option price: 2.2525 ± 0.1953
2026-01-23 23:46:15,491 - src.pricing.monte_carlo - INFO - 95% CI: [1.8697, 2.6353]
2026-01-23 23:46:15,492 - src.pricing.monte_carlo - INFO - Pricing Up-And-Out Call Barrier Option using Monte Carlo...
2026-01-23 23:46:17,712 - src.pricing.monte_carlo - INFO - Option price: 1.7744 ± 0.1733
2026-01-23 23:46:17,713 - src.pricing.monte_carlo - INFO - 95% CI: [1.4348, 2.1140]
2026-01-23 23:46:17,714 - src.pricing.monte_carlo - INFO - Pricing Up-And-Out Call Barrier Option using Monte Carlo...
2026-01-23 23:46:20,004 - src.pricing.monte_carlo - INFO - Option price: 1.7838 ± 0.1701
2026-01-23 23:46:20,004 - src.pricing.monte_carlo - INFO - 95% CI: [1.4505, 2.1171]
2026-01-23 23:46:20,005 - src.pricing.monte_carlo - INFO - Pricing Up-And-Out Call Barrier Option using Monte Carlo...
2026-01-23 23:46:22,262 - src.pricing.monte_carlo - INFO - Option price: 1.9423 ± 0.1775
2026-01-23 23:46:22,262 - src.pricing.monte_carlo - INFO - 95% CI: [1.5944, 2.2903]
2026-01-23 23:46:22,263 - src.pricing.monte_carlo - INFO - Pricing Up-And-Out Call Barrier Option using Monte Carlo...
2026-01-23 23:46:24,548 - src.pricing.monte_carlo - INFO - Option price: 2.1544 ± 0.1898
2026-01-23 23:46:24,548 - src.pricing.monte_carlo - INFO - 95% CI: [1.7825, 2.5264]
2026-01-23 23:46:24,549 - src.pricing.monte_carlo - INFO - Pricing Up-And-Out Call Barrier Option using Monte Carlo...
2026-01-23 23:46:26,799 - src.pricing.monte_carlo - INFO - Option price: 2.0030 ± 0.1749
2026-01-23 23:46:26,800 - src.pricing.monte_carlo - INFO - 95% CI: [1.6602, 2.3458]
2026-01-23 23:46:26,801 - src.pricing.monte_carlo - INFO - Greeks computed: Delta=-0.0047, Gamma=-0.9468, Vega=-31.0176
2026-01-23 23:46:26,802 - src.pricing.monte_carlo - INFO - Initialized Monte Carlo engine with 500 simulations
2026-01-23 23:46:26,802 - src.pricing.monte_carlo - INFO - Pricing Up-And-Out Call Barrier Option using Monte Carlo...
2026-01-23 23:46:29,057 - src.pricing.monte_carlo - INFO - Option price: 1.7246 ± 0.1748
2026-01-23 23:46:29,058 - src.pricing.monte_carlo - INFO - 95% CI: [1.3820, 2.0672]
2026-01-23 23:46:29,059 - src.pricing.monte_carlo - INFO - Pricing Up-And-Out Call Barrier Option using Monte Carlo...
2026-01-23 23:46:31,337 - src.pricing.monte_carlo - INFO - Option price: 2.6420 ± 0.2116
2026-01-23 23:46:31,338 - src.pricing.monte_carlo - INFO - 95% CI: [2.2273, 3.0567]
2026-01-23 23:46:31,339 - src.pricing.monte_carlo - INFO - Pricing Up-And-Out Call Barrier Option using Monte Carlo...
2026-01-23 23:46:33,644 - src.pricing.monte_carlo - INFO - Option price: 2.1392 ± 0.1849
2026-01-23 23:46:33,645 - src.pricing.monte_carlo - INFO - 95% CI: [1.7768, 2.5017]
2026-01-23 23:46:33,646 - src.pricing.monte_carlo - INFO - Pricing Up-And-Out Call Barrier Option using Monte Carlo...
2026-01-23 23:46:35,925 - src.pricing.monte_carlo - INFO - Option price: 2.1772 ± 0.1902
2026-01-23 23:46:35,926 - src.pricing.monte_carlo - INFO - 95% CI: [1.8044, 2.5500]
2026-01-23 23:46:35,927 - src.pricing.monte_carlo - INFO - Pricing Up-And-Out Call Barrier Option using Monte Carlo...
2026-01-23 23:46:38,177 - src.pricing.monte_carlo - INFO - Option price: 1.9069 ± 0.1801
2026-01-23 23:46:38,178 - src.pricing.monte_carlo - INFO - 95% CI: [1.5540, 2.2599]
2026-01-23 23:46:38,179 - src.pricing.monte_carlo - INFO - Pricing Up-And-Out Call Barrier Option using Monte Carlo...
2026-01-23 23:46:40,454 - src.pricing.monte_carlo - INFO - Option price: 1.8107 ± 0.1720
2026-01-23 23:46:40,456 - src.pricing.monte_carlo - INFO - 95% CI: [1.4736, 2.1477]
2026-01-23 23:46:40,457 - src.pricing.monte_carlo - INFO - Greeks computed: Delta=0.2514, Gamma=1.3320, Vega=45.2639
2026-01-23 23:46:40,458 - src.pricing.monte_carlo - INFO - Initialized Monte Carlo engine with 500 simulations
2026-01-23 23:46:40,459 - src.pricing.monte_carlo - INFO - Pricing Up-And-Out Call Barrier Option using Monte Carlo...
2026-01-23 23:46:42,715 - src.pricing.monte_carlo - INFO - Option price: 1.9212 ± 0.1788
2026-01-23 23:46:42,716 - src.pricing.monte_carlo - INFO - 95% CI: [1.5708, 2.2717]
2026-01-23 23:46:42,717 - src.pricing.monte_carlo - INFO - Pricing Up-And-Out Call Barrier Option using Monte Carlo...
2026-01-23 23:46:44,929 - src.pricing.monte_carlo - INFO - Option price: 2.0736 ± 0.1871
2026-01-23 23:46:44,930 - src.pricing.monte_carlo - INFO - 95% CI: [1.7069, 2.4403]
2026-01-23 23:46:44,931 - src.pricing.monte_carlo - INFO - Pricing Up-And-Out Call Barrier Option using Monte Carlo...
2026-01-23 23:46:47,088 - src.pricing.monte_carlo - INFO - Option price: 2.1462 ± 0.1897
2026-01-23 23:46:47,089 - src.pricing.monte_carlo - INFO - 95% CI: [1.7744, 2.5181]
2026-01-23 23:46:47,090 - src.pricing.monte_carlo - INFO - Pricing Up-And-Out Call Barrier Option using Monte Carlo...
2026-01-23 23:46:49,322 - src.pricing.monte_carlo - INFO - Option price: 2.5203 ± 0.2049
2026-01-23 23:46:49,323 - src.pricing.monte_carlo - INFO - 95% CI: [2.1186, 2.9220]
2026-01-23 23:46:49,323 - src.pricing.monte_carlo - INFO - Pricing Up-And-Out Call Barrier Option using Monte Carlo...
2026-01-23 23:46:51,498 - src.pricing.monte_carlo - INFO - Option price: 2.0385 ± 0.1851
2026-01-23 23:46:51,499 - src.pricing.monte_carlo - INFO - 95% CI: [1.6757, 2.4012]
2026-01-23 23:46:51,499 - src.pricing.monte_carlo - INFO - Pricing Up-And-Out Call Barrier Option using Monte Carlo...
2026-01-23 23:46:53,704 - src.pricing.monte_carlo - INFO - Option price: 2.1909 ± 0.1854
2026-01-23 23:46:53,706 - src.pricing.monte_carlo - INFO - 95% CI: [1.8275, 2.5542]
2026-01-23 23:46:53,707 - src.pricing.monte_carlo - INFO - Greeks computed: Delta=-0.0363, Gamma=0.3774, Vega=59.9064
2026-01-23 23:46:53,708 - src.pricing.monte_carlo - INFO - Initialized Monte Carlo engine with 500 simulations
2026-01-23 23:46:53,709 - src.pricing.monte_carlo - INFO - Pricing Up-And-Out Call Barrier Option using Monte Carlo...
2026-01-23 23:46:55,898 - src.pricing.monte_carlo - INFO - Option price: 1.8201 ± 0.1784
2026-01-23 23:46:55,899 - src.pricing.monte_carlo - INFO - 95% CI: [1.4705, 2.1697]
2026-01-23 23:46:55,900 - src.pricing.monte_carlo - INFO - Pricing Up-And-Out Call Barrier Option using Monte Carlo...
2026-01-23 23:46:58,125 - src.pricing.monte_carlo - INFO - Option price: 2.2205 ± 0.1909
2026-01-23 23:46:58,125 - src.pricing.monte_carlo - INFO - 95% CI: [1.8463, 2.5947]
2026-01-23 23:46:58,127 - src.pricing.monte_carlo - INFO - Pricing Up-And-Out Call Barrier Option using Monte Carlo...
2026-01-23 23:47:00,277 - src.pricing.monte_carlo - INFO - Option price: 2.2448 ± 0.1902
2026-01-23 23:47:00,277 - src.pricing.monte_carlo - INFO - 95% CI: [1.8721, 2.6176]
2026-01-23 23:47:00,278 - src.pricing.monte_carlo - INFO - Pricing Up-And-Out Call Barrier Option using Monte Carlo...
2026-01-23 23:47:02,455 - src.pricing.monte_carlo - INFO - Option price: 1.9132 ± 0.1790
2026-01-23 23:47:02,456 - src.pricing.monte_carlo - INFO - 95% CI: [1.5623, 2.2640]
2026-01-23 23:47:02,456 - src.pricing.monte_carlo - INFO - Pricing Up-And-Out Call Barrier Option using Monte Carlo...
2026-01-23 23:47:04,643 - src.pricing.monte_carlo - INFO - Option price: 2.0179 ± 0.1759
2026-01-23 23:47:04,644 - src.pricing.monte_carlo - INFO - 95% CI: [1.6731, 2.3627]
2026-01-23 23:47:04,645 - src.pricing.monte_carlo - INFO - Pricing Up-And-Out Call Barrier Option using Monte Carlo...
2026-01-23 23:47:06,864 - src.pricing.monte_carlo - INFO - Option price: 1.7233 ± 0.1669
2026-01-23 23:47:06,865 - src.pricing.monte_carlo - INFO - 95% CI: [1.3961, 2.0505]
2026-01-23 23:47:06,866 - src.pricing.monte_carlo - INFO - Greeks computed: Delta=-0.0122, Gamma=0.8252, Vega=9.3087
2026-01-23 23:47:06,867 - src.pricing.monte_carlo - INFO - Initialized Monte Carlo engine with 500 simulations
2026-01-23 23:47:06,867 - src.pricing.monte_carlo - INFO - Pricing Up-And-Out Call Barrier Option using Monte Carlo...
2026-01-23 23:47:09,063 - src.pricing.monte_carlo - INFO - Option price: 1.9892 ± 0.1872
2026-01-23 23:47:09,064 - src.pricing.monte_carlo - INFO - 95% CI: [1.6223, 2.3561]
2026-01-23 23:47:09,064 - src.pricing.monte_carlo - INFO - Pricing Up-And-Out Call Barrier Option using Monte Carlo...
2026-01-23 23:47:11,272 - src.pricing.monte_carlo - INFO - Option price: 1.8412 ± 0.1721
2026-01-23 23:47:11,272 - src.pricing.monte_carlo - INFO - 95% CI: [1.5038, 2.1786]
2026-01-23 23:47:11,273 - src.pricing.monte_carlo - INFO - Pricing Up-And-Out Call Barrier Option using Monte Carlo...
2026-01-23 23:47:13,501 - src.pricing.monte_carlo - INFO - Option price: 1.9754 ± 0.1800
2026-01-23 23:47:13,501 - src.pricing.monte_carlo - INFO - 95% CI: [1.6226, 2.3282]
2026-01-23 23:47:13,502 - src.pricing.monte_carlo - INFO - Pricing Up-And-Out Call Barrier Option using Monte Carlo...
2026-01-23 23:47:15,691 - src.pricing.monte_carlo - INFO - Option price: 1.7592 ± 0.1724
2026-01-23 23:47:15,691 - src.pricing.monte_carlo - INFO - 95% CI: [1.4212, 2.0971]
2026-01-23 23:47:15,692 - src.pricing.monte_carlo - INFO - Pricing Up-And-Out Call Barrier Option using Monte Carlo...
2026-01-23 23:47:17,918 - src.pricing.monte_carlo - INFO - Option price: 1.9343 ± 0.1839
2026-01-23 23:47:17,918 - src.pricing.monte_carlo - INFO - 95% CI: [1.5739, 2.2948]
2026-01-23 23:47:17,919 - src.pricing.monte_carlo - INFO - Pricing Up-And-Out Call Barrier Option using Monte Carlo...
2026-01-23 23:47:20,112 - src.pricing.monte_carlo - INFO - Option price: 2.0180 ± 0.1764
2026-01-23 23:47:20,113 - src.pricing.monte_carlo - INFO - 95% CI: [1.6723, 2.3637]
2026-01-23 23:47:20,113 - src.pricing.monte_carlo - INFO - Greeks computed: Delta=-0.0671, Gamma=-0.1617, Vega=-22.9997
2026-01-23 23:47:20,114 - src.pricing.monte_carlo - INFO - Initialized Monte Carlo engine with 500 simulations
2026-01-23 23:47:20,115 - src.pricing.monte_carlo - INFO - Pricing Up-And-Out Call Barrier Option using Monte Carlo...
2026-01-23 23:47:22,300 - src.pricing.monte_carlo - INFO - Option price: 2.2397 ± 0.1835
2026-01-23 23:47:22,301 - src.pricing.monte_carlo - INFO - 95% CI: [1.8800, 2.5994]
2026-01-23 23:47:22,301 - src.pricing.monte_carlo - INFO - Pricing Up-And-Out Call Barrier Option using Monte Carlo...
2026-01-23 23:47:24,481 - src.pricing.monte_carlo - INFO - Option price: 2.1176 ± 0.1907
2026-01-23 23:47:24,482 - src.pricing.monte_carlo - INFO - 95% CI: [1.7438, 2.4913]
2026-01-23 23:47:24,483 - src.pricing.monte_carlo - INFO - Pricing Up-And-Out Call Barrier Option using Monte Carlo...
2026-01-23 23:47:26,733 - src.pricing.monte_carlo - INFO - Option price: 2.0567 ± 0.1758
2026-01-23 23:47:26,734 - src.pricing.monte_carlo - INFO - 95% CI: [1.7121, 2.4012]
2026-01-23 23:47:26,735 - src.pricing.monte_carlo - INFO - Pricing Up-And-Out Call Barrier Option using Monte Carlo...
2026-01-23 23:47:28,998 - src.pricing.monte_carlo - INFO - Option price: 1.7777 ± 0.1782
2026-01-23 23:47:28,998 - src.pricing.monte_carlo - INFO - 95% CI: [1.4283, 2.1270]
2026-01-23 23:47:28,999 - src.pricing.monte_carlo - INFO - Pricing Up-And-Out Call Barrier Option using Monte Carlo...
2026-01-23 23:47:31,189 - src.pricing.monte_carlo - INFO - Option price: 1.9852 ± 0.1787
2026-01-23 23:47:31,190 - src.pricing.monte_carlo - INFO - 95% CI: [1.6350, 2.3353]
2026-01-23 23:47:31,191 - src.pricing.monte_carlo - INFO - Pricing Up-And-Out Call Barrier Option using Monte Carlo...
2026-01-23 23:47:33,430 - src.pricing.monte_carlo - INFO - Option price: 2.3132 ± 0.1986
2026-01-23 23:47:33,431 - src.pricing.monte_carlo - INFO - 95% CI: [1.9240, 2.7024]
2026-01-23 23:47:33,431 - src.pricing.monte_carlo - INFO - Greeks computed: Delta=0.0305, Gamma=-0.3052, Vega=-46.2010
2026-01-23 23:47:33,432 - src.pricing.monte_carlo - INFO - Initialized Monte Carlo engine with 500 simulations
2026-01-23 23:47:33,433 - src.pricing.monte_carlo - INFO - Pricing Up-And-Out Call Barrier Option using Monte Carlo...
2026-01-23 23:47:35,596 - src.pricing.monte_carlo - INFO - Option price: 2.1574 ± 0.1880
2026-01-23 23:47:35,597 - src.pricing.monte_carlo - INFO - 95% CI: [1.7889, 2.5258]
2026-01-23 23:47:35,598 - src.pricing.monte_carlo - INFO - Pricing Up-And-Out Call Barrier Option using Monte Carlo...
2026-01-23 23:47:37,774 - src.pricing.monte_carlo - INFO - Option price: 1.7631 ± 0.1706
2026-01-23 23:47:37,775 - src.pricing.monte_carlo - INFO - 95% CI: [1.4287, 2.0975]
2026-01-23 23:47:37,775 - src.pricing.monte_carlo - INFO - Pricing Up-And-Out Call Barrier Option using Monte Carlo...
2026-01-23 23:47:39,972 - src.pricing.monte_carlo - INFO - Option price: 2.1909 ± 0.1907
2026-01-23 23:47:39,973 - src.pricing.monte_carlo - INFO - 95% CI: [1.8171, 2.5646]
2026-01-23 23:47:39,974 - src.pricing.monte_carlo - INFO - Pricing Up-And-Out Call Barrier Option using Monte Carlo...
2026-01-23 23:47:42,187 - src.pricing.monte_carlo - INFO - Option price: 2.2659 ± 0.1903
2026-01-23 23:47:42,188 - src.pricing.monte_carlo - INFO - 95% CI: [1.8928, 2.6389]
2026-01-23 23:47:42,189 - src.pricing.monte_carlo - INFO - Pricing Up-And-Out Call Barrier Option using Monte Carlo...
2026-01-23 23:47:44,329 - src.pricing.monte_carlo - INFO - Option price: 1.9470 ± 0.1811
2026-01-23 23:47:44,330 - src.pricing.monte_carlo - INFO - 95% CI: [1.5919, 2.3020]
2026-01-23 23:47:44,331 - src.pricing.monte_carlo - INFO - Pricing Up-And-Out Call Barrier Option using Monte Carlo...
2026-01-23 23:47:46,487 - src.pricing.monte_carlo - INFO - Option price: 2.4874 ± 0.2006
2026-01-23 23:47:46,488 - src.pricing.monte_carlo - INFO - 95% CI: [2.0942, 2.8806]
2026-01-23 23:47:46,488 - src.pricing.monte_carlo - INFO - Greeks computed: Delta=-0.2139, Gamma=-0.3608, Vega=10.8523
2026-01-23 23:47:46,490 - src.pricing.monte_carlo - INFO - Initialized Monte Carlo engine with 500 simulations
2026-01-23 23:47:46,490 - src.pricing.monte_carlo - INFO - Pricing Up-And-Out Call Barrier Option using Monte Carlo...
2026-01-23 23:47:48,651 - src.pricing.monte_carlo - INFO - Option price: 2.0666 ± 0.1888
2026-01-23 23:47:48,652 - src.pricing.monte_carlo - INFO - 95% CI: [1.6965, 2.4367]
2026-01-23 23:47:48,653 - src.pricing.monte_carlo - INFO - Pricing Up-And-Out Call Barrier Option using Monte Carlo...
2026-01-23 23:47:50,850 - src.pricing.monte_carlo - INFO - Option price: 2.0596 ± 0.1798
2026-01-23 23:47:50,851 - src.pricing.monte_carlo - INFO - 95% CI: [1.7073, 2.4120]
2026-01-23 23:47:50,852 - src.pricing.monte_carlo - INFO - Pricing Up-And-Out Call Barrier Option using Monte Carlo...
2026-01-23 23:47:53,013 - src.pricing.monte_carlo - INFO - Option price: 2.0460 ± 0.1812
2026-01-23 23:47:53,014 - src.pricing.monte_carlo - INFO - 95% CI: [1.6908, 2.4012]
2026-01-23 23:47:53,015 - src.pricing.monte_carlo - INFO - Pricing Up-And-Out Call Barrier Option using Monte Carlo...
2026-01-23 23:47:55,201 - src.pricing.monte_carlo - INFO - Option price: 2.3000 ± 0.1939
2026-01-23 23:47:55,203 - src.pricing.monte_carlo - INFO - 95% CI: [1.9200, 2.6801]
2026-01-23 23:47:55,204 - src.pricing.monte_carlo - INFO - Pricing Up-And-Out Call Barrier Option using Monte Carlo...
2026-01-23 23:47:57,382 - src.pricing.monte_carlo - INFO - Option price: 1.8544 ± 0.1734
2026-01-23 23:47:57,383 - src.pricing.monte_carlo - INFO - 95% CI: [1.5145, 2.1943]
2026-01-23 23:47:57,383 - src.pricing.monte_carlo - INFO - Pricing Up-And-Out Call Barrier Option using Monte Carlo...
2026-01-23 23:47:59,530 - src.pricing.monte_carlo - INFO - Option price: 1.8860 ± 0.1713
2026-01-23 23:47:59,531 - src.pricing.monte_carlo - INFO - 95% CI: [1.5503, 2.2217]
2026-01-23 23:47:59,531 - src.pricing.monte_carlo - INFO - Greeks computed: Delta=0.0068, Gamma=-0.0276, Vega=23.3421
2026-01-23 23:47:59,536 - src.analytics.visualization - INFO - Initialized visualizer with output dir: results\comprehensive_analysis
2026-01-23 23:48:03,377 - src.analytics.visualization - INFO - Saved plot to asset_price_paths.png
2026-01-24 09:40:41,125 - src.utils.data_utils - INFO - Logging initialized
2026-01-24 09:40:41,125 - src.utils.data_utils - INFO - Created output directory: results\comprehensive_analysis
2026-01-24 09:40:41,144 - src.utils.data_utils - INFO - Loaded configuration from C:\Users\ayushi.priya\Downloads\project2\project2\config\model_config.yaml
2026-01-24 09:40:41,147 - src.models.regime_switching - INFO - Initialized Markov chain with 3 regimes
2026-01-24 09:40:41,147 - src.models.regime_switching - INFO - Initialized regime-switching model with 3 regimes
2026-01-24 09:40:41,148 - src.models.asset_dynamics - INFO - Initialized asset simulator with S0=100.0, r=0.03
2026-01-24 09:40:41,148 - src.analytics.validation - INFO - Testing martingale property with 10000 paths...
2026-01-24 09:40:41,148 - src.models.asset_dynamics - INFO - Validating martingale property...
2026-01-24 09:41:21,122 - src.models.asset_dynamics - INFO - Martingale test: E^Q[S_T e^(-rT)] = 98.9944, S_0 = 100.0000
2026-01-24 09:41:21,122 - src.models.asset_dynamics - INFO - Relative error: -1.01%
2026-01-24 09:41:21,239 - src.analytics.validation - INFO - Testing regime stationarity...
2026-01-24 09:41:39,933 - src.pricing.monte_carlo - INFO - Initialized Monte Carlo engine with 20000 simulations
2026-01-24 09:41:39,933 - src.pricing.monte_carlo - INFO - Pricing Up-And-Out Call Barrier Option using Monte Carlo...
2026-01-24 09:42:29,234 - src.pricing.monte_carlo - INFO - Option price: 2.1132 ± 0.0297
2026-01-24 09:42:29,234 - src.pricing.monte_carlo - INFO - 95% CI: [2.0551, 2.1714]
2026-01-24 09:42:29,239 - src.pricing.monte_carlo - INFO - Pricing European Call using Monte Carlo...
2026-01-24 09:43:18,104 - src.pricing.monte_carlo - INFO - Option price: 7.3540 ± 0.0748
2026-01-24 09:43:18,107 - src.pricing.monte_carlo - INFO - 95% CI: [7.2074, 7.5006]
2026-01-24 09:43:18,118 - src.pricing.monte_carlo - INFO - Pricing Arithmetic Asian Call using Monte Carlo...
2026-01-24 09:44:07,739 - src.pricing.monte_carlo - INFO - Option price: 4.0314 ± 0.0406
2026-01-24 09:44:07,740 - src.pricing.monte_carlo - INFO - 95% CI: [3.9518, 4.1109]
2026-01-24 09:44:07,746 - src.pricing.monte_carlo - INFO - Pricing European Call using Monte Carlo...
2026-01-24 09:44:56,683 - src.pricing.monte_carlo - INFO - Option price: 7.3540 ± 0.0748
2026-01-24 09:44:56,683 - src.pricing.monte_carlo - INFO - 95% CI: [7.2074, 7.5006]
2026-01-24 09:44:56,692 - src.pricing.monte_carlo - INFO - Running convergence analysis...
2026-01-24 09:44:56,693 - src.pricing.monte_carlo - INFO - Pricing Up-And-Out Call Barrier Option using Monte Carlo...
2026-01-24 09:44:59,056 - src.pricing.monte_carlo - INFO - Option price: 2.1447 ± 0.1312
2026-01-24 09:44:59,057 - src.pricing.monte_carlo - INFO - 95% CI: [1.8875, 2.4018]
2026-01-24 09:44:59,058 - src.pricing.monte_carlo - INFO - Pricing Up-And-Out Call Barrier Option using Monte Carlo...
2026-01-24 09:45:11,199 - src.pricing.monte_carlo - INFO - Option price: 2.0354 ± 0.0586
2026-01-24 09:45:11,200 - src.pricing.monte_carlo - INFO - 95% CI: [1.9206, 2.1502]
2026-01-24 09:45:11,201 - src.pricing.monte_carlo - INFO - Pricing Up-And-Out Call Barrier Option using Monte Carlo...
2026-01-24 09:45:37,034 - src.pricing.monte_carlo - INFO - Option price: 2.1054 ± 0.0420
2026-01-24 09:45:37,034 - src.pricing.monte_carlo - INFO - 95% CI: [2.0230, 2.1878]
2026-01-24 09:45:37,037 - src.pricing.monte_carlo - INFO - Pricing Up-And-Out Call Barrier Option using Monte Carlo...
2026-01-24 09:47:42,773 - src.pricing.monte_carlo - INFO - Option price: 2.0657 ± 0.0184
2026-01-24 09:47:42,773 - src.pricing.monte_carlo - INFO - 95% CI: [2.0296, 2.1018]
2026-01-24 09:47:42,788 - src.pricing.monte_carlo - INFO - Pricing Up-And-Out Call Barrier Option using Monte Carlo...
2026-01-24 09:48:32,901 - src.pricing.monte_carlo - INFO - Option price: 2.1132 ± 0.0297
2026-01-24 09:48:32,902 - src.pricing.monte_carlo - INFO - 95% CI: [2.0551, 2.1714]
2026-01-24 09:48:32,906 - src.pricing.monte_carlo - INFO - Pricing Up-And-Out Call Barrier Option using Monte Carlo...
2026-01-24 09:49:21,225 - src.pricing.monte_carlo - INFO - Option price: 2.1348 ± 0.0300
2026-01-24 09:49:21,226 - src.pricing.monte_carlo - INFO - 95% CI: [2.0761, 2.1936]
2026-01-24 09:49:21,232 - src.pricing.monte_carlo - INFO - Pricing Up-And-Out Call Barrier Option using Monte Carlo...
2026-01-24 09:50:10,697 - src.pricing.monte_carlo - INFO - Option price: 2.0780 ± 0.0293
2026-01-24 09:50:10,698 - src.pricing.monte_carlo - INFO - 95% CI: [2.0205, 2.1355]
2026-01-24 09:50:10,706 - src.pricing.monte_carlo - INFO - Pricing Up-And-Out Call Barrier Option using Monte Carlo...
2026-01-24 09:51:00,146 - src.pricing.monte_carlo - INFO - Option price: 2.0857 ± 0.0295
2026-01-24 09:51:00,147 - src.pricing.monte_carlo - INFO - 95% CI: [2.0278, 2.1436]
2026-01-24 09:51:00,151 - src.pricing.monte_carlo - INFO - Pricing Up-And-Out Call Barrier Option using Monte Carlo...
2026-01-24 09:51:49,475 - src.pricing.monte_carlo - INFO - Option price: 2.0878 ± 0.0294
2026-01-24 09:51:49,476 - src.pricing.monte_carlo - INFO - 95% CI: [2.0301, 2.1455]
2026-01-24 09:51:49,482 - src.pricing.monte_carlo - INFO - Pricing Up-And-Out Call Barrier Option using Monte Carlo...
2026-01-24 09:52:38,640 - src.pricing.monte_carlo - INFO - Option price: 2.1615 ± 0.0300
2026-01-24 09:52:38,640 - src.pricing.monte_carlo - INFO - 95% CI: [2.1027, 2.2203]
2026-01-24 09:52:38,645 - src.pricing.monte_carlo - INFO - Greeks computed: Delta=0.0284, Gamma=-0.0136, Vega=-2.7548
2026-01-24 09:52:38,647 - src.hedging.optimization - INFO - Initialized mean-variance hedger with lambda=0.5
2026-01-24 09:52:38,647 - src.hedging.portfolio - INFO - Created hedging portfolio for Up-And-Out Call Barrier Option
2026-01-24 09:52:38,647 - src.hedging.portfolio - INFO - Added Stock to portfolio
2026-01-24 09:52:38,647 - src.hedging.portfolio - INFO - Added Call K=100 to portfolio
2026-01-24 09:52:38,647 - src.hedging.optimization - INFO - Executing dynamic hedge with 20 rebalances...
2026-01-24 09:52:38,650 - src.pricing.monte_carlo - INFO - Initialized Monte Carlo engine with 500 simulations
2026-01-24 09:52:38,651 - src.pricing.monte_carlo - INFO - Pricing Up-And-Out Call Barrier Option using Monte Carlo...
2026-01-24 09:52:39,847 - src.pricing.monte_carlo - INFO - Option price: 1.8192 ± 0.1736
2026-01-24 09:52:39,848 - src.pricing.monte_carlo - INFO - 95% CI: [1.4790, 2.1594]
2026-01-24 09:52:39,848 - src.pricing.monte_carlo - INFO - Pricing Up-And-Out Call Barrier Option using Monte Carlo...
2026-01-24 09:52:41,125 - src.pricing.monte_carlo - INFO - Option price: 2.2141 ± 0.1985
2026-01-24 09:52:41,126 - src.pricing.monte_carlo - INFO - 95% CI: [1.8250, 2.6032]
2026-01-24 09:52:41,126 - src.pricing.monte_carlo - INFO - Pricing Up-And-Out Call Barrier Option using Monte Carlo...
2026-01-24 09:52:42,383 - src.pricing.monte_carlo - INFO - Option price: 2.1052 ± 0.1898
2026-01-24 09:52:42,384 - src.pricing.monte_carlo - INFO - 95% CI: [1.7332, 2.4773]
2026-01-24 09:52:42,384 - src.pricing.monte_carlo - INFO - Pricing Up-And-Out Call Barrier Option using Monte Carlo...
2026-01-24 09:52:43,629 - src.pricing.monte_carlo - INFO - Option price: 2.1719 ± 0.1887
2026-01-24 09:52:43,630 - src.pricing.monte_carlo - INFO - 95% CI: [1.8020, 2.5418]
2026-01-24 09:52:43,631 - src.pricing.monte_carlo - INFO - Pricing Up-And-Out Call Barrier Option using Monte Carlo...
2026-01-24 09:52:44,864 - src.pricing.monte_carlo - INFO - Option price: 2.0854 ± 0.1810
2026-01-24 09:52:44,865 - src.pricing.monte_carlo - INFO - 95% CI: [1.7306, 2.4402]
2026-01-24 09:52:44,865 - src.pricing.monte_carlo - INFO - Pricing Up-And-Out Call Barrier Option using Monte Carlo...
2026-01-24 09:52:46,049 - src.pricing.monte_carlo - INFO - Option price: 1.8631 ± 0.1760
2026-01-24 09:52:46,049 - src.pricing.monte_carlo - INFO - 95% CI: [1.5181, 2.2081]
2026-01-24 09:52:46,050 - src.pricing.monte_carlo - INFO - Greeks computed: Delta=0.0544, Gamma=0.6810, Vega=35.2709
2026-01-24 09:52:46,051 - src.pricing.monte_carlo - INFO - Initialized Monte Carlo engine with 500 simulations
2026-01-24 09:52:46,052 - src.pricing.monte_carlo - INFO - Pricing Up-And-Out Call Barrier Option using Monte Carlo...
2026-01-24 09:52:47,238 - src.pricing.monte_carlo - INFO - Option price: 1.9994 ± 0.1808
2026-01-24 09:52:47,240 - src.pricing.monte_carlo - INFO - 95% CI: [1.6450, 2.3537]
2026-01-24 09:52:47,242 - src.pricing.monte_carlo - INFO - Pricing Up-And-Out Call Barrier Option using Monte Carlo...
2026-01-24 09:52:48,432 - src.pricing.monte_carlo - INFO - Option price: 1.8511 ± 0.1786
2026-01-24 09:52:48,433 - src.pricing.monte_carlo - INFO - 95% CI: [1.5011, 2.2011]
2026-01-24 09:52:48,435 - src.pricing.monte_carlo - INFO - Pricing Up-And-Out Call Barrier Option using Monte Carlo...
2026-01-24 09:52:49,639 - src.pricing.monte_carlo - INFO - Option price: 2.0722 ± 0.1890
2026-01-24 09:52:49,640 - src.pricing.monte_carlo - INFO - 95% CI: [1.7018, 2.4427]
2026-01-24 09:52:49,640 - src.pricing.monte_carlo - INFO - Pricing Up-And-Out Call Barrier Option using Monte Carlo...
2026-01-24 09:52:50,863 - src.pricing.monte_carlo - INFO - Option price: 1.9037 ± 0.1742
2026-01-24 09:52:50,864 - src.pricing.monte_carlo - INFO - 95% CI: [1.5623, 2.2451]
2026-01-24 09:52:50,865 - src.pricing.monte_carlo - INFO - Pricing Up-And-Out Call Barrier Option using Monte Carlo...
2026-01-24 09:52:52,058 - src.pricing.monte_carlo - INFO - Option price: 2.1523 ± 0.1844
2026-01-24 09:52:52,059 - src.pricing.monte_carlo - INFO - 95% CI: [1.7908, 2.5137]
2026-01-24 09:52:52,059 - src.pricing.monte_carlo - INFO - Pricing Up-And-Out Call Barrier Option using Monte Carlo...
2026-01-24 09:52:53,264 - src.pricing.monte_carlo - INFO - Option price: 1.9902 ± 0.1876
2026-01-24 09:52:53,265 - src.pricing.monte_carlo - INFO - 95% CI: [1.6225, 2.3579]
2026-01-24 09:52:53,265 - src.pricing.monte_carlo - INFO - Greeks computed: Delta=-0.1106, Gamma=-0.0754, Vega=-9.5662
2026-01-24 09:52:53,266 - src.pricing.monte_carlo - INFO - Initialized Monte Carlo engine with 500 simulations
2026-01-24 09:52:53,266 - src.pricing.monte_carlo - INFO - Pricing Up-And-Out Call Barrier Option using Monte Carlo...
2026-01-24 09:52:54,484 - src.pricing.monte_carlo - INFO - Option price: 2.0789 ± 0.1824
2026-01-24 09:52:54,485 - src.pricing.monte_carlo - INFO - 95% CI: [1.7213, 2.4365]
2026-01-24 09:52:54,485 - src.pricing.monte_carlo - INFO - Pricing Up-And-Out Call Barrier Option using Monte Carlo...
2026-01-24 09:52:55,683 - src.pricing.monte_carlo - INFO - Option price: 2.3468 ± 0.1948
2026-01-24 09:52:55,684 - src.pricing.monte_carlo - INFO - 95% CI: [1.9650, 2.7287]
2026-01-24 09:52:55,685 - src.pricing.monte_carlo - INFO - Pricing Up-And-Out Call Barrier Option using Monte Carlo...
2026-01-24 09:52:56,862 - src.pricing.monte_carlo - INFO - Option price: 1.9490 ± 0.1812
2026-01-24 09:52:56,863 - src.pricing.monte_carlo - INFO - 95% CI: [1.5937, 2.3042]
2026-01-24 09:52:56,864 - src.pricing.monte_carlo - INFO - Pricing Up-And-Out Call Barrier Option using Monte Carlo...
2026-01-24 09:52:58,031 - src.pricing.monte_carlo - INFO - Option price: 1.8336 ± 0.1729
2026-01-24 09:52:58,032 - src.pricing.monte_carlo - INFO - 95% CI: [1.4948, 2.1725]
2026-01-24 09:52:58,033 - src.pricing.monte_carlo - INFO - Pricing Up-And-Out Call Barrier Option using Monte Carlo...
2026-01-24 09:52:59,224 - src.pricing.monte_carlo - INFO - Option price: 2.1206 ± 0.1900
2026-01-24 09:52:59,225 - src.pricing.monte_carlo - INFO - 95% CI: [1.7482, 2.4930]
2026-01-24 09:52:59,225 - src.pricing.monte_carlo - INFO - Pricing Up-And-Out Call Barrier Option using Monte Carlo...
2026-01-24 09:53:00,430 - src.pricing.monte_carlo - INFO - Option price: 2.0897 ± 0.1868
2026-01-24 09:53:00,431 - src.pricing.monte_carlo - INFO - 95% CI: [1.7236, 2.4559]
2026-01-24 09:53:00,431 - src.pricing.monte_carlo - INFO - Greeks computed: Delta=0.1989, Gamma=0.1380, Vega=-24.5296
2026-01-24 09:53:00,432 - src.pricing.monte_carlo - INFO - Initialized Monte Carlo engine with 500 simulations
2026-01-24 09:53:00,433 - src.pricing.monte_carlo - INFO - Pricing Up-And-Out Call Barrier Option using Monte Carlo...
2026-01-24 09:53:01,639 - src.pricing.monte_carlo - INFO - Option price: 1.7837 ± 0.1785
2026-01-24 09:53:01,639 - src.pricing.monte_carlo - INFO - 95% CI: [1.4339, 2.1335]
2026-01-24 09:53:01,640 - src.pricing.monte_carlo - INFO - Pricing Up-And-Out Call Barrier Option using Monte Carlo...
2026-01-24 09:53:02,893 - src.pricing.monte_carlo - INFO - Option price: 1.8314 ± 0.1785
2026-01-24 09:53:02,894 - src.pricing.monte_carlo - INFO - 95% CI: [1.4815, 2.1813]
2026-01-24 09:53:02,894 - src.pricing.monte_carlo - INFO - Pricing Up-And-Out Call Barrier Option using Monte Carlo...
2026-01-24 09:53:04,090 - src.pricing.monte_carlo - INFO - Option price: 2.1574 ± 0.1940
2026-01-24 09:53:04,090 - src.pricing.monte_carlo - INFO - 95% CI: [1.7771, 2.5377]
2026-01-24 09:53:04,091 - src.pricing.monte_carlo - INFO - Pricing Up-And-Out Call Barrier Option using Monte Carlo...
2026-01-24 09:53:05,309 - src.pricing.monte_carlo - INFO - Option price: 1.8926 ± 0.1788
2026-01-24 09:53:05,309 - src.pricing.monte_carlo - INFO - 95% CI: [1.5422, 2.2431]
2026-01-24 09:53:05,310 - src.pricing.monte_carlo - INFO - Pricing Up-And-Out Call Barrier Option using Monte Carlo...
2026-01-24 09:53:06,488 - src.pricing.monte_carlo - INFO - Option price: 1.8381 ± 0.1747
2026-01-24 09:53:06,488 - src.pricing.monte_carlo - INFO - 95% CI: [1.4957, 2.1805]
2026-01-24 09:53:06,488 - src.pricing.monte_carlo - INFO - Pricing Up-And-Out Call Barrier Option using Monte Carlo...
2026-01-24 09:53:07,689 - src.pricing.monte_carlo - INFO - Option price: 1.9935 ± 0.1812
2026-01-24 09:53:07,690 - src.pricing.monte_carlo - INFO - 95% CI: [1.6383, 2.3487]
2026-01-24 09:53:07,690 - src.pricing.monte_carlo - INFO - Greeks computed: Delta=-0.1630, Gamma=0.4214, Vega=10.8937
2026-01-24 09:53:07,691 - src.pricing.monte_carlo - INFO - Initialized Monte Carlo engine with 500 simulations
2026-01-24 09:53:07,691 - src.pricing.monte_carlo - INFO - Pricing Up-And-Out Call Barrier Option using Monte Carlo...
2026-01-24 09:53:08,887 - src.pricing.monte_carlo - INFO - Option price: 2.0949 ± 0.1820
2026-01-24 09:53:08,887 - src.pricing.monte_carlo - INFO - 95% CI: [1.7383, 2.4516]
2026-01-24 09:53:08,888 - src.pricing.monte_carlo - INFO - Pricing Up-And-Out Call Barrier Option using Monte Carlo...
2026-01-24 09:53:10,143 - src.pricing.monte_carlo - INFO - Option price: 2.2147 ± 0.1807
2026-01-24 09:53:10,143 - src.pricing.monte_carlo - INFO - 95% CI: [1.8606, 2.5688]
2026-01-24 09:53:10,144 - src.pricing.monte_carlo - INFO - Pricing Up-And-Out Call Barrier Option using Monte Carlo...
2026-01-24 09:53:11,339 - src.pricing.monte_carlo - INFO - Option price: 2.1755 ± 0.1911
2026-01-24 09:53:11,340 - src.pricing.monte_carlo - INFO - 95% CI: [1.8009, 2.5500]
2026-01-24 09:53:11,340 - src.pricing.monte_carlo - INFO - Pricing Up-And-Out Call Barrier Option using Monte Carlo...
2026-01-24 09:53:12,523 - src.pricing.monte_carlo - INFO - Option price: 1.7963 ± 0.1740
2026-01-24 09:53:12,523 - src.pricing.monte_carlo - INFO - 95% CI: [1.4553, 2.1373]
2026-01-24 09:53:12,523 - src.pricing.monte_carlo - INFO - Pricing Up-And-Out Call Barrier Option using Monte Carlo...
2026-01-24 09:53:13,740 - src.pricing.monte_carlo - INFO - Option price: 1.9945 ± 0.1850
2026-01-24 09:53:13,740 - src.pricing.monte_carlo - INFO - 95% CI: [1.6319, 2.3571]
2026-01-24 09:53:13,740 - src.pricing.monte_carlo - INFO - Pricing Up-And-Out Call Barrier Option using Monte Carlo...
2026-01-24 09:53:14,932 - src.pricing.monte_carlo - INFO - Option price: 1.6523 ± 0.1668
2026-01-24 09:53:14,932 - src.pricing.monte_carlo - INFO - 95% CI: [1.3253, 1.9793]
2026-01-24 09:53:14,932 - src.pricing.monte_carlo - INFO - Greeks computed: Delta=0.0196, Gamma=0.2003, Vega=-29.8682
2026-01-24 09:53:14,933 - src.pricing.monte_carlo - INFO - Initialized Monte Carlo engine with 500 simulations
2026-01-24 09:53:14,933 - src.pricing.monte_carlo - INFO - Pricing Up-And-Out Call Barrier Option using Monte Carlo...
2026-01-24 09:53:16,158 - src.pricing.monte_carlo - INFO - Option price: 1.7919 ± 0.1793
2026-01-24 09:53:16,158 - src.pricing.monte_carlo - INFO - 95% CI: [1.4405, 2.1433]
2026-01-24 09:53:16,159 - src.pricing.monte_carlo - INFO - Pricing Up-And-Out Call Barrier Option using Monte Carlo...
2026-01-24 09:53:17,375 - src.pricing.monte_carlo - INFO - Option price: 2.3614 ± 0.2024
2026-01-24 09:53:17,376 - src.pricing.monte_carlo - INFO - 95% CI: [1.9647, 2.7581]
2026-01-24 09:53:17,376 - src.pricing.monte_carlo - INFO - Pricing Up-And-Out Call Barrier Option using Monte Carlo...
2026-01-24 09:53:18,651 - src.pricing.monte_carlo - INFO - Option price: 1.9224 ± 0.1800
2026-01-24 09:53:18,652 - src.pricing.monte_carlo - INFO - 95% CI: [1.5696, 2.2752]
2026-01-24 09:53:18,652 - src.pricing.monte_carlo - INFO - Pricing Up-And-Out Call Barrier Option using Monte Carlo...
2026-01-24 09:53:19,877 - src.pricing.monte_carlo - INFO - Option price: 2.1721 ± 0.1885
2026-01-24 09:53:19,878 - src.pricing.monte_carlo - INFO - 95% CI: [1.8026, 2.5416]
2026-01-24 09:53:19,878 - src.pricing.monte_carlo - INFO - Pricing Up-And-Out Call Barrier Option using Monte Carlo...
2026-01-24 09:53:21,130 - src.pricing.monte_carlo - INFO - Option price: 2.0856 ± 0.1885
2026-01-24 09:53:21,130 - src.pricing.monte_carlo - INFO - 95% CI: [1.7161, 2.4551]
2026-01-24 09:53:21,130 - src.pricing.monte_carlo - INFO - Pricing Up-And-Out Call Barrier Option using Monte Carlo...
2026-01-24 09:53:22,376 - src.pricing.monte_carlo - INFO - Option price: 2.0510 ± 0.1851
2026-01-24 09:53:22,376 - src.pricing.monte_carlo - INFO - 95% CI: [1.6882, 2.4139]
2026-01-24 09:53:22,377 - src.pricing.monte_carlo - INFO - Greeks computed: Delta=0.2195, Gamma=0.7000, Vega=38.0215
2026-01-24 09:53:22,377 - src.pricing.monte_carlo - INFO - Initialized Monte Carlo engine with 500 simulations
2026-01-24 09:53:22,378 - src.pricing.monte_carlo - INFO - Pricing Up-And-Out Call Barrier Option using Monte Carlo...
2026-01-24 09:53:23,589 - src.pricing.monte_carlo - INFO - Option price: 2.2318 ± 0.1949
2026-01-24 09:53:23,589 - src.pricing.monte_carlo - INFO - 95% CI: [1.8497, 2.6139]
2026-01-24 09:53:23,589 - src.pricing.monte_carlo - INFO - Pricing Up-And-Out Call Barrier Option using Monte Carlo...
2026-01-24 09:53:24,809 - src.pricing.monte_carlo - INFO - Option price: 2.4114 ± 0.2042
2026-01-24 09:53:24,809 - src.pricing.monte_carlo - INFO - 95% CI: [2.0113, 2.8116]
2026-01-24 09:53:24,810 - src.pricing.monte_carlo - INFO - Pricing Up-And-Out Call Barrier Option using Monte Carlo...
2026-01-24 09:53:26,043 - src.pricing.monte_carlo - INFO - Option price: 1.8554 ± 0.1708
2026-01-24 09:53:26,044 - src.pricing.monte_carlo - INFO - 95% CI: [1.5207, 2.1902]
2026-01-24 09:53:26,044 - src.pricing.monte_carlo - INFO - Pricing Up-And-Out Call Barrier Option using Monte Carlo...
2026-01-24 09:53:27,252 - src.pricing.monte_carlo - INFO - Option price: 2.1764 ± 0.1840
2026-01-24 09:53:27,253 - src.pricing.monte_carlo - INFO - 95% CI: [1.8157, 2.5371]
2026-01-24 09:53:27,254 - src.pricing.monte_carlo - INFO - Pricing Up-And-Out Call Barrier Option using Monte Carlo...
2026-01-24 09:53:28,461 - src.pricing.monte_carlo - INFO - Option price: 1.9584 ± 0.1872
2026-01-24 09:53:28,462 - src.pricing.monte_carlo - INFO - 95% CI: [1.5915, 2.3253]
2026-01-24 09:53:28,462 - src.pricing.monte_carlo - INFO - Pricing Up-And-Out Call Barrier Option using Monte Carlo...
2026-01-24 09:53:29,722 - src.pricing.monte_carlo - INFO - Option price: 2.2936 ± 0.1864
2026-01-24 09:53:29,723 - src.pricing.monte_carlo - INFO - 95% CI: [1.9283, 2.6589]
2026-01-24 09:53:29,724 - src.pricing.monte_carlo - INFO - Greeks computed: Delta=0.2780, Gamma=-0.1967, Vega=-5.5417
2026-01-24 09:53:29,724 - src.pricing.monte_carlo - INFO - Initialized Monte Carlo engine with 500 simulations
2026-01-24 09:53:29,725 - src.pricing.monte_carlo - INFO - Pricing Up-And-Out Call Barrier Option using Monte Carlo...
2026-01-24 09:53:30,929 - src.pricing.monte_carlo - INFO - Option price: 1.8384 ± 0.1756
2026-01-24 09:53:30,930 - src.pricing.monte_carlo - INFO - 95% CI: [1.4943, 2.1825]
2026-01-24 09:53:30,931 - src.pricing.monte_carlo - INFO - Pricing Up-And-Out Call Barrier Option using Monte Carlo...
2026-01-24 09:53:32,171 - src.pricing.monte_carlo - INFO - Option price: 1.9919 ± 0.1862
2026-01-24 09:53:32,171 - src.pricing.monte_carlo - INFO - 95% CI: [1.6269, 2.3570]
2026-01-24 09:53:32,172 - src.pricing.monte_carlo - INFO - Pricing Up-And-Out Call Barrier Option using Monte Carlo...
2026-01-24 09:53:33,368 - src.pricing.monte_carlo - INFO - Option price: 2.2614 ± 0.1913
2026-01-24 09:53:33,369 - src.pricing.monte_carlo - INFO - 95% CI: [1.8865, 2.6362]
2026-01-24 09:53:33,370 - src.pricing.monte_carlo - INFO - Pricing Up-And-Out Call Barrier Option using Monte Carlo...
2026-01-24 09:53:34,568 - src.pricing.monte_carlo - INFO - Option price: 1.9329 ± 0.1744
2026-01-24 09:53:34,568 - src.pricing.monte_carlo - INFO - 95% CI: [1.5911, 2.2747]
2026-01-24 09:53:34,569 - src.pricing.monte_carlo - INFO - Pricing Up-And-Out Call Barrier Option using Monte Carlo...
2026-01-24 09:53:35,782 - src.pricing.monte_carlo - INFO - Option price: 2.0851 ± 0.1874
2026-01-24 09:53:35,782 - src.pricing.monte_carlo - INFO - 95% CI: [1.7178, 2.4524]
2026-01-24 09:53:35,783 - src.pricing.monte_carlo - INFO - Pricing Up-And-Out Call Barrier Option using Monte Carlo...
2026-01-24 09:53:36,995 - src.pricing.monte_carlo - INFO - Option price: 2.2664 ± 0.1943
2026-01-24 09:53:36,996 - src.pricing.monte_carlo - INFO - 95% CI: [1.8856, 2.6471]
2026-01-24 09:53:36,996 - src.pricing.monte_carlo - INFO - Greeks computed: Delta=-0.1347, Gamma=0.5765, Vega=9.4479
2026-01-24 09:53:36,997 - src.pricing.monte_carlo - INFO - Initialized Monte Carlo engine with 500 simulations
2026-01-24 09:53:36,997 - src.pricing.monte_carlo - INFO - Pricing Up-And-Out Call Barrier Option using Monte Carlo...
2026-01-24 09:53:38,197 - src.pricing.monte_carlo - INFO - Option price: 2.0355 ± 0.1885
2026-01-24 09:53:38,197 - src.pricing.monte_carlo - INFO - 95% CI: [1.6660, 2.4051]
2026-01-24 09:53:38,198 - src.pricing.monte_carlo - INFO - Pricing Up-And-Out Call Barrier Option using Monte Carlo...
2026-01-24 09:53:39,481 - src.pricing.monte_carlo - INFO - Option price: 2.1095 ± 0.1908
2026-01-24 09:53:39,481 - src.pricing.monte_carlo - INFO - 95% CI: [1.7355, 2.4836]
2026-01-24 09:53:39,482 - src.pricing.monte_carlo - INFO - Pricing Up-And-Out Call Barrier Option using Monte Carlo...
2026-01-24 09:53:40,713 - src.pricing.monte_carlo - INFO - Option price: 2.0957 ± 0.1818
2026-01-24 09:53:40,713 - src.pricing.monte_carlo - INFO - 95% CI: [1.7393, 2.4521]
2026-01-24 09:53:40,714 - src.pricing.monte_carlo - INFO - Pricing Up-And-Out Call Barrier Option using Monte Carlo...
2026-01-24 09:53:41,930 - src.pricing.monte_carlo - INFO - Option price: 2.0127 ± 0.1839
2026-01-24 09:53:41,930 - src.pricing.monte_carlo - INFO - 95% CI: [1.6523, 2.3731]
2026-01-24 09:53:41,931 - src.pricing.monte_carlo - INFO - Pricing Up-And-Out Call Barrier Option using Monte Carlo...
2026-01-24 09:53:43,127 - src.pricing.monte_carlo - INFO - Option price: 1.8975 ± 0.1759
2026-01-24 09:53:43,127 - src.pricing.monte_carlo - INFO - 95% CI: [1.5528, 2.2423]
2026-01-24 09:53:43,128 - src.pricing.monte_carlo - INFO - Pricing Up-And-Out Call Barrier Option using Monte Carlo...
2026-01-24 09:53:44,378 - src.pricing.monte_carlo - INFO - Option price: 1.9223 ± 0.1810
2026-01-24 09:53:44,378 - src.pricing.monte_carlo - INFO - 95% CI: [1.5676, 2.2770]
2026-01-24 09:53:44,379 - src.pricing.monte_carlo - INFO - Greeks computed: Delta=0.0069, Gamma=0.1342, Vega=-2.2805
2026-01-24 09:53:44,380 - src.pricing.monte_carlo - INFO - Initialized Monte Carlo engine with 500 simulations
2026-01-24 09:53:44,380 - src.pricing.monte_carlo - INFO - Pricing Up-And-Out Call Barrier Option using Monte Carlo...
2026-01-24 09:53:45,633 - src.pricing.monte_carlo - INFO - Option price: 1.9907 ± 0.1908
2026-01-24 09:53:45,634 - src.pricing.monte_carlo - INFO - 95% CI: [1.6167, 2.3646]
2026-01-24 09:53:45,634 - src.pricing.monte_carlo - INFO - Pricing Up-And-Out Call Barrier Option using Monte Carlo...
2026-01-24 09:53:46,845 - src.pricing.monte_carlo - INFO - Option price: 2.1876 ± 0.1882
2026-01-24 09:53:46,846 - src.pricing.monte_carlo - INFO - 95% CI: [1.8187, 2.5565]
2026-01-24 09:53:46,846 - src.pricing.monte_carlo - INFO - Pricing Up-And-Out Call Barrier Option using Monte Carlo...
2026-01-24 09:53:48,084 - src.pricing.monte_carlo - INFO - Option price: 1.6062 ± 0.1615
2026-01-24 09:53:48,084 - src.pricing.monte_carlo - INFO - 95% CI: [1.2897, 1.9227]
2026-01-24 09:53:48,085 - src.pricing.monte_carlo - INFO - Pricing Up-And-Out Call Barrier Option using Monte Carlo...
2026-01-24 09:53:49,283 - src.pricing.monte_carlo - INFO - Option price: 2.1274 ± 0.1975
2026-01-24 09:53:49,284 - src.pricing.monte_carlo - INFO - 95% CI: [1.7402, 2.5145]
2026-01-24 09:53:49,284 - src.pricing.monte_carlo - INFO - Pricing Up-And-Out Call Barrier Option using Monte Carlo...
2026-01-24 09:53:50,508 - src.pricing.monte_carlo - INFO - Option price: 2.0415 ± 0.1900
2026-01-24 09:53:50,509 - src.pricing.monte_carlo - INFO - 95% CI: [1.6691, 2.4139]
2026-01-24 09:53:50,509 - src.pricing.monte_carlo - INFO - Pricing Up-And-Out Call Barrier Option using Monte Carlo...
2026-01-24 09:53:51,727 - src.pricing.monte_carlo - INFO - Option price: 2.0505 ± 0.1927
2026-01-24 09:53:51,728 - src.pricing.monte_carlo - INFO - 95% CI: [1.6728, 2.4281]
2026-01-24 09:53:51,729 - src.pricing.monte_carlo - INFO - Greeks computed: Delta=0.2907, Gamma=-0.1875, Vega=13.6736
2026-01-24 09:53:51,730 - src.pricing.monte_carlo - INFO - Initialized Monte Carlo engine with 500 simulations
2026-01-24 09:53:51,730 - src.pricing.monte_carlo - INFO - Pricing Up-And-Out Call Barrier Option using Monte Carlo...
2026-01-24 09:53:52,985 - src.pricing.monte_carlo - INFO - Option price: 1.9693 ± 0.1815
2026-01-24 09:53:52,985 - src.pricing.monte_carlo - INFO - 95% CI: [1.6136, 2.3250]
2026-01-24 09:53:52,986 - src.pricing.monte_carlo - INFO - Pricing Up-And-Out Call Barrier Option using Monte Carlo...
2026-01-24 09:53:54,188 - src.pricing.monte_carlo - INFO - Option price: 2.0673 ± 0.1811
2026-01-24 09:53:54,189 - src.pricing.monte_carlo - INFO - 95% CI: [1.7124, 2.4222]
2026-01-24 09:53:54,190 - src.pricing.monte_carlo - INFO - Pricing Up-And-Out Call Barrier Option using Monte Carlo...
2026-01-24 09:53:55,399 - src.pricing.monte_carlo - INFO - Option price: 2.1023 ± 0.1860
2026-01-24 09:53:55,400 - src.pricing.monte_carlo - INFO - 95% CI: [1.7377, 2.4668]
2026-01-24 09:53:55,400 - src.pricing.monte_carlo - INFO - Pricing Up-And-Out Call Barrier Option using Monte Carlo...
2026-01-24 09:53:56,658 - src.pricing.monte_carlo - INFO - Option price: 1.8565 ± 0.1712
2026-01-24 09:53:56,659 - src.pricing.monte_carlo - INFO - 95% CI: [1.5210, 2.1920]
2026-01-24 09:53:56,660 - src.pricing.monte_carlo - INFO - Pricing Up-And-Out Call Barrier Option using Monte Carlo...
2026-01-24 09:53:57,870 - src.pricing.monte_carlo - INFO - Option price: 2.0139 ± 0.1854
2026-01-24 09:53:57,871 - src.pricing.monte_carlo - INFO - 95% CI: [1.6506, 2.3772]
2026-01-24 09:53:57,871 - src.pricing.monte_carlo - INFO - Pricing Up-And-Out Call Barrier Option using Monte Carlo...
2026-01-24 09:53:59,081 - src.pricing.monte_carlo - INFO - Option price: 1.9264 ± 0.1717
2026-01-24 09:53:59,082 - src.pricing.monte_carlo - INFO - 95% CI: [1.5898, 2.2630]
2026-01-24 09:53:59,082 - src.pricing.monte_carlo - INFO - Greeks computed: Delta=-0.0175, Gamma=0.2310, Vega=-11.2775
2026-01-24 09:53:59,083 - src.pricing.monte_carlo - INFO - Initialized Monte Carlo engine with 500 simulations
2026-01-24 09:53:59,083 - src.pricing.monte_carlo - INFO - Pricing Up-And-Out Call Barrier Option using Monte Carlo...
2026-01-24 09:54:00,319 - src.pricing.monte_carlo - INFO - Option price: 2.0403 ± 0.1822
2026-01-24 09:54:00,319 - src.pricing.monte_carlo - INFO - 95% CI: [1.6832, 2.3973]
2026-01-24 09:54:00,319 - src.pricing.monte_carlo - INFO - Pricing Up-And-Out Call Barrier Option using Monte Carlo...
2026-01-24 09:54:01,545 - src.pricing.monte_carlo - INFO - Option price: 2.1467 ± 0.1916
2026-01-24 09:54:01,546 - src.pricing.monte_carlo - INFO - 95% CI: [1.7711, 2.5223]
2026-01-24 09:54:01,546 - src.pricing.monte_carlo - INFO - Pricing Up-And-Out Call Barrier Option using Monte Carlo...
2026-01-24 09:54:02,811 - src.pricing.monte_carlo - INFO - Option price: 1.8491 ± 0.1739
2026-01-24 09:54:02,811 - src.pricing.monte_carlo - INFO - 95% CI: [1.5081, 2.1900]
2026-01-24 09:54:02,811 - src.pricing.monte_carlo - INFO - Pricing Up-And-Out Call Barrier Option using Monte Carlo...
2026-01-24 09:54:04,037 - src.pricing.monte_carlo - INFO - Option price: 1.9528 ± 0.1893
2026-01-24 09:54:04,037 - src.pricing.monte_carlo - INFO - 95% CI: [1.5819, 2.3238]
2026-01-24 09:54:04,038 - src.pricing.monte_carlo - INFO - Pricing Up-And-Out Call Barrier Option using Monte Carlo...
2026-01-24 09:54:05,230 - src.pricing.monte_carlo - INFO - Option price: 1.8548 ± 0.1760
2026-01-24 09:54:05,231 - src.pricing.monte_carlo - INFO - 95% CI: [1.5098, 2.1998]
2026-01-24 09:54:05,231 - src.pricing.monte_carlo - INFO - Pricing Up-And-Out Call Barrier Option using Monte Carlo...
2026-01-24 09:54:06,477 - src.pricing.monte_carlo - INFO - Option price: 1.9913 ± 0.1793
2026-01-24 09:54:06,477 - src.pricing.monte_carlo - INFO - 95% CI: [1.6399, 2.3427]
2026-01-24 09:54:06,477 - src.pricing.monte_carlo - INFO - Greeks computed: Delta=0.1488, Gamma=-0.0848, Vega=-8.7430
2026-01-24 09:54:06,478 - src.pricing.monte_carlo - INFO - Initialized Monte Carlo engine with 500 simulations
2026-01-24 09:54:06,478 - src.pricing.monte_carlo - INFO - Pricing Up-And-Out Call Barrier Option using Monte Carlo...
2026-01-24 09:54:07,699 - src.pricing.monte_carlo - INFO - Option price: 2.2525 ± 0.1953
2026-01-24 09:54:07,700 - src.pricing.monte_carlo - INFO - 95% CI: [1.8697, 2.6353]
2026-01-24 09:54:07,701 - src.pricing.monte_carlo - INFO - Pricing Up-And-Out Call Barrier Option using Monte Carlo...
2026-01-24 09:54:08,948 - src.pricing.monte_carlo - INFO - Option price: 1.7744 ± 0.1733
2026-01-24 09:54:08,948 - src.pricing.monte_carlo - INFO - 95% CI: [1.4348, 2.1140]
2026-01-24 09:54:08,949 - src.pricing.monte_carlo - INFO - Pricing Up-And-Out Call Barrier Option using Monte Carlo...
2026-01-24 09:54:10,219 - src.pricing.monte_carlo - INFO - Option price: 1.7838 ± 0.1701
2026-01-24 09:54:10,220 - src.pricing.monte_carlo - INFO - 95% CI: [1.4505, 2.1171]
2026-01-24 09:54:10,220 - src.pricing.monte_carlo - INFO - Pricing Up-And-Out Call Barrier Option using Monte Carlo...
2026-01-24 09:54:11,436 - src.pricing.monte_carlo - INFO - Option price: 1.9423 ± 0.1775
2026-01-24 09:54:11,436 - src.pricing.monte_carlo - INFO - 95% CI: [1.5944, 2.2903]
2026-01-24 09:54:11,437 - src.pricing.monte_carlo - INFO - Pricing Up-And-Out Call Barrier Option using Monte Carlo...
2026-01-24 09:54:12,681 - src.pricing.monte_carlo - INFO - Option price: 2.1544 ± 0.1898
2026-01-24 09:54:12,682 - src.pricing.monte_carlo - INFO - 95% CI: [1.7825, 2.5264]
2026-01-24 09:54:12,682 - src.pricing.monte_carlo - INFO - Pricing Up-And-Out Call Barrier Option using Monte Carlo...
2026-01-24 09:54:13,914 - src.pricing.monte_carlo - INFO - Option price: 2.0030 ± 0.1749
2026-01-24 09:54:13,914 - src.pricing.monte_carlo - INFO - 95% CI: [1.6602, 2.3458]
2026-01-24 09:54:13,915 - src.pricing.monte_carlo - INFO - Greeks computed: Delta=-0.0047, Gamma=-0.9468, Vega=-31.0176
2026-01-24 09:54:13,916 - src.pricing.monte_carlo - INFO - Initialized Monte Carlo engine with 500 simulations
2026-01-24 09:54:13,916 - src.pricing.monte_carlo - INFO - Pricing Up-And-Out Call Barrier Option using Monte Carlo...
2026-01-24 09:54:15,143 - src.pricing.monte_carlo - INFO - Option price: 1.7246 ± 0.1748
2026-01-24 09:54:15,143 - src.pricing.monte_carlo - INFO - 95% CI: [1.3820, 2.0672]
2026-01-24 09:54:15,144 - src.pricing.monte_carlo - INFO - Pricing Up-And-Out Call Barrier Option using Monte Carlo...
2026-01-24 09:54:16,360 - src.pricing.monte_carlo - INFO - Option price: 2.6420 ± 0.2116
2026-01-24 09:54:16,360 - src.pricing.monte_carlo - INFO - 95% CI: [2.2273, 3.0567]
2026-01-24 09:54:16,361 - src.pricing.monte_carlo - INFO - Pricing Up-And-Out Call Barrier Option using Monte Carlo...
2026-01-24 09:54:17,550 - src.pricing.monte_carlo - INFO - Option price: 2.1392 ± 0.1849
2026-01-24 09:54:17,550 - src.pricing.monte_carlo - INFO - 95% CI: [1.7768, 2.5017]
2026-01-24 09:54:17,551 - src.pricing.monte_carlo - INFO - Pricing Up-And-Out Call Barrier Option using Monte Carlo...
2026-01-24 09:54:18,768 - src.pricing.monte_carlo - INFO - Option price: 2.1772 ± 0.1902
2026-01-24 09:54:18,769 - src.pricing.monte_carlo - INFO - 95% CI: [1.8044, 2.5500]
2026-01-24 09:54:18,769 - src.pricing.monte_carlo - INFO - Pricing Up-And-Out Call Barrier Option using Monte Carlo...
2026-01-24 09:54:19,979 - src.pricing.monte_carlo - INFO - Option price: 1.9069 ± 0.1801
2026-01-24 09:54:19,979 - src.pricing.monte_carlo - INFO - 95% CI: [1.5540, 2.2599]
2026-01-24 09:54:19,980 - src.pricing.monte_carlo - INFO - Pricing Up-And-Out Call Barrier Option using Monte Carlo...
2026-01-24 09:54:21,152 - src.pricing.monte_carlo - INFO - Option price: 1.8107 ± 0.1720
2026-01-24 09:54:21,153 - src.pricing.monte_carlo - INFO - 95% CI: [1.4736, 2.1477]
2026-01-24 09:54:21,153 - src.pricing.monte_carlo - INFO - Greeks computed: Delta=0.2514, Gamma=1.3320, Vega=45.2639
2026-01-24 09:54:21,154 - src.pricing.monte_carlo - INFO - Initialized Monte Carlo engine with 500 simulations
2026-01-24 09:54:21,154 - src.pricing.monte_carlo - INFO - Pricing Up-And-Out Call Barrier Option using Monte Carlo...
2026-01-24 09:54:22,351 - src.pricing.monte_carlo - INFO - Option price: 1.9212 ± 0.1788
2026-01-24 09:54:22,354 - src.pricing.monte_carlo - INFO - 95% CI: [1.5708, 2.2717]
2026-01-24 09:54:22,355 - src.pricing.monte_carlo - INFO - Pricing Up-And-Out Call Barrier Option using Monte Carlo...
2026-01-24 09:54:23,551 - src.pricing.monte_carlo - INFO - Option price: 2.0736 ± 0.1871
2026-01-24 09:54:23,552 - src.pricing.monte_carlo - INFO - 95% CI: [1.7069, 2.4403]
2026-01-24 09:54:23,552 - src.pricing.monte_carlo - INFO - Pricing Up-And-Out Call Barrier Option using Monte Carlo...
2026-01-24 09:54:24,801 - src.pricing.monte_carlo - INFO - Option price: 2.1462 ± 0.1897
2026-01-24 09:54:24,802 - src.pricing.monte_carlo - INFO - 95% CI: [1.7744, 2.5181]
2026-01-24 09:54:24,802 - src.pricing.monte_carlo - INFO - Pricing Up-And-Out Call Barrier Option using Monte Carlo...
2026-01-24 09:54:25,993 - src.pricing.monte_carlo - INFO - Option price: 2.5203 ± 0.2049
2026-01-24 09:54:25,993 - src.pricing.monte_carlo - INFO - 95% CI: [2.1186, 2.9220]
2026-01-24 09:54:25,994 - src.pricing.monte_carlo - INFO - Pricing Up-And-Out Call Barrier Option using Monte Carlo...
2026-01-24 09:54:27,190 - src.pricing.monte_carlo - INFO - Option price: 2.0385 ± 0.1851
2026-01-24 09:54:27,191 - src.pricing.monte_carlo - INFO - 95% CI: [1.6757, 2.4012]
2026-01-24 09:54:27,191 - src.pricing.monte_carlo - INFO - Pricing Up-And-Out Call Barrier Option using Monte Carlo...
2026-01-24 09:54:28,423 - src.pricing.monte_carlo - INFO - Option price: 2.1909 ± 0.1854
2026-01-24 09:54:28,424 - src.pricing.monte_carlo - INFO - 95% CI: [1.8275, 2.5542]
2026-01-24 09:54:28,425 - src.pricing.monte_carlo - INFO - Greeks computed: Delta=-0.0363, Gamma=0.3774, Vega=59.9064
2026-01-24 09:54:28,425 - src.pricing.monte_carlo - INFO - Initialized Monte Carlo engine with 500 simulations
2026-01-24 09:54:28,426 - src.pricing.monte_carlo - INFO - Pricing Up-And-Out Call Barrier Option using Monte Carlo...
2026-01-24 09:54:29,631 - src.pricing.monte_carlo - INFO - Option price: 1.8201 ± 0.1784
2026-01-24 09:54:29,631 - src.pricing.monte_carlo - INFO - 95% CI: [1.4705, 2.1697]
2026-01-24 09:54:29,632 - src.pricing.monte_carlo - INFO - Pricing Up-And-Out Call Barrier Option using Monte Carlo...
2026-01-24 09:54:30,843 - src.pricing.monte_carlo - INFO - Option price: 2.2205 ± 0.1909
2026-01-24 09:54:30,843 - src.pricing.monte_carlo - INFO - 95% CI: [1.8463, 2.5947]
2026-01-24 09:54:30,844 - src.pricing.monte_carlo - INFO - Pricing Up-And-Out Call Barrier Option using Monte Carlo...
2026-01-24 09:54:32,138 - src.pricing.monte_carlo - INFO - Option price: 2.2448 ± 0.1902
2026-01-24 09:54:32,138 - src.pricing.monte_carlo - INFO - 95% CI: [1.8721, 2.6176]
2026-01-24 09:54:32,139 - src.pricing.monte_carlo - INFO - Pricing Up-And-Out Call Barrier Option using Monte Carlo...
2026-01-24 09:54:33,350 - src.pricing.monte_carlo - INFO - Option price: 1.9132 ± 0.1790
2026-01-24 09:54:33,350 - src.pricing.monte_carlo - INFO - 95% CI: [1.5623, 2.2640]
2026-01-24 09:54:33,351 - src.pricing.monte_carlo - INFO - Pricing Up-And-Out Call Barrier Option using Monte Carlo...
2026-01-24 09:54:34,569 - src.pricing.monte_carlo - INFO - Option price: 2.0179 ± 0.1759
2026-01-24 09:54:34,569 - src.pricing.monte_carlo - INFO - 95% CI: [1.6731, 2.3627]
2026-01-24 09:54:34,570 - src.pricing.monte_carlo - INFO - Pricing Up-And-Out Call Barrier Option using Monte Carlo...
2026-01-24 09:54:35,776 - src.pricing.monte_carlo - INFO - Option price: 1.7233 ± 0.1669
2026-01-24 09:54:35,777 - src.pricing.monte_carlo - INFO - 95% CI: [1.3961, 2.0505]
2026-01-24 09:54:35,778 - src.pricing.monte_carlo - INFO - Greeks computed: Delta=-0.0122, Gamma=0.8252, Vega=9.3087
2026-01-24 09:54:35,779 - src.pricing.monte_carlo - INFO - Initialized Monte Carlo engine with 500 simulations
2026-01-24 09:54:35,779 - src.pricing.monte_carlo - INFO - Pricing Up-And-Out Call Barrier Option using Monte Carlo...
2026-01-24 09:54:37,000 - src.pricing.monte_carlo - INFO - Option price: 1.9892 ± 0.1872
2026-01-24 09:54:37,000 - src.pricing.monte_carlo - INFO - 95% CI: [1.6223, 2.3561]
2026-01-24 09:54:37,001 - src.pricing.monte_carlo - INFO - Pricing Up-And-Out Call Barrier Option using Monte Carlo...
2026-01-24 09:54:38,236 - src.pricing.monte_carlo - INFO - Option price: 1.8412 ± 0.1721
2026-01-24 09:54:38,237 - src.pricing.monte_carlo - INFO - 95% CI: [1.5038, 2.1786]
2026-01-24 09:54:38,237 - src.pricing.monte_carlo - INFO - Pricing Up-And-Out Call Barrier Option using Monte Carlo...
2026-01-24 09:54:39,450 - src.pricing.monte_carlo - INFO - Option price: 1.9754 ± 0.1800
2026-01-24 09:54:39,459 - src.pricing.monte_carlo - INFO - 95% CI: [1.6226, 2.3282]
2026-01-24 09:54:39,459 - src.pricing.monte_carlo - INFO - Pricing Up-And-Out Call Barrier Option using Monte Carlo...
2026-01-24 09:54:40,700 - src.pricing.monte_carlo - INFO - Option price: 1.7592 ± 0.1724
2026-01-24 09:54:40,700 - src.pricing.monte_carlo - INFO - 95% CI: [1.4212, 2.0971]
2026-01-24 09:54:40,701 - src.pricing.monte_carlo - INFO - Pricing Up-And-Out Call Barrier Option using Monte Carlo...
2026-01-24 09:54:41,934 - src.pricing.monte_carlo - INFO - Option price: 1.9343 ± 0.1839
2026-01-24 09:54:41,934 - src.pricing.monte_carlo - INFO - 95% CI: [1.5739, 2.2948]
2026-01-24 09:54:41,935 - src.pricing.monte_carlo - INFO - Pricing Up-And-Out Call Barrier Option using Monte Carlo...
2026-01-24 09:54:43,153 - src.pricing.monte_carlo - INFO - Option price: 2.0180 ± 0.1764
2026-01-24 09:54:43,154 - src.pricing.monte_carlo - INFO - 95% CI: [1.6723, 2.3637]
2026-01-24 09:54:43,154 - src.pricing.monte_carlo - INFO - Greeks computed: Delta=-0.0671, Gamma=-0.1617, Vega=-22.9997
2026-01-24 09:54:43,155 - src.pricing.monte_carlo - INFO - Initialized Monte Carlo engine with 500 simulations
2026-01-24 09:54:43,155 - src.pricing.monte_carlo - INFO - Pricing Up-And-Out Call Barrier Option using Monte Carlo...
2026-01-24 09:54:44,379 - src.pricing.monte_carlo - INFO - Option price: 2.2397 ± 0.1835
2026-01-24 09:54:44,380 - src.pricing.monte_carlo - INFO - 95% CI: [1.8800, 2.5994]
2026-01-24 09:54:44,380 - src.pricing.monte_carlo - INFO - Pricing Up-And-Out Call Barrier Option using Monte Carlo...
2026-01-24 09:54:45,585 - src.pricing.monte_carlo - INFO - Option price: 2.1176 ± 0.1907
2026-01-24 09:54:45,585 - src.pricing.monte_carlo - INFO - 95% CI: [1.7438, 2.4913]
2026-01-24 09:54:45,586 - src.pricing.monte_carlo - INFO - Pricing Up-And-Out Call Barrier Option using Monte Carlo...
2026-01-24 09:54:46,778 - src.pricing.monte_carlo - INFO - Option price: 2.0567 ± 0.1758
2026-01-24 09:54:46,779 - src.pricing.monte_carlo - INFO - 95% CI: [1.7121, 2.4012]
2026-01-24 09:54:46,779 - src.pricing.monte_carlo - INFO - Pricing Up-And-Out Call Barrier Option using Monte Carlo...
2026-01-24 09:54:47,996 - src.pricing.monte_carlo - INFO - Option price: 1.7777 ± 0.1782
2026-01-24 09:54:47,997 - src.pricing.monte_carlo - INFO - 95% CI: [1.4283, 2.1270]
2026-01-24 09:54:47,997 - src.pricing.monte_carlo - INFO - Pricing Up-And-Out Call Barrier Option using Monte Carlo...
2026-01-24 09:54:49,185 - src.pricing.monte_carlo - INFO - Option price: 1.9852 ± 0.1787
2026-01-24 09:54:49,185 - src.pricing.monte_carlo - INFO - 95% CI: [1.6350, 2.3353]
2026-01-24 09:54:49,186 - src.pricing.monte_carlo - INFO - Pricing Up-And-Out Call Barrier Option using Monte Carlo...
2026-01-24 09:54:50,425 - src.pricing.monte_carlo - INFO - Option price: 2.3132 ± 0.1986
2026-01-24 09:54:50,426 - src.pricing.monte_carlo - INFO - 95% CI: [1.9240, 2.7024]
2026-01-24 09:54:50,427 - src.pricing.monte_carlo - INFO - Greeks computed: Delta=0.0305, Gamma=-0.3052, Vega=-46.2010
2026-01-24 09:54:50,427 - src.pricing.monte_carlo - INFO - Initialized Monte Carlo engine with 500 simulations
2026-01-24 09:54:50,427 - src.pricing.monte_carlo - INFO - Pricing Up-And-Out Call Barrier Option using Monte Carlo...
2026-01-24 09:54:51,637 - src.pricing.monte_carlo - INFO - Option price: 2.1574 ± 0.1880
2026-01-24 09:54:51,637 - src.pricing.monte_carlo - INFO - 95% CI: [1.7889, 2.5258]
2026-01-24 09:54:51,638 - src.pricing.monte_carlo - INFO - Pricing Up-And-Out Call Barrier Option using Monte Carlo...
2026-01-24 09:54:52,875 - src.pricing.monte_carlo - INFO - Option price: 1.7631 ± 0.1706
2026-01-24 09:54:52,876 - src.pricing.monte_carlo - INFO - 95% CI: [1.4287, 2.0975]
2026-01-24 09:54:52,877 - src.pricing.monte_carlo - INFO - Pricing Up-And-Out Call Barrier Option using Monte Carlo...
2026-01-24 09:54:54,097 - src.pricing.monte_carlo - INFO - Option price: 2.1909 ± 0.1907
2026-01-24 09:54:54,098 - src.pricing.monte_carlo - INFO - 95% CI: [1.8171, 2.5646]
2026-01-24 09:54:54,098 - src.pricing.monte_carlo - INFO - Pricing Up-And-Out Call Barrier Option using Monte Carlo...
2026-01-24 09:54:55,353 - src.pricing.monte_carlo - INFO - Option price: 2.2659 ± 0.1903
2026-01-24 09:54:55,354 - src.pricing.monte_carlo - INFO - 95% CI: [1.8928, 2.6389]
2026-01-24 09:54:55,355 - src.pricing.monte_carlo - INFO - Pricing Up-And-Out Call Barrier Option using Monte Carlo...
2026-01-24 09:54:56,575 - src.pricing.monte_carlo - INFO - Option price: 1.9470 ± 0.1811
2026-01-24 09:54:56,575 - src.pricing.monte_carlo - INFO - 95% CI: [1.5919, 2.3020]
2026-01-24 09:54:56,575 - src.pricing.monte_carlo - INFO - Pricing Up-And-Out Call Barrier Option using Monte Carlo...
2026-01-24 09:54:57,790 - src.pricing.monte_carlo - INFO - Option price: 2.4874 ± 0.2006
2026-01-24 09:54:57,790 - src.pricing.monte_carlo - INFO - 95% CI: [2.0942, 2.8806]
2026-01-24 09:54:57,791 - src.pricing.monte_carlo - INFO - Greeks computed: Delta=-0.2139, Gamma=-0.3608, Vega=10.8523
2026-01-24 09:54:57,791 - src.pricing.monte_carlo - INFO - Initialized Monte Carlo engine with 500 simulations
2026-01-24 09:54:57,792 - src.pricing.monte_carlo - INFO - Pricing Up-And-Out Call Barrier Option using Monte Carlo...
2026-01-24 09:54:59,050 - src.pricing.monte_carlo - INFO - Option price: 2.0666 ± 0.1888
2026-01-24 09:54:59,051 - src.pricing.monte_carlo - INFO - 95% CI: [1.6965, 2.4367]
2026-01-24 09:54:59,051 - src.pricing.monte_carlo - INFO - Pricing Up-And-Out Call Barrier Option using Monte Carlo...
2026-01-24 09:55:00,306 - src.pricing.monte_carlo - INFO - Option price: 2.0596 ± 0.1798
2026-01-24 09:55:00,306 - src.pricing.monte_carlo - INFO - 95% CI: [1.7073, 2.4120]
2026-01-24 09:55:00,307 - src.pricing.monte_carlo - INFO - Pricing Up-And-Out Call Barrier Option using Monte Carlo...
2026-01-24 09:55:01,534 - src.pricing.monte_carlo - INFO - Option price: 2.0460 ± 0.1812
2026-01-24 09:55:01,535 - src.pricing.monte_carlo - INFO - 95% CI: [1.6908, 2.4012]
2026-01-24 09:55:01,535 - src.pricing.monte_carlo - INFO - Pricing Up-And-Out Call Barrier Option using Monte Carlo...
2026-01-24 09:55:02,773 - src.pricing.monte_carlo - INFO - Option price: 2.3000 ± 0.1939
2026-01-24 09:55:02,773 - src.pricing.monte_carlo - INFO - 95% CI: [1.9200, 2.6801]
2026-01-24 09:55:02,774 - src.pricing.monte_carlo - INFO - Pricing Up-And-Out Call Barrier Option using Monte Carlo...
2026-01-24 09:55:04,005 - src.pricing.monte_carlo - INFO - Option price: 1.8544 ± 0.1734
2026-01-24 09:55:04,005 - src.pricing.monte_carlo - INFO - 95% CI: [1.5145, 2.1943]
2026-01-24 09:55:04,006 - src.pricing.monte_carlo - INFO - Pricing Up-And-Out Call Barrier Option using Monte Carlo...
2026-01-24 09:55:05,218 - src.pricing.monte_carlo - INFO - Option price: 1.8860 ± 0.1713
2026-01-24 09:55:05,219 - src.pricing.monte_carlo - INFO - 95% CI: [1.5503, 2.2217]
2026-01-24 09:55:05,220 - src.pricing.monte_carlo - INFO - Greeks computed: Delta=0.0068, Gamma=-0.0276, Vega=23.3421
2026-01-24 09:55:05,221 - src.analytics.visualization - INFO - Initialized visualizer with output dir: results\comprehensive_analysis
2026-01-24 09:55:07,226 - src.analytics.visualization - INFO - Saved plot to asset_price_paths.png
2026-01-24 11:06:49,478 - src.utils.data_utils - INFO - Logging initialized
2026-01-24 11:06:49,479 - src.utils.data_utils - INFO - Created output directory: results\comprehensive_analysis
2026-01-24 11:06:49,494 - src.utils.data_utils - INFO - Loaded configuration from C:\Users\ayushi.priya\Downloads\project2\project2\config\model_config.yaml
2026-01-24 11:06:49,495 - src.models.regime_switching - INFO - Initialized Markov chain with 3 regimes
2026-01-24 11:06:49,495 - src.models.regime_switching - INFO - Initialized regime-switching model with 3 regimes
2026-01-24 11:06:49,505 - src.models.asset_dynamics - INFO - Initialized asset simulator with S0=100.0, r=0.03
2026-01-24 11:06:49,506 - src.analytics.validation - INFO - Testing martingale property with 10000 paths...
2026-01-24 11:06:49,506 - src.models.asset_dynamics - INFO - Validating martingale property...
2026-01-24 11:07:28,173 - src.models.asset_dynamics - INFO - Martingale test: E^Q[S_T e^(-rT)] = 99.1655, S_0 = 100.0000
2026-01-24 11:07:28,174 - src.models.asset_dynamics - INFO - Relative error: -0.83%
2026-01-24 11:07:28,249 - src.analytics.validation - INFO - Testing regime stationarity...
2026-01-24 11:07:47,575 - src.pricing.monte_carlo - INFO - Initialized Monte Carlo engine with 20000 simulations
2026-01-24 11:07:47,575 - src.pricing.monte_carlo - INFO - Pricing Up-And-Out Call Barrier Option using Monte Carlo...
2026-01-24 11:08:38,353 - src.pricing.monte_carlo - INFO - Option price: 2.1132 ± 0.0297
2026-01-24 11:08:38,356 - src.pricing.monte_carlo - INFO - 95% CI: [2.0551, 2.1714]
2026-01-24 11:08:38,369 - src.pricing.monte_carlo - INFO - Pricing European Call using Monte Carlo...
2026-01-24 11:09:26,617 - src.pricing.monte_carlo - INFO - Option price: 7.3540 ± 0.0748
2026-01-24 11:09:26,617 - src.pricing.monte_carlo - INFO - 95% CI: [7.2074, 7.5006]
2026-01-24 11:09:26,631 - src.pricing.monte_carlo - INFO - Pricing Arithmetic Asian Call using Monte Carlo...
2026-01-24 11:10:17,081 - src.pricing.monte_carlo - INFO - Option price: 4.0314 ± 0.0406
2026-01-24 11:10:17,081 - src.pricing.monte_carlo - INFO - 95% CI: [3.9518, 4.1109]
2026-01-24 11:10:17,102 - src.pricing.monte_carlo - INFO - Pricing European Call using Monte Carlo...
2026-01-24 11:11:05,946 - src.pricing.monte_carlo - INFO - Option price: 7.3540 ± 0.0748
2026-01-24 11:11:05,946 - src.pricing.monte_carlo - INFO - 95% CI: [7.2074, 7.5006]
2026-01-24 11:11:05,957 - src.pricing.monte_carlo - INFO - Running convergence analysis...
2026-01-24 11:11:05,958 - src.pricing.monte_carlo - INFO - Pricing Up-And-Out Call Barrier Option using Monte Carlo...
2026-01-24 11:11:08,425 - src.pricing.monte_carlo - INFO - Option price: 2.1447 ± 0.1312
2026-01-24 11:11:08,425 - src.pricing.monte_carlo - INFO - 95% CI: [1.8875, 2.4018]
2026-01-24 11:11:08,426 - src.pricing.monte_carlo - INFO - Pricing Up-And-Out Call Barrier Option using Monte Carlo...
2026-01-24 11:11:20,849 - src.pricing.monte_carlo - INFO - Option price: 2.0354 ± 0.0586
2026-01-24 11:11:20,850 - src.pricing.monte_carlo - INFO - 95% CI: [1.9206, 2.1502]
2026-01-24 11:11:20,852 - src.pricing.monte_carlo - INFO - Pricing Up-And-Out Call Barrier Option using Monte Carlo...
2026-01-24 11:11:45,579 - src.pricing.monte_carlo - INFO - Option price: 2.1054 ± 0.0420
2026-01-24 11:11:45,580 - src.pricing.monte_carlo - INFO - 95% CI: [2.0230, 2.1878]
2026-01-24 11:11:45,583 - src.pricing.monte_carlo - INFO - Pricing Up-And-Out Call Barrier Option using Monte Carlo...
2026-01-24 11:13:49,792 - src.pricing.monte_carlo - INFO - Option price: 2.0657 ± 0.0184
2026-01-24 11:13:49,792 - src.pricing.monte_carlo - INFO - 95% CI: [2.0296, 2.1018]
2026-01-24 11:13:49,831 - src.pricing.monte_carlo - INFO - Pricing Up-And-Out Call Barrier Option using Monte Carlo...
2026-01-24 11:14:39,693 - src.pricing.monte_carlo - INFO - Option price: 2.1132 ± 0.0297
2026-01-24 11:14:39,693 - src.pricing.monte_carlo - INFO - 95% CI: [2.0551, 2.1714]
2026-01-24 11:14:39,699 - src.pricing.monte_carlo - INFO - Pricing Up-And-Out Call Barrier Option using Monte Carlo...
2026-01-24 11:15:29,221 - src.pricing.monte_carlo - INFO - Option price: 2.1348 ± 0.0300
2026-01-24 11:15:29,221 - src.pricing.monte_carlo - INFO - 95% CI: [2.0761, 2.1936]
2026-01-24 11:15:29,242 - src.pricing.monte_carlo - INFO - Pricing Up-And-Out Call Barrier Option using Monte Carlo...
2026-01-24 11:16:19,703 - src.pricing.monte_carlo - INFO - Option price: 2.0780 ± 0.0293
2026-01-24 11:16:19,703 - src.pricing.monte_carlo - INFO - 95% CI: [2.0205, 2.1355]
2026-01-24 11:16:19,716 - src.pricing.monte_carlo - INFO - Pricing Up-And-Out Call Barrier Option using Monte Carlo...
2026-01-24 11:17:09,938 - src.pricing.monte_carlo - INFO - Option price: 2.0857 ± 0.0295
2026-01-24 11:17:09,938 - src.pricing.monte_carlo - INFO - 95% CI: [2.0278, 2.1436]
2026-01-24 11:17:09,946 - src.pricing.monte_carlo - INFO - Pricing Up-And-Out Call Barrier Option using Monte Carlo...
2026-01-24 11:18:00,055 - src.pricing.monte_carlo - INFO - Option price: 2.0878 ± 0.0294
2026-01-24 11:18:00,055 - src.pricing.monte_carlo - INFO - 95% CI: [2.0301, 2.1455]
2026-01-24 11:18:00,060 - src.pricing.monte_carlo - INFO - Pricing Up-And-Out Call Barrier Option using Monte Carlo...
2026-01-24 11:18:49,077 - src.pricing.monte_carlo - INFO - Option price: 2.1615 ± 0.0300
2026-01-24 11:18:49,078 - src.pricing.monte_carlo - INFO - 95% CI: [2.1027, 2.2203]
2026-01-24 11:18:49,087 - src.pricing.monte_carlo - INFO - Greeks computed: Delta=0.0284, Gamma=-0.0136, Vega=-2.7548
2026-01-24 11:18:49,088 - src.hedging.optimization - INFO - Initialized mean-variance hedger with lambda=0.5
2026-01-24 11:18:49,088 - src.hedging.portfolio - INFO - Created hedging portfolio for Up-And-Out Call Barrier Option
2026-01-24 11:18:49,088 - src.hedging.portfolio - INFO - Added Stock to portfolio
2026-01-24 11:18:49,089 - src.hedging.portfolio - INFO - Added Call K=100 to portfolio
2026-01-24 11:18:49,089 - src.hedging.optimization - INFO - Executing dynamic hedge with 20 rebalances...
2026-01-24 11:18:49,090 - src.pricing.monte_carlo - INFO - Initialized Monte Carlo engine with 500 simulations
2026-01-24 11:18:49,090 - src.pricing.monte_carlo - INFO - Pricing Up-And-Out Call Barrier Option using Monte Carlo...
2026-01-24 11:18:50,329 - src.pricing.monte_carlo - INFO - Option price: 1.8192 ± 0.1736
2026-01-24 11:18:50,329 - src.pricing.monte_carlo - INFO - 95% CI: [1.4790, 2.1594]
2026-01-24 11:18:50,331 - src.pricing.monte_carlo - INFO - Pricing Up-And-Out Call Barrier Option using Monte Carlo...
2026-01-24 11:18:51,542 - src.pricing.monte_carlo - INFO - Option price: 2.2141 ± 0.1985
2026-01-24 11:18:51,543 - src.pricing.monte_carlo - INFO - 95% CI: [1.8250, 2.6032]
2026-01-24 11:18:51,543 - src.pricing.monte_carlo - INFO - Pricing Up-And-Out Call Barrier Option using Monte Carlo...
2026-01-24 11:18:52,771 - src.pricing.monte_carlo - INFO - Option price: 2.1052 ± 0.1898
2026-01-24 11:18:52,772 - src.pricing.monte_carlo - INFO - 95% CI: [1.7332, 2.4773]
2026-01-24 11:18:52,772 - src.pricing.monte_carlo - INFO - Pricing Up-And-Out Call Barrier Option using Monte Carlo...
2026-01-24 11:18:54,006 - src.pricing.monte_carlo - INFO - Option price: 2.1719 ± 0.1887
2026-01-24 11:18:54,007 - src.pricing.monte_carlo - INFO - 95% CI: [1.8020, 2.5418]
2026-01-24 11:18:54,007 - src.pricing.monte_carlo - INFO - Pricing Up-And-Out Call Barrier Option using Monte Carlo...
2026-01-24 11:18:55,248 - src.pricing.monte_carlo - INFO - Option price: 2.0854 ± 0.1810
2026-01-24 11:18:55,248 - src.pricing.monte_carlo - INFO - 95% CI: [1.7306, 2.4402]
2026-01-24 11:18:55,249 - src.pricing.monte_carlo - INFO - Pricing Up-And-Out Call Barrier Option using Monte Carlo...
2026-01-24 11:18:56,533 - src.pricing.monte_carlo - INFO - Option price: 1.8631 ± 0.1760
2026-01-24 11:18:56,533 - src.pricing.monte_carlo - INFO - 95% CI: [1.5181, 2.2081]
2026-01-24 11:18:56,533 - src.pricing.monte_carlo - INFO - Greeks computed: Delta=0.0544, Gamma=0.6810, Vega=35.2709
2026-01-24 11:18:56,534 - src.pricing.monte_carlo - INFO - Initialized Monte Carlo engine with 500 simulations
2026-01-24 11:18:56,534 - src.pricing.monte_carlo - INFO - Pricing Up-And-Out Call Barrier Option using Monte Carlo...
2026-01-24 11:18:57,767 - src.pricing.monte_carlo - INFO - Option price: 1.9994 ± 0.1808
2026-01-24 11:18:57,768 - src.pricing.monte_carlo - INFO - 95% CI: [1.6450, 2.3537]
2026-01-24 11:18:57,768 - src.pricing.monte_carlo - INFO - Pricing Up-And-Out Call Barrier Option using Monte Carlo...
2026-01-24 11:18:58,980 - src.pricing.monte_carlo - INFO - Option price: 1.8511 ± 0.1786
2026-01-24 11:18:58,980 - src.pricing.monte_carlo - INFO - 95% CI: [1.5011, 2.2011]
2026-01-24 11:18:58,981 - src.pricing.monte_carlo - INFO - Pricing Up-And-Out Call Barrier Option using Monte Carlo...
2026-01-24 11:19:00,219 - src.pricing.monte_carlo - INFO - Option price: 2.0722 ± 0.1890
2026-01-24 11:19:00,219 - src.pricing.monte_carlo - INFO - 95% CI: [1.7018, 2.4427]
2026-01-24 11:19:00,220 - src.pricing.monte_carlo - INFO - Pricing Up-And-Out Call Barrier Option using Monte Carlo...
2026-01-24 11:19:01,434 - src.pricing.monte_carlo - INFO - Option price: 1.9037 ± 0.1742
2026-01-24 11:19:01,434 - src.pricing.monte_carlo - INFO - 95% CI: [1.5623, 2.2451]
2026-01-24 11:19:01,435 - src.pricing.monte_carlo - INFO - Pricing Up-And-Out Call Barrier Option using Monte Carlo...
2026-01-24 11:19:02,647 - src.pricing.monte_carlo - INFO - Option price: 2.1523 ± 0.1844
2026-01-24 11:19:02,648 - src.pricing.monte_carlo - INFO - 95% CI: [1.7908, 2.5137]
2026-01-24 11:19:02,648 - src.pricing.monte_carlo - INFO - Pricing Up-And-Out Call Barrier Option using Monte Carlo...
2026-01-24 11:19:03,912 - src.pricing.monte_carlo - INFO - Option price: 1.9902 ± 0.1876
2026-01-24 11:19:03,912 - src.pricing.monte_carlo - INFO - 95% CI: [1.6225, 2.3579]
2026-01-24 11:19:03,913 - src.pricing.monte_carlo - INFO - Greeks computed: Delta=-0.1106, Gamma=-0.0754, Vega=-9.5662
2026-01-24 11:19:03,913 - src.pricing.monte_carlo - INFO - Initialized Monte Carlo engine with 500 simulations
2026-01-24 11:19:03,914 - src.pricing.monte_carlo - INFO - Pricing Up-And-Out Call Barrier Option using Monte Carlo...
2026-01-24 11:19:05,181 - src.pricing.monte_carlo - INFO - Option price: 2.0789 ± 0.1824
2026-01-24 11:19:05,182 - src.pricing.monte_carlo - INFO - 95% CI: [1.7213, 2.4365]
2026-01-24 11:19:05,182 - src.pricing.monte_carlo - INFO - Pricing Up-And-Out Call Barrier Option using Monte Carlo...
2026-01-24 11:19:06,399 - src.pricing.monte_carlo - INFO - Option price: 2.3468 ± 0.1948
2026-01-24 11:19:06,399 - src.pricing.monte_carlo - INFO - 95% CI: [1.9650, 2.7287]
2026-01-24 11:19:06,400 - src.pricing.monte_carlo - INFO - Pricing Up-And-Out Call Barrier Option using Monte Carlo...
2026-01-24 11:19:07,628 - src.pricing.monte_carlo - INFO - Option price: 1.9490 ± 0.1812
2026-01-24 11:19:07,628 - src.pricing.monte_carlo - INFO - 95% CI: [1.5937, 2.3042]
2026-01-24 11:19:07,629 - src.pricing.monte_carlo - INFO - Pricing Up-And-Out Call Barrier Option using Monte Carlo...
2026-01-24 11:19:08,854 - src.pricing.monte_carlo - INFO - Option price: 1.8336 ± 0.1729
2026-01-24 11:19:08,854 - src.pricing.monte_carlo - INFO - 95% CI: [1.4948, 2.1725]
2026-01-24 11:19:08,855 - src.pricing.monte_carlo - INFO - Pricing Up-And-Out Call Barrier Option using Monte Carlo...
2026-01-24 11:19:10,070 - src.pricing.monte_carlo - INFO - Option price: 2.1206 ± 0.1900
2026-01-24 11:19:10,071 - src.pricing.monte_carlo - INFO - 95% CI: [1.7482, 2.4930]
2026-01-24 11:19:10,071 - src.pricing.monte_carlo - INFO - Pricing Up-And-Out Call Barrier Option using Monte Carlo...
2026-01-24 11:19:11,295 - src.pricing.monte_carlo - INFO - Option price: 2.0897 ± 0.1868
2026-01-24 11:19:11,295 - src.pricing.monte_carlo - INFO - 95% CI: [1.7236, 2.4559]
2026-01-24 11:19:11,296 - src.pricing.monte_carlo - INFO - Greeks computed: Delta=0.1989, Gamma=0.1380, Vega=-24.5296
2026-01-24 11:19:11,297 - src.pricing.monte_carlo - INFO - Initialized Monte Carlo engine with 500 simulations
2026-01-24 11:19:11,297 - src.pricing.monte_carlo - INFO - Pricing Up-And-Out Call Barrier Option using Monte Carlo...
2026-01-24 11:19:12,503 - src.pricing.monte_carlo - INFO - Option price: 1.7837 ± 0.1785
2026-01-24 11:19:12,503 - src.pricing.monte_carlo - INFO - 95% CI: [1.4339, 2.1335]
2026-01-24 11:19:12,503 - src.pricing.monte_carlo - INFO - Pricing Up-And-Out Call Barrier Option using Monte Carlo...
2026-01-24 11:19:13,725 - src.pricing.monte_carlo - INFO - Option price: 1.8314 ± 0.1785
2026-01-24 11:19:13,726 - src.pricing.monte_carlo - INFO - 95% CI: [1.4815, 2.1813]
2026-01-24 11:19:13,726 - src.pricing.monte_carlo - INFO - Pricing Up-And-Out Call Barrier Option using Monte Carlo...
2026-01-24 11:19:15,028 - src.pricing.monte_carlo - INFO - Option price: 2.1574 ± 0.1940
2026-01-24 11:19:15,029 - src.pricing.monte_carlo - INFO - 95% CI: [1.7771, 2.5377]
2026-01-24 11:19:15,029 - src.pricing.monte_carlo - INFO - Pricing Up-And-Out Call Barrier Option using Monte Carlo...
2026-01-24 11:19:16,246 - src.pricing.monte_carlo - INFO - Option price: 1.8926 ± 0.1788
2026-01-24 11:19:16,246 - src.pricing.monte_carlo - INFO - 95% CI: [1.5422, 2.2431]
2026-01-24 11:19:16,247 - src.pricing.monte_carlo - INFO - Pricing Up-And-Out Call Barrier Option using Monte Carlo...
2026-01-24 11:19:17,465 - src.pricing.monte_carlo - INFO - Option price: 1.8381 ± 0.1747
2026-01-24 11:19:17,465 - src.pricing.monte_carlo - INFO - 95% CI: [1.4957, 2.1805]
2026-01-24 11:19:17,466 - src.pricing.monte_carlo - INFO - Pricing Up-And-Out Call Barrier Option using Monte Carlo...
2026-01-24 11:19:18,722 - src.pricing.monte_carlo - INFO - Option price: 1.9935 ± 0.1812
2026-01-24 11:19:18,722 - src.pricing.monte_carlo - INFO - 95% CI: [1.6383, 2.3487]
2026-01-24 11:19:18,723 - src.pricing.monte_carlo - INFO - Greeks computed: Delta=-0.1630, Gamma=0.4214, Vega=10.8937
2026-01-24 11:19:18,724 - src.pricing.monte_carlo - INFO - Initialized Monte Carlo engine with 500 simulations
2026-01-24 11:19:18,724 - src.pricing.monte_carlo - INFO - Pricing Up-And-Out Call Barrier Option using Monte Carlo...
2026-01-24 11:19:19,943 - src.pricing.monte_carlo - INFO - Option price: 2.0949 ± 0.1820
2026-01-24 11:19:19,944 - src.pricing.monte_carlo - INFO - 95% CI: [1.7383, 2.4516]
2026-01-24 11:19:19,944 - src.pricing.monte_carlo - INFO - Pricing Up-And-Out Call Barrier Option using Monte Carlo...
2026-01-24 11:19:21,199 - src.pricing.monte_carlo - INFO - Option price: 2.2147 ± 0.1807
2026-01-24 11:19:21,200 - src.pricing.monte_carlo - INFO - 95% CI: [1.8606, 2.5688]
2026-01-24 11:19:21,200 - src.pricing.monte_carlo - INFO - Pricing Up-And-Out Call Barrier Option using Monte Carlo...
2026-01-24 11:19:22,459 - src.pricing.monte_carlo - INFO - Option price: 2.1755 ± 0.1911
2026-01-24 11:19:22,460 - src.pricing.monte_carlo - INFO - 95% CI: [1.8009, 2.5500]
2026-01-24 11:19:22,460 - src.pricing.monte_carlo - INFO - Pricing Up-And-Out Call Barrier Option using Monte Carlo...
2026-01-24 11:19:23,714 - src.pricing.monte_carlo - INFO - Option price: 1.7963 ± 0.1740
2026-01-24 11:19:23,715 - src.pricing.monte_carlo - INFO - 95% CI: [1.4553, 2.1373]
2026-01-24 11:19:23,715 - src.pricing.monte_carlo - INFO - Pricing Up-And-Out Call Barrier Option using Monte Carlo...
2026-01-24 11:19:24,941 - src.pricing.monte_carlo - INFO - Option price: 1.9945 ± 0.1850
2026-01-24 11:19:24,941 - src.pricing.monte_carlo - INFO - 95% CI: [1.6319, 2.3571]
2026-01-24 11:19:24,942 - src.pricing.monte_carlo - INFO - Pricing Up-And-Out Call Barrier Option using Monte Carlo...
2026-01-24 11:19:26,192 - src.pricing.monte_carlo - INFO - Option price: 1.6523 ± 0.1668
2026-01-24 11:19:26,192 - src.pricing.monte_carlo - INFO - 95% CI: [1.3253, 1.9793]
2026-01-24 11:19:26,193 - src.pricing.monte_carlo - INFO - Greeks computed: Delta=0.0196, Gamma=0.2003, Vega=-29.8682
2026-01-24 11:19:26,194 - src.pricing.monte_carlo - INFO - Initialized Monte Carlo engine with 500 simulations
2026-01-24 11:19:26,194 - src.pricing.monte_carlo - INFO - Pricing Up-And-Out Call Barrier Option using Monte Carlo...
2026-01-24 11:19:27,450 - src.pricing.monte_carlo - INFO - Option price: 1.7919 ± 0.1793
2026-01-24 11:19:27,451 - src.pricing.monte_carlo - INFO - 95% CI: [1.4405, 2.1433]
2026-01-24 11:19:27,452 - src.pricing.monte_carlo - INFO - Pricing Up-And-Out Call Barrier Option using Monte Carlo...
2026-01-24 11:19:28,710 - src.pricing.monte_carlo - INFO - Option price: 2.3614 ± 0.2024
2026-01-24 11:19:28,711 - src.pricing.monte_carlo - INFO - 95% CI: [1.9647, 2.7581]
2026-01-24 11:19:28,711 - src.pricing.monte_carlo - INFO - Pricing Up-And-Out Call Barrier Option using Monte Carlo...
2026-01-24 11:19:29,956 - src.pricing.monte_carlo - INFO - Option price: 1.9224 ± 0.1800
2026-01-24 11:19:29,956 - src.pricing.monte_carlo - INFO - 95% CI: [1.5696, 2.2752]
2026-01-24 11:19:29,957 - src.pricing.monte_carlo - INFO - Pricing Up-And-Out Call Barrier Option using Monte Carlo...
2026-01-24 11:19:31,223 - src.pricing.monte_carlo - INFO - Option price: 2.1721 ± 0.1885
2026-01-24 11:19:31,224 - src.pricing.monte_carlo - INFO - 95% CI: [1.8026, 2.5416]
2026-01-24 11:19:31,224 - src.pricing.monte_carlo - INFO - Pricing Up-And-Out Call Barrier Option using Monte Carlo...
2026-01-24 11:19:32,465 - src.pricing.monte_carlo - INFO - Option price: 2.0856 ± 0.1885
2026-01-24 11:19:32,465 - src.pricing.monte_carlo - INFO - 95% CI: [1.7161, 2.4551]
2026-01-24 11:19:32,466 - src.pricing.monte_carlo - INFO - Pricing Up-And-Out Call Barrier Option using Monte Carlo...
2026-01-24 11:19:33,729 - src.pricing.monte_carlo - INFO - Option price: 2.0510 ± 0.1851
2026-01-24 11:19:33,730 - src.pricing.monte_carlo - INFO - 95% CI: [1.6882, 2.4139]
2026-01-24 11:19:33,731 - src.pricing.monte_carlo - INFO - Greeks computed: Delta=0.2195, Gamma=0.7000, Vega=38.0215
2026-01-24 11:19:33,731 - src.pricing.monte_carlo - INFO - Initialized Monte Carlo engine with 500 simulations
2026-01-24 11:19:33,732 - src.pricing.monte_carlo - INFO - Pricing Up-And-Out Call Barrier Option using Monte Carlo...
2026-01-24 11:19:34,960 - src.pricing.monte_carlo - INFO - Option price: 2.2318 ± 0.1949
2026-01-24 11:19:34,960 - src.pricing.monte_carlo - INFO - 95% CI: [1.8497, 2.6139]
2026-01-24 11:19:34,961 - src.pricing.monte_carlo - INFO - Pricing Up-And-Out Call Barrier Option using Monte Carlo...
2026-01-24 11:19:36,234 - src.pricing.monte_carlo - INFO - Option price: 2.4114 ± 0.2042
2026-01-24 11:19:36,234 - src.pricing.monte_carlo - INFO - 95% CI: [2.0113, 2.8116]
2026-01-24 11:19:36,235 - src.pricing.monte_carlo - INFO - Pricing Up-And-Out Call Barrier Option using Monte Carlo...
2026-01-24 11:19:37,606 - src.pricing.monte_carlo - INFO - Option price: 1.8554 ± 0.1708
2026-01-24 11:19:37,606 - src.pricing.monte_carlo - INFO - 95% CI: [1.5207, 2.1902]
2026-01-24 11:19:37,607 - src.pricing.monte_carlo - INFO - Pricing Up-And-Out Call Barrier Option using Monte Carlo...
2026-01-24 11:19:38,937 - src.pricing.monte_carlo - INFO - Option price: 2.1764 ± 0.1840
2026-01-24 11:19:38,937 - src.pricing.monte_carlo - INFO - 95% CI: [1.8157, 2.5371]
2026-01-24 11:19:38,938 - src.pricing.monte_carlo - INFO - Pricing Up-And-Out Call Barrier Option using Monte Carlo...
2026-01-24 11:19:40,184 - src.pricing.monte_carlo - INFO - Option price: 1.9584 ± 0.1872
2026-01-24 11:19:40,184 - src.pricing.monte_carlo - INFO - 95% CI: [1.5915, 2.3253]
2026-01-24 11:19:40,185 - src.pricing.monte_carlo - INFO - Pricing Up-And-Out Call Barrier Option using Monte Carlo...
2026-01-24 11:19:41,416 - src.pricing.monte_carlo - INFO - Option price: 2.2936 ± 0.1864
2026-01-24 11:19:41,416 - src.pricing.monte_carlo - INFO - 95% CI: [1.9283, 2.6589]
2026-01-24 11:19:41,417 - src.pricing.monte_carlo - INFO - Greeks computed: Delta=0.2780, Gamma=-0.1967, Vega=-5.5417
2026-01-24 11:19:41,417 - src.pricing.monte_carlo - INFO - Initialized Monte Carlo engine with 500 simulations
2026-01-24 11:19:41,418 - src.pricing.monte_carlo - INFO - Pricing Up-And-Out Call Barrier Option using Monte Carlo...
2026-01-24 11:19:42,656 - src.pricing.monte_carlo - INFO - Option price: 1.8384 ± 0.1756
2026-01-24 11:19:42,657 - src.pricing.monte_carlo - INFO - 95% CI: [1.4943, 2.1825]
2026-01-24 11:19:42,657 - src.pricing.monte_carlo - INFO - Pricing Up-And-Out Call Barrier Option using Monte Carlo...
2026-01-24 11:19:43,874 - src.pricing.monte_carlo - INFO - Option price: 1.9919 ± 0.1862
2026-01-24 11:19:43,875 - src.pricing.monte_carlo - INFO - 95% CI: [1.6269, 2.3570]
2026-01-24 11:19:43,875 - src.pricing.monte_carlo - INFO - Pricing Up-And-Out Call Barrier Option using Monte Carlo...
2026-01-24 11:19:45,127 - src.pricing.monte_carlo - INFO - Option price: 2.2614 ± 0.1913
2026-01-24 11:19:45,127 - src.pricing.monte_carlo - INFO - 95% CI: [1.8865, 2.6362]
2026-01-24 11:19:45,128 - src.pricing.monte_carlo - INFO - Pricing Up-And-Out Call Barrier Option using Monte Carlo...
2026-01-24 11:19:46,373 - src.pricing.monte_carlo - INFO - Option price: 1.9329 ± 0.1744
2026-01-24 11:19:46,373 - src.pricing.monte_carlo - INFO - 95% CI: [1.5911, 2.2747]
2026-01-24 11:19:46,374 - src.pricing.monte_carlo - INFO - Pricing Up-And-Out Call Barrier Option using Monte Carlo...
2026-01-24 11:19:47,581 - src.pricing.monte_carlo - INFO - Option price: 2.0851 ± 0.1874
2026-01-24 11:19:47,581 - src.pricing.monte_carlo - INFO - 95% CI: [1.7178, 2.4524]
2026-01-24 11:19:47,581 - src.pricing.monte_carlo - INFO - Pricing Up-And-Out Call Barrier Option using Monte Carlo...
2026-01-24 11:19:48,798 - src.pricing.monte_carlo - INFO - Option price: 2.2664 ± 0.1943
2026-01-24 11:19:48,798 - src.pricing.monte_carlo - INFO - 95% CI: [1.8856, 2.6471]
2026-01-24 11:19:48,799 - src.pricing.monte_carlo - INFO - Greeks computed: Delta=-0.1347, Gamma=0.5765, Vega=9.4479
2026-01-24 11:19:48,800 - src.pricing.monte_carlo - INFO - Initialized Monte Carlo engine with 500 simulations
2026-01-24 11:19:48,800 - src.pricing.monte_carlo - INFO - Pricing Up-And-Out Call Barrier Option using Monte Carlo...
2026-01-24 11:19:50,036 - src.pricing.monte_carlo - INFO - Option price: 2.0355 ± 0.1885
2026-01-24 11:19:50,036 - src.pricing.monte_carlo - INFO - 95% CI: [1.6660, 2.4051]
2026-01-24 11:19:50,037 - src.pricing.monte_carlo - INFO - Pricing Up-And-Out Call Barrier Option using Monte Carlo...
2026-01-24 11:19:51,263 - src.pricing.monte_carlo - INFO - Option price: 2.1095 ± 0.1908
2026-01-24 11:19:51,264 - src.pricing.monte_carlo - INFO - 95% CI: [1.7355, 2.4836]
2026-01-24 11:19:51,264 - src.pricing.monte_carlo - INFO - Pricing Up-And-Out Call Barrier Option using Monte Carlo...
2026-01-24 11:19:52,491 - src.pricing.monte_carlo - INFO - Option price: 2.0957 ± 0.1818
2026-01-24 11:19:52,492 - src.pricing.monte_carlo - INFO - 95% CI: [1.7393, 2.4521]
2026-01-24 11:19:52,492 - src.pricing.monte_carlo - INFO - Pricing Up-And-Out Call Barrier Option using Monte Carlo...
2026-01-24 11:19:53,718 - src.pricing.monte_carlo - INFO - Option price: 2.0127 ± 0.1839
2026-01-24 11:19:53,719 - src.pricing.monte_carlo - INFO - 95% CI: [1.6523, 2.3731]
2026-01-24 11:19:53,719 - src.pricing.monte_carlo - INFO - Pricing Up-And-Out Call Barrier Option using Monte Carlo...
2026-01-24 11:19:54,947 - src.pricing.monte_carlo - INFO - Option price: 1.8975 ± 0.1759
2026-01-24 11:19:54,947 - src.pricing.monte_carlo - INFO - 95% CI: [1.5528, 2.2423]
2026-01-24 11:19:54,948 - src.pricing.monte_carlo - INFO - Pricing Up-And-Out Call Barrier Option using Monte Carlo...
2026-01-24 11:19:56,156 - src.pricing.monte_carlo - INFO - Option price: 1.9223 ± 0.1810
2026-01-24 11:19:56,156 - src.pricing.monte_carlo - INFO - 95% CI: [1.5676, 2.2770]
2026-01-24 11:19:56,157 - src.pricing.monte_carlo - INFO - Greeks computed: Delta=0.0069, Gamma=0.1342, Vega=-2.2805
2026-01-24 11:19:56,158 - src.pricing.monte_carlo - INFO - Initialized Monte Carlo engine with 500 simulations
2026-01-24 11:19:56,158 - src.pricing.monte_carlo - INFO - Pricing Up-And-Out Call Barrier Option using Monte Carlo...
2026-01-24 11:19:57,381 - src.pricing.monte_carlo - INFO - Option price: 1.9907 ± 0.1908
2026-01-24 11:19:57,381 - src.pricing.monte_carlo - INFO - 95% CI: [1.6167, 2.3646]
2026-01-24 11:19:57,382 - src.pricing.monte_carlo - INFO - Pricing Up-And-Out Call Barrier Option using Monte Carlo...
2026-01-24 11:19:58,612 - src.pricing.monte_carlo - INFO - Option price: 2.1876 ± 0.1882
2026-01-24 11:19:58,612 - src.pricing.monte_carlo - INFO - 95% CI: [1.8187, 2.5565]
2026-01-24 11:19:58,613 - src.pricing.monte_carlo - INFO - Pricing Up-And-Out Call Barrier Option using Monte Carlo...
2026-01-24 11:19:59,837 - src.pricing.monte_carlo - INFO - Option price: 1.6062 ± 0.1615
2026-01-24 11:19:59,838 - src.pricing.monte_carlo - INFO - 95% CI: [1.2897, 1.9227]
2026-01-24 11:19:59,838 - src.pricing.monte_carlo - INFO - Pricing Up-And-Out Call Barrier Option using Monte Carlo...
2026-01-24 11:20:01,078 - src.pricing.monte_carlo - INFO - Option price: 2.1274 ± 0.1975
2026-01-24 11:20:01,079 - src.pricing.monte_carlo - INFO - 95% CI: [1.7402, 2.5145]
2026-01-24 11:20:01,079 - src.pricing.monte_carlo - INFO - Pricing Up-And-Out Call Barrier Option using Monte Carlo...
2026-01-24 11:20:02,309 - src.pricing.monte_carlo - INFO - Option price: 2.0415 ± 0.1900
2026-01-24 11:20:02,312 - src.pricing.monte_carlo - INFO - 95% CI: [1.6691, 2.4139]
2026-01-24 11:20:02,313 - src.pricing.monte_carlo - INFO - Pricing Up-And-Out Call Barrier Option using Monte Carlo...
2026-01-24 11:20:03,571 - src.pricing.monte_carlo - INFO - Option price: 2.0505 ± 0.1927
2026-01-24 11:20:03,571 - src.pricing.monte_carlo - INFO - 95% CI: [1.6728, 2.4281]
2026-01-24 11:20:03,572 - src.pricing.monte_carlo - INFO - Greeks computed: Delta=0.2907, Gamma=-0.1875, Vega=13.6736
2026-01-24 11:20:03,573 - src.pricing.monte_carlo - INFO - Initialized Monte Carlo engine with 500 simulations
2026-01-24 11:20:03,573 - src.pricing.monte_carlo - INFO - Pricing Up-And-Out Call Barrier Option using Monte Carlo...
2026-01-24 11:20:04,870 - src.pricing.monte_carlo - INFO - Option price: 1.9693 ± 0.1815
2026-01-24 11:20:04,870 - src.pricing.monte_carlo - INFO - 95% CI: [1.6136, 2.3250]
2026-01-24 11:20:04,872 - src.pricing.monte_carlo - INFO - Pricing Up-And-Out Call Barrier Option using Monte Carlo...
2026-01-24 11:20:06,118 - src.pricing.monte_carlo - INFO - Option price: 2.0673 ± 0.1811
2026-01-24 11:20:06,119 - src.pricing.monte_carlo - INFO - 95% CI: [1.7124, 2.4222]
2026-01-24 11:20:06,120 - src.pricing.monte_carlo - INFO - Pricing Up-And-Out Call Barrier Option using Monte Carlo...
2026-01-24 11:20:07,351 - src.pricing.monte_carlo - INFO - Option price: 2.1023 ± 0.1860
2026-01-24 11:20:07,351 - src.pricing.monte_carlo - INFO - 95% CI: [1.7377, 2.4668]
2026-01-24 11:20:07,352 - src.pricing.monte_carlo - INFO - Pricing Up-And-Out Call Barrier Option using Monte Carlo...
2026-01-24 11:20:08,607 - src.pricing.monte_carlo - INFO - Option price: 1.8565 ± 0.1712
2026-01-24 11:20:08,608 - src.pricing.monte_carlo - INFO - 95% CI: [1.5210, 2.1920]
2026-01-24 11:20:08,609 - src.pricing.monte_carlo - INFO - Pricing Up-And-Out Call Barrier Option using Monte Carlo...
2026-01-24 11:20:09,847 - src.pricing.monte_carlo - INFO - Option price: 2.0139 ± 0.1854
2026-01-24 11:20:09,847 - src.pricing.monte_carlo - INFO - 95% CI: [1.6506, 2.3772]
2026-01-24 11:20:09,848 - src.pricing.monte_carlo - INFO - Pricing Up-And-Out Call Barrier Option using Monte Carlo...
2026-01-24 11:20:11,078 - src.pricing.monte_carlo - INFO - Option price: 1.9264 ± 0.1717
2026-01-24 11:20:11,079 - src.pricing.monte_carlo - INFO - 95% CI: [1.5898, 2.2630]
2026-01-24 11:20:11,079 - src.pricing.monte_carlo - INFO - Greeks computed: Delta=-0.0175, Gamma=0.2310, Vega=-11.2775
2026-01-24 11:20:11,080 - src.pricing.monte_carlo - INFO - Initialized Monte Carlo engine with 500 simulations
2026-01-24 11:20:11,081 - src.pricing.monte_carlo - INFO - Pricing Up-And-Out Call Barrier Option using Monte Carlo...
2026-01-24 11:20:12,310 - src.pricing.monte_carlo - INFO - Option price: 2.0403 ± 0.1822
2026-01-24 11:20:12,311 - src.pricing.monte_carlo - INFO - 95% CI: [1.6832, 2.3973]
2026-01-24 11:20:12,312 - src.pricing.monte_carlo - INFO - Pricing Up-And-Out Call Barrier Option using Monte Carlo...
2026-01-24 11:20:13,547 - src.pricing.monte_carlo - INFO - Option price: 2.1467 ± 0.1916
2026-01-24 11:20:13,548 - src.pricing.monte_carlo - INFO - 95% CI: [1.7711, 2.5223]
2026-01-24 11:20:13,548 - src.pricing.monte_carlo - INFO - Pricing Up-And-Out Call Barrier Option using Monte Carlo...
2026-01-24 11:20:14,792 - src.pricing.monte_carlo - INFO - Option price: 1.8491 ± 0.1739
2026-01-24 11:20:14,793 - src.pricing.monte_carlo - INFO - 95% CI: [1.5081, 2.1900]
2026-01-24 11:20:14,794 - src.pricing.monte_carlo - INFO - Pricing Up-And-Out Call Barrier Option using Monte Carlo...
2026-01-24 11:20:16,041 - src.pricing.monte_carlo - INFO - Option price: 1.9528 ± 0.1893
2026-01-24 11:20:16,042 - src.pricing.monte_carlo - INFO - 95% CI: [1.5819, 2.3238]
2026-01-24 11:20:16,042 - src.pricing.monte_carlo - INFO - Pricing Up-And-Out Call Barrier Option using Monte Carlo...
2026-01-24 11:20:17,297 - src.pricing.monte_carlo - INFO - Option price: 1.8548 ± 0.1760
2026-01-24 11:20:17,297 - src.pricing.monte_carlo - INFO - 95% CI: [1.5098, 2.1998]
2026-01-24 11:20:17,298 - src.pricing.monte_carlo - INFO - Pricing Up-And-Out Call Barrier Option using Monte Carlo...
2026-01-24 11:20:18,553 - src.pricing.monte_carlo - INFO - Option price: 1.9913 ± 0.1793
2026-01-24 11:20:18,553 - src.pricing.monte_carlo - INFO - 95% CI: [1.6399, 2.3427]
2026-01-24 11:20:18,554 - src.pricing.monte_carlo - INFO - Greeks computed: Delta=0.1488, Gamma=-0.0848, Vega=-8.7430
2026-01-24 11:20:18,555 - src.pricing.monte_carlo - INFO - Initialized Monte Carlo engine with 500 simulations
2026-01-24 11:20:18,555 - src.pricing.monte_carlo - INFO - Pricing Up-And-Out Call Barrier Option using Monte Carlo...
2026-01-24 11:20:19,800 - src.pricing.monte_carlo - INFO - Option price: 2.2525 ± 0.1953
2026-01-24 11:20:19,801 - src.pricing.monte_carlo - INFO - 95% CI: [1.8697, 2.6353]
2026-01-24 11:20:19,801 - src.pricing.monte_carlo - INFO - Pricing Up-And-Out Call Barrier Option using Monte Carlo...
2026-01-24 11:20:21,045 - src.pricing.monte_carlo - INFO - Option price: 1.7744 ± 0.1733
2026-01-24 11:20:21,046 - src.pricing.monte_carlo - INFO - 95% CI: [1.4348, 2.1140]
2026-01-24 11:20:21,046 - src.pricing.monte_carlo - INFO - Pricing Up-And-Out Call Barrier Option using Monte Carlo...
2026-01-24 11:20:22,296 - src.pricing.monte_carlo - INFO - Option price: 1.7838 ± 0.1701
2026-01-24 11:20:22,296 - src.pricing.monte_carlo - INFO - 95% CI: [1.4505, 2.1171]
2026-01-24 11:20:22,297 - src.pricing.monte_carlo - INFO - Pricing Up-And-Out Call Barrier Option using Monte Carlo...
2026-01-24 11:20:23,519 - src.pricing.monte_carlo - INFO - Option price: 1.9423 ± 0.1775
2026-01-24 11:20:23,520 - src.pricing.monte_carlo - INFO - 95% CI: [1.5944, 2.2903]
2026-01-24 11:20:23,521 - src.pricing.monte_carlo - INFO - Pricing Up-And-Out Call Barrier Option using Monte Carlo...
2026-01-24 11:20:24,752 - src.pricing.monte_carlo - INFO - Option price: 2.1544 ± 0.1898
2026-01-24 11:20:24,752 - src.pricing.monte_carlo - INFO - 95% CI: [1.7825, 2.5264]
2026-01-24 11:20:24,753 - src.pricing.monte_carlo - INFO - Pricing Up-And-Out Call Barrier Option using Monte Carlo...
2026-01-24 11:20:26,009 - src.pricing.monte_carlo - INFO - Option price: 2.0030 ± 0.1749
2026-01-24 11:20:26,009 - src.pricing.monte_carlo - INFO - 95% CI: [1.6602, 2.3458]
2026-01-24 11:20:26,010 - src.pricing.monte_carlo - INFO - Greeks computed: Delta=-0.0047, Gamma=-0.9468, Vega=-31.0176
2026-01-24 11:20:26,010 - src.pricing.monte_carlo - INFO - Initialized Monte Carlo engine with 500 simulations
2026-01-24 11:20:26,011 - src.pricing.monte_carlo - INFO - Pricing Up-And-Out Call Barrier Option using Monte Carlo...
2026-01-24 11:20:27,229 - src.pricing.monte_carlo - INFO - Option price: 1.7246 ± 0.1748
2026-01-24 11:20:27,229 - src.pricing.monte_carlo - INFO - 95% CI: [1.3820, 2.0672]
2026-01-24 11:20:27,230 - src.pricing.monte_carlo - INFO - Pricing Up-And-Out Call Barrier Option using Monte Carlo...
2026-01-24 11:20:28,463 - src.pricing.monte_carlo - INFO - Option price: 2.6420 ± 0.2116
2026-01-24 11:20:28,464 - src.pricing.monte_carlo - INFO - 95% CI: [2.2273, 3.0567]
2026-01-24 11:20:28,465 - src.pricing.monte_carlo - INFO - Pricing Up-And-Out Call Barrier Option using Monte Carlo...
2026-01-24 11:20:29,706 - src.pricing.monte_carlo - INFO - Option price: 2.1392 ± 0.1849
2026-01-24 11:20:29,706 - src.pricing.monte_carlo - INFO - 95% CI: [1.7768, 2.5017]
2026-01-24 11:20:29,707 - src.pricing.monte_carlo - INFO - Pricing Up-And-Out Call Barrier Option using Monte Carlo...
2026-01-24 11:20:30,939 - src.pricing.monte_carlo - INFO - Option price: 2.1772 ± 0.1902
2026-01-24 11:20:30,940 - src.pricing.monte_carlo - INFO - 95% CI: [1.8044, 2.5500]
2026-01-24 11:20:30,941 - src.pricing.monte_carlo - INFO - Pricing Up-And-Out Call Barrier Option using Monte Carlo...
2026-01-24 11:20:32,174 - src.pricing.monte_carlo - INFO - Option price: 1.9069 ± 0.1801
2026-01-24 11:20:32,174 - src.pricing.monte_carlo - INFO - 95% CI: [1.5540, 2.2599]
2026-01-24 11:20:32,175 - src.pricing.monte_carlo - INFO - Pricing Up-And-Out Call Barrier Option using Monte Carlo...
2026-01-24 11:20:33,411 - src.pricing.monte_carlo - INFO - Option price: 1.8107 ± 0.1720
2026-01-24 11:20:33,411 - src.pricing.monte_carlo - INFO - 95% CI: [1.4736, 2.1477]
2026-01-24 11:20:33,411 - src.pricing.monte_carlo - INFO - Greeks computed: Delta=0.2514, Gamma=1.3320, Vega=45.2639
2026-01-24 11:20:33,412 - src.pricing.monte_carlo - INFO - Initialized Monte Carlo engine with 500 simulations
2026-01-24 11:20:33,412 - src.pricing.monte_carlo - INFO - Pricing Up-And-Out Call Barrier Option using Monte Carlo...
2026-01-24 11:20:34,658 - src.pricing.monte_carlo - INFO - Option price: 1.9212 ± 0.1788
2026-01-24 11:20:34,659 - src.pricing.monte_carlo - INFO - 95% CI: [1.5708, 2.2717]
2026-01-24 11:20:34,659 - src.pricing.monte_carlo - INFO - Pricing Up-And-Out Call Barrier Option using Monte Carlo...
2026-01-24 11:20:35,907 - src.pricing.monte_carlo - INFO - Option price: 2.0736 ± 0.1871
2026-01-24 11:20:35,907 - src.pricing.monte_carlo - INFO - 95% CI: [1.7069, 2.4403]
2026-01-24 11:20:35,908 - src.pricing.monte_carlo - INFO - Pricing Up-And-Out Call Barrier Option using Monte Carlo...
2026-01-24 11:20:37,149 - src.pricing.monte_carlo - INFO - Option price: 2.1462 ± 0.1897
2026-01-24 11:20:37,150 - src.pricing.monte_carlo - INFO - 95% CI: [1.7744, 2.5181]
2026-01-24 11:20:37,150 - src.pricing.monte_carlo - INFO - Pricing Up-And-Out Call Barrier Option using Monte Carlo...
2026-01-24 11:20:38,389 - src.pricing.monte_carlo - INFO - Option price: 2.5203 ± 0.2049
2026-01-24 11:20:38,390 - src.pricing.monte_carlo - INFO - 95% CI: [2.1186, 2.9220]
2026-01-24 11:20:38,391 - src.pricing.monte_carlo - INFO - Pricing Up-And-Out Call Barrier Option using Monte Carlo...
2026-01-24 11:20:39,606 - src.pricing.monte_carlo - INFO - Option price: 2.0385 ± 0.1851
2026-01-24 11:20:39,607 - src.pricing.monte_carlo - INFO - 95% CI: [1.6757, 2.4012]
2026-01-24 11:20:39,607 - src.pricing.monte_carlo - INFO - Pricing Up-And-Out Call Barrier Option using Monte Carlo...
2026-01-24 11:20:40,872 - src.pricing.monte_carlo - INFO - Option price: 2.1909 ± 0.1854
2026-01-24 11:20:40,872 - src.pricing.monte_carlo - INFO - 95% CI: [1.8275, 2.5542]
2026-01-24 11:20:40,873 - src.pricing.monte_carlo - INFO - Greeks computed: Delta=-0.0363, Gamma=0.3774, Vega=59.9064
2026-01-24 11:20:40,873 - src.pricing.monte_carlo - INFO - Initialized Monte Carlo engine with 500 simulations
2026-01-24 11:20:40,874 - src.pricing.monte_carlo - INFO - Pricing Up-And-Out Call Barrier Option using Monte Carlo...
2026-01-24 11:20:42,139 - src.pricing.monte_carlo - INFO - Option price: 1.8201 ± 0.1784
2026-01-24 11:20:42,140 - src.pricing.monte_carlo - INFO - 95% CI: [1.4705, 2.1697]
2026-01-24 11:20:42,141 - src.pricing.monte_carlo - INFO - Pricing Up-And-Out Call Barrier Option using Monte Carlo...
2026-01-24 11:20:43,348 - src.pricing.monte_carlo - INFO - Option price: 2.2205 ± 0.1909
2026-01-24 11:20:43,349 - src.pricing.monte_carlo - INFO - 95% CI: [1.8463, 2.5947]
2026-01-24 11:20:43,349 - src.pricing.monte_carlo - INFO - Pricing Up-And-Out Call Barrier Option using Monte Carlo...
2026-01-24 11:20:44,583 - src.pricing.monte_carlo - INFO - Option price: 2.2448 ± 0.1902
2026-01-24 11:20:44,584 - src.pricing.monte_carlo - INFO - 95% CI: [1.8721, 2.6176]
2026-01-24 11:20:44,584 - src.pricing.monte_carlo - INFO - Pricing Up-And-Out Call Barrier Option using Monte Carlo...
2026-01-24 11:20:45,867 - src.pricing.monte_carlo - INFO - Option price: 1.9132 ± 0.1790
2026-01-24 11:20:45,868 - src.pricing.monte_carlo - INFO - 95% CI: [1.5623, 2.2640]
2026-01-24 11:20:45,868 - src.pricing.monte_carlo - INFO - Pricing Up-And-Out Call Barrier Option using Monte Carlo...
2026-01-24 11:20:47,116 - src.pricing.monte_carlo - INFO - Option price: 2.0179 ± 0.1759
2026-01-24 11:20:47,116 - src.pricing.monte_carlo - INFO - 95% CI: [1.6731, 2.3627]
2026-01-24 11:20:47,117 - src.pricing.monte_carlo - INFO - Pricing Up-And-Out Call Barrier Option using Monte Carlo...
2026-01-24 11:20:48,355 - src.pricing.monte_carlo - INFO - Option price: 1.7233 ± 0.1669
2026-01-24 11:20:48,356 - src.pricing.monte_carlo - INFO - 95% CI: [1.3961, 2.0505]
2026-01-24 11:20:48,356 - src.pricing.monte_carlo - INFO - Greeks computed: Delta=-0.0122, Gamma=0.8252, Vega=9.3087
2026-01-24 11:20:48,357 - src.pricing.monte_carlo - INFO - Initialized Monte Carlo engine with 500 simulations
2026-01-24 11:20:48,358 - src.pricing.monte_carlo - INFO - Pricing Up-And-Out Call Barrier Option using Monte Carlo...
2026-01-24 11:20:49,585 - src.pricing.monte_carlo - INFO - Option price: 1.9892 ± 0.1872
2026-01-24 11:20:49,585 - src.pricing.monte_carlo - INFO - 95% CI: [1.6223, 2.3561]
2026-01-24 11:20:49,586 - src.pricing.monte_carlo - INFO - Pricing Up-And-Out Call Barrier Option using Monte Carlo...
2026-01-24 11:20:50,812 - src.pricing.monte_carlo - INFO - Option price: 1.8412 ± 0.1721
2026-01-24 11:20:50,812 - src.pricing.monte_carlo - INFO - 95% CI: [1.5038, 2.1786]
2026-01-24 11:20:50,813 - src.pricing.monte_carlo - INFO - Pricing Up-And-Out Call Barrier Option using Monte Carlo...
2026-01-24 11:20:52,041 - src.pricing.monte_carlo - INFO - Option price: 1.9754 ± 0.1800
2026-01-24 11:20:52,042 - src.pricing.monte_carlo - INFO - 95% CI: [1.6226, 2.3282]
2026-01-24 11:20:52,042 - src.pricing.monte_carlo - INFO - Pricing Up-And-Out Call Barrier Option using Monte Carlo...
2026-01-24 11:20:53,236 - src.pricing.monte_carlo - INFO - Option price: 1.7592 ± 0.1724
2026-01-24 11:20:53,236 - src.pricing.monte_carlo - INFO - 95% CI: [1.4212, 2.0971]
2026-01-24 11:20:53,237 - src.pricing.monte_carlo - INFO - Pricing Up-And-Out Call Barrier Option using Monte Carlo...
2026-01-24 11:20:54,472 - src.pricing.monte_carlo - INFO - Option price: 1.9343 ± 0.1839
2026-01-24 11:20:54,473 - src.pricing.monte_carlo - INFO - 95% CI: [1.5739, 2.2948]
2026-01-24 11:20:54,473 - src.pricing.monte_carlo - INFO - Pricing Up-And-Out Call Barrier Option using Monte Carlo...
2026-01-24 11:20:55,703 - src.pricing.monte_carlo - INFO - Option price: 2.0180 ± 0.1764
2026-01-24 11:20:55,703 - src.pricing.monte_carlo - INFO - 95% CI: [1.6723, 2.3637]
2026-01-24 11:20:55,704 - src.pricing.monte_carlo - INFO - Greeks computed: Delta=-0.0671, Gamma=-0.1617, Vega=-22.9997
2026-01-24 11:20:55,705 - src.pricing.monte_carlo - INFO - Initialized Monte Carlo engine with 500 simulations
2026-01-24 11:20:55,705 - src.pricing.monte_carlo - INFO - Pricing Up-And-Out Call Barrier Option using Monte Carlo...
2026-01-24 11:20:56,930 - src.pricing.monte_carlo - INFO - Option price: 2.2397 ± 0.1835
2026-01-24 11:20:56,930 - src.pricing.monte_carlo - INFO - 95% CI: [1.8800, 2.5994]
2026-01-24 11:20:56,931 - src.pricing.monte_carlo - INFO - Pricing Up-And-Out Call Barrier Option using Monte Carlo...
2026-01-24 11:20:58,157 - src.pricing.monte_carlo - INFO - Option price: 2.1176 ± 0.1907
2026-01-24 11:20:58,157 - src.pricing.monte_carlo - INFO - 95% CI: [1.7438, 2.4913]
2026-01-24 11:20:58,158 - src.pricing.monte_carlo - INFO - Pricing Up-And-Out Call Barrier Option using Monte Carlo...
2026-01-24 11:20:59,365 - src.pricing.monte_carlo - INFO - Option price: 2.0567 ± 0.1758
2026-01-24 11:20:59,366 - src.pricing.monte_carlo - INFO - 95% CI: [1.7121, 2.4012]
2026-01-24 11:20:59,366 - src.pricing.monte_carlo - INFO - Pricing Up-And-Out Call Barrier Option using Monte Carlo...
2026-01-24 11:21:00,596 - src.pricing.monte_carlo - INFO - Option price: 1.7777 ± 0.1782
2026-01-24 11:21:00,597 - src.pricing.monte_carlo - INFO - 95% CI: [1.4283, 2.1270]
2026-01-24 11:21:00,598 - src.pricing.monte_carlo - INFO - Pricing Up-And-Out Call Barrier Option using Monte Carlo...
2026-01-24 11:21:01,811 - src.pricing.monte_carlo - INFO - Option price: 1.9852 ± 0.1787
2026-01-24 11:21:01,811 - src.pricing.monte_carlo - INFO - 95% CI: [1.6350, 2.3353]
2026-01-24 11:21:01,812 - src.pricing.monte_carlo - INFO - Pricing Up-And-Out Call Barrier Option using Monte Carlo...
2026-01-24 11:21:03,038 - src.pricing.monte_carlo - INFO - Option price: 2.3132 ± 0.1986
2026-01-24 11:21:03,038 - src.pricing.monte_carlo - INFO - 95% CI: [1.9240, 2.7024]
2026-01-24 11:21:03,039 - src.pricing.monte_carlo - INFO - Greeks computed: Delta=0.0305, Gamma=-0.3052, Vega=-46.2010
2026-01-24 11:21:03,040 - src.pricing.monte_carlo - INFO - Initialized Monte Carlo engine with 500 simulations
2026-01-24 11:21:03,040 - src.pricing.monte_carlo - INFO - Pricing Up-And-Out Call Barrier Option using Monte Carlo...
2026-01-24 11:21:04,299 - src.pricing.monte_carlo - INFO - Option price: 2.1574 ± 0.1880
2026-01-24 11:21:04,300 - src.pricing.monte_carlo - INFO - 95% CI: [1.7889, 2.5258]
2026-01-24 11:21:04,301 - src.pricing.monte_carlo - INFO - Pricing Up-And-Out Call Barrier Option using Monte Carlo...
2026-01-24 11:21:05,566 - src.pricing.monte_carlo - INFO - Option price: 1.7631 ± 0.1706
2026-01-24 11:21:05,566 - src.pricing.monte_carlo - INFO - 95% CI: [1.4287, 2.0975]
2026-01-24 11:21:05,567 - src.pricing.monte_carlo - INFO - Pricing Up-And-Out Call Barrier Option using Monte Carlo...
2026-01-24 11:21:06,856 - src.pricing.monte_carlo - INFO - Option price: 2.1909 ± 0.1907
2026-01-24 11:21:06,856 - src.pricing.monte_carlo - INFO - 95% CI: [1.8171, 2.5646]
2026-01-24 11:21:06,856 - src.pricing.monte_carlo - INFO - Pricing Up-And-Out Call Barrier Option using Monte Carlo...
2026-01-24 11:21:08,128 - src.pricing.monte_carlo - INFO - Option price: 2.2659 ± 0.1903
2026-01-24 11:21:08,129 - src.pricing.monte_carlo - INFO - 95% CI: [1.8928, 2.6389]
2026-01-24 11:21:08,130 - src.pricing.monte_carlo - INFO - Pricing Up-And-Out Call Barrier Option using Monte Carlo...
2026-01-24 11:21:09,382 - src.pricing.monte_carlo - INFO - Option price: 1.9470 ± 0.1811
2026-01-24 11:21:09,382 - src.pricing.monte_carlo - INFO - 95% CI: [1.5919, 2.3020]
2026-01-24 11:21:09,383 - src.pricing.monte_carlo - INFO - Pricing Up-And-Out Call Barrier Option using Monte Carlo...
2026-01-24 11:21:10,671 - src.pricing.monte_carlo - INFO - Option price: 2.4874 ± 0.2006
2026-01-24 11:21:10,671 - src.pricing.monte_carlo - INFO - 95% CI: [2.0942, 2.8806]
2026-01-24 11:21:10,672 - src.pricing.monte_carlo - INFO - Greeks computed: Delta=-0.2139, Gamma=-0.3608, Vega=10.8523
2026-01-24 11:21:10,673 - src.pricing.monte_carlo - INFO - Initialized Monte Carlo engine with 500 simulations
2026-01-24 11:21:10,673 - src.pricing.monte_carlo - INFO - Pricing Up-And-Out Call Barrier Option using Monte Carlo...
2026-01-24 11:21:11,909 - src.pricing.monte_carlo - INFO - Option price: 2.0666 ± 0.1888
2026-01-24 11:21:11,910 - src.pricing.monte_carlo - INFO - 95% CI: [1.6965, 2.4367]
2026-01-24 11:21:11,910 - src.pricing.monte_carlo - INFO - Pricing Up-And-Out Call Barrier Option using Monte Carlo...
2026-01-24 11:21:13,142 - src.pricing.monte_carlo - INFO - Option price: 2.0596 ± 0.1798
2026-01-24 11:21:13,143 - src.pricing.monte_carlo - INFO - 95% CI: [1.7073, 2.4120]
2026-01-24 11:21:13,143 - src.pricing.monte_carlo - INFO - Pricing Up-And-Out Call Barrier Option using Monte Carlo...
2026-01-24 11:21:14,318 - src.pricing.monte_carlo - INFO - Option price: 2.0460 ± 0.1812
2026-01-24 11:21:14,318 - src.pricing.monte_carlo - INFO - 95% CI: [1.6908, 2.4012]
2026-01-24 11:21:14,319 - src.pricing.monte_carlo - INFO - Pricing Up-And-Out Call Barrier Option using Monte Carlo...
2026-01-24 11:21:15,527 - src.pricing.monte_carlo - INFO - Option price: 2.3000 ± 0.1939
2026-01-24 11:21:15,528 - src.pricing.monte_carlo - INFO - 95% CI: [1.9200, 2.6801]
2026-01-24 11:21:15,529 - src.pricing.monte_carlo - INFO - Pricing Up-And-Out Call Barrier Option using Monte Carlo...
2026-01-24 11:21:16,738 - src.pricing.monte_carlo - INFO - Option price: 1.8544 ± 0.1734
2026-01-24 11:21:16,739 - src.pricing.monte_carlo - INFO - 95% CI: [1.5145, 2.1943]
2026-01-24 11:21:16,739 - src.pricing.monte_carlo - INFO - Pricing Up-And-Out Call Barrier Option using Monte Carlo...
2026-01-24 11:21:17,953 - src.pricing.monte_carlo - INFO - Option price: 1.8860 ± 0.1713
2026-01-24 11:21:17,954 - src.pricing.monte_carlo - INFO - 95% CI: [1.5503, 2.2217]
2026-01-24 11:21:17,955 - src.pricing.monte_carlo - INFO - Greeks computed: Delta=0.0068, Gamma=-0.0276, Vega=23.3421
2026-01-24 11:21:17,956 - src.analytics.visualization - INFO - Initialized visualizer with output dir: results\comprehensive_analysis
2026-01-24 11:21:19,830 - src.analytics.visualization - INFO - Saved plot to asset_price_paths.png
